target,target_df,rank,object,decided_by,source,count,npmi,p_given,reason
aerial,55,1,skyscraper,empirical,empirical,27,0.4929,0.4909,
aerial,55,2,dock,empirical,empirical,3,0.3088,0.0545,
aerial,55,3,river water,empirical,empirical,7,0.2667,0.1273,
aerial,55,4,traffic light,empirical,empirical,3,0.266,0.0545,
aerial,55,5,tower,empirical,empirical,3,0.2646,0.0545,
aerial,55,6,building,empirical,empirical,50,0.2582,0.9091,
aerial,55,7,flag,empirical,empirical,6,0.2554,0.1091,
aerial,55,8,bridge,empirical,empirical,4,0.2396,0.0727,
aerial,55,9,air conditioning,empirical,empirical,3,0.2346,0.0545,
aerial,55,10,pipe,empirical,empirical,3,0.1962,0.0545,
air conditioning,111,1,clothes hanging,empirical,empirical,4,0.4135,0.036,
air conditioning,111,2,folder,empirical,empirical,4,0.2756,0.036,
air conditioning,111,3,fan,empirical,empirical,3,0.2556,0.027,
air conditioning,111,4,aerial,empirical,empirical,3,0.2346,0.027,
air conditioning,111,5,blind,empirical,empirical,4,0.2278,0.036,
air conditioning,111,6,entrance,empirical,empirical,5,0.2191,0.045,
air conditioning,111,7,telephone,empirical,empirical,9,0.2178,0.0811,
air conditioning,111,8,awning,empirical,empirical,7,0.2034,0.0631,
air conditioning,111,9,hedge,empirical,empirical,5,0.1994,0.045,
air conditioning,111,10,chest,empirical,empirical,3,0.1982,0.027,
air hockey table,17,1,table football,empirical,empirical,12,0.769,0.7059,
air hockey table,17,2,billiard table,empirical,empirical,11,0.5604,0.6471,
air hockey table,17,3,arcade machine,empirical,empirical,5,0.5389,0.2941,
air hockey table,17,4,cue,empirical,empirical,4,0.473,0.2353,
air hockey table,17,5,ball,empirical,empirical,5,0.412,0.2941,
air hockey table,17,6,door frame,empirical,empirical,5,0.3513,0.2941,
air hockey table,17,7,ceiling fan,empirical,empirical,4,0.3495,0.2353,
air hockey table,17,8,television,empirical,empirical,5,0.3188,0.2941,
air hockey table,17,9,sofa,empirical,empirical,4,0.2238,0.2353,
air hockey table,17,10,picture,empirical,empirical,6,0.2095,0.3529,
air vent,26,1,small table,empirical,empirical,6,0.4468,0.2308,
air vent,26,2,conference table,empirical,empirical,4,0.4456,0.1538,
air vent,26,3,candle,empirical,empirical,4,0.345,0.1538,
air vent,26,4,ottoman,empirical,empirical,4,0.3306,0.1538,
air vent,26,5,door frame,empirical,empirical,4,0.2631,0.1538,
air vent,26,6,sofa,empirical,empirical,7,0.2577,0.2692,
air vent,26,7,countertop,empirical,empirical,3,0.2535,0.1154,
air vent,26,8,plant,empirical,empirical,16,0.2117,0.6154,
air vent,26,9,ceiling lamp,empirical,empirical,18,0.2098,0.6923,
air vent,26,10,painting,empirical,empirical,11,0.2072,0.4231,
aircraft,35,1,aircraft carrier,empirical,empirical,23,0.9049,0.6571,
aircraft,35,2,runway,empirical,empirical,8,0.4971,0.2286,
aircraft,35,3,sea water,empirical,empirical,25,0.4536,0.7143,
aircraft,35,4,ship,empirical,empirical,3,0.3937,0.0857,
aircraft,35,5,person standing,empirical,empirical,8,0.2104,0.2286,
aircraft,35,6,field,empirical,empirical,3,0.1408,0.0857,
aircraft,35,7,person,empirical,empirical,12,0.1273,0.3429,
aircraft,35,8,sky,empirical,empirical,26,0.1054,0.7429,
aircraft,35,9,streetlight,empirical,empirical,3,0.0983,0.0857,
aircraft,35,10,car,empirical,empirical,6,0.09,0.1714,
aircraft carrier,28,1,aircraft,empirical,empirical,23,0.9049,0.8214,
aircraft carrier,28,2,helicopter,empirical,empirical,4,0.5511,0.1429,
aircraft carrier,28,3,sea water,empirical,empirical,28,0.5153,1.0,
aircraft carrier,28,4,ship,empirical,empirical,3,0.4199,0.1071,
aircraft carrier,28,5,person standing,empirical,empirical,6,0.1944,0.2143,
aircraft carrier,28,6,person,empirical,empirical,9,0.1137,0.3214,
aircraft carrier,28,7,sky,empirical,empirical,20,0.0953,0.7143,
airplane,86,1,runway,empirical,empirical,59,0.8748,0.686,
airplane,86,2,finger,empirical,empirical,23,0.79,0.2674,
airplane,86,3,baggage cart,empirical,empirical,22,0.729,0.2558,
airplane,86,4,control tower,empirical,empirical,9,0.6024,0.1047,
airplane,86,5,truck,empirical,empirical,21,0.4366,0.2442,
airplane,86,6,steering wheel,empirical,empirical,3,0.3894,0.0349,
airplane,86,7,bus,empirical,empirical,9,0.3855,0.1047,
airplane,86,8,conveyor belt,empirical,empirical,6,0.3698,0.0698,
airplane,86,9,helicopter,empirical,empirical,3,0.3669,0.0349,
airplane,86,10,pickup,empirical,empirical,3,0.3397,0.0349,
alarm clock,25,1,headboard,empirical,empirical,8,0.653,0.32,
alarm clock,25,2,phone,empirical,empirical,6,0.5392,0.24,
alarm clock,25,3,pen,empirical,empirical,4,0.4705,0.16,
alarm clock,25,4,remote control,empirical,empirical,4,0.4546,0.16,
alarm clock,25,5,telephone,empirical,empirical,10,0.4391,0.4,
alarm clock,25,6,night table,empirical,empirical,21,0.4213,0.84,
alarm clock,25,7,bed,empirical,empirical,25,0.3766,1.0,
alarm clock,25,8,pillow,empirical,empirical,11,0.3219,0.44,
alarm clock,25,9,desk lamp,empirical,empirical,17,0.309,0.68,
alarm clock,25,10,painting,empirical,empirical,16,0.279,0.64,
altar,64,1,altarpiece,empirical,empirical,15,0.7346,0.2344,
altar,64,2,cross,empirical,empirical,20,0.651,0.3125,
altar,64,3,pulpit,empirical,empirical,11,0.6266,0.1719,
altar,64,4,vault,empirical,empirical,12,0.5965,0.1875,
altar,64,5,candelabra,empirical,empirical,13,0.5774,0.2031,
altar,64,6,bench,empirical,empirical,38,0.5238,0.5938,
altar,64,7,baptismal font,empirical,empirical,3,0.4882,0.0469,
altar,64,8,lectern,empirical,empirical,3,0.4686,0.0469,
altar,64,9,sculpture,empirical,empirical,11,0.3793,0.1719,
altar,64,10,steps,empirical,empirical,25,0.3714,0.3906,
altarpiece,22,1,altar,empirical,empirical,15,0.7346,0.6818,
altarpiece,22,2,pulpit,empirical,empirical,4,0.5565,0.1818,
altarpiece,22,3,vault,empirical,empirical,4,0.5131,0.1818,
altarpiece,22,4,cross,empirical,empirical,5,0.4986,0.2273,
altarpiece,22,5,bench,empirical,empirical,14,0.4588,0.6364,
altarpiece,22,6,steps,empirical,empirical,12,0.38,0.5455,
altarpiece,22,7,chandelier,empirical,empirical,5,0.2992,0.2273,
altarpiece,22,8,sculpture,empirical,empirical,3,0.2942,0.1364,
altarpiece,22,9,column,empirical,empirical,5,0.2094,0.2273,
altarpiece,22,10,rug,empirical,empirical,3,0.1787,0.1364,
animal,20,1,fence,empirical,empirical,6,0.2289,0.3,
animal,20,2,bush,empirical,empirical,3,0.2136,0.15,
animal,20,3,ground,empirical,empirical,6,0.1767,0.3,
animal,20,4,mountain,empirical,empirical,5,0.1432,0.25,
animal,20,5,grass,empirical,empirical,6,0.1411,0.3,
animal,20,6,tree,empirical,empirical,12,0.1165,0.6,
animal,20,7,sky,empirical,empirical,13,0.0761,0.65,
animal,20,8,person,empirical,empirical,4,0.0448,0.2,
apple,32,1,banana,empirical,empirical,9,0.7433,0.2812,
apple,32,2,grape,empirical,empirical,6,0.6975,0.1875,
apple,32,3,orange,empirical,empirical,6,0.6322,0.1875,
apple,32,4,bowl,empirical,empirical,17,0.5105,0.5312,
apple,32,5,object,empirical,empirical,4,0.4873,0.125,
apple,32,6,fruit,empirical,empirical,6,0.4616,0.1875,
apple,32,7,door handle,empirical,empirical,3,0.421,0.0938,
apple,32,8,kettle,empirical,empirical,5,0.4129,0.1562,
apple,32,9,dishwasher,empirical,empirical,8,0.3851,0.25,
apple,32,10,phone,empirical,empirical,3,0.385,0.0938,
aquarium,13,1,fish,empirical,empirical,8,0.7517,0.6154,
aquarium,13,2,door frame,empirical,empirical,3,0.3018,0.2308,
aquarium,13,3,person,empirical,empirical,7,0.1772,0.5385,
aquarium,13,4,cabinet,empirical,empirical,3,0.065,0.2308,
aquarium,13,5,door,empirical,empirical,4,0.0537,0.3077,
aquarium,13,6,wall,empirical,empirical,11,0.0523,0.8462,
aquarium,13,7,chair,empirical,empirical,3,0.0434,0.2308,
aquarium,13,8,ceiling lamp,empirical,empirical,3,0.0367,0.2308,
aquarium,13,9,floor,empirical,empirical,8,0.0306,0.6154,
aquarium,13,10,ceiling,empirical,empirical,5,0.0178,0.3846,
aqueduct,12,1,ground,empirical,empirical,5,0.2137,0.4167,
aqueduct,12,2,grass,empirical,empirical,4,0.1469,0.3333,
aqueduct,12,3,sky,empirical,empirical,12,0.1357,1.0,
aqueduct,12,4,mountain,empirical,empirical,3,0.1346,0.25,
aqueduct,12,5,tree,empirical,empirical,8,0.1242,0.6667,
arcade machine,59,1,air hockey table,empirical,empirical,5,0.5389,0.0847,
arcade machine,59,2,table football,empirical,empirical,9,0.5327,0.1525,
arcade machine,59,3,billiard table,empirical,empirical,18,0.4897,0.3051,
arcade machine,59,4,cue,empirical,empirical,8,0.4434,0.1356,
arcade machine,59,5,vending machine,empirical,empirical,5,0.3969,0.0847,
arcade machine,59,6,table tennis,empirical,empirical,3,0.384,0.0508,
arcade machine,59,7,stool,empirical,empirical,12,0.3146,0.2034,
arcade machine,59,8,door frame,empirical,empirical,7,0.2484,0.1186,
arcade machine,59,9,grille,empirical,empirical,4,0.2126,0.0678,
arcade machine,59,10,person sitting,empirical,empirical,11,0.1814,0.1864,
arch,88,1,water fountain,empirical,empirical,5,0.3447,0.0568,
arch,88,2,dome,empirical,empirical,5,0.3141,0.0568,
arch,88,3,cross,empirical,empirical,4,0.2895,0.0455,
arch,88,4,sculpture,empirical,empirical,6,0.2317,0.0682,
arch,88,5,balcony,empirical,empirical,7,0.2217,0.0795,
arch,88,6,umbrella,empirical,empirical,3,0.2094,0.0341,
arch,88,7,building,empirical,empirical,57,0.2035,0.6477,
arch,88,8,grille,empirical,empirical,5,0.1964,0.0568,
arch,88,9,path,empirical,empirical,8,0.1856,0.0909,
arch,88,10,chimney,empirical,empirical,3,0.1838,0.0341,
armchair,658,1,coffee table,empirical,empirical,160,0.5163,0.2432,
armchair,658,2,sofa,empirical,empirical,201,0.4875,0.3055,
armchair,658,3,ottoman,empirical,empirical,71,0.442,0.1079,
armchair,658,4,small table,empirical,empirical,53,0.4328,0.0805,
armchair,658,5,fireplace,empirical,empirical,75,0.425,0.114,
armchair,658,6,side table,empirical,empirical,79,0.4125,0.1201,
armchair,658,7,floor lamp,empirical,empirical,91,0.4085,0.1383,
armchair,658,8,cushion,empirical,empirical,197,0.3958,0.2994,
armchair,658,9,painting,empirical,empirical,295,0.3953,0.4483,
armchair,658,10,desk lamp,empirical,empirical,265,0.3895,0.4027,
ashtray,41,1,conference table,empirical,empirical,5,0.429,0.122,
ashtray,41,2,toaster,empirical,empirical,3,0.3604,0.0732,
ashtray,41,3,small table,empirical,empirical,5,0.357,0.122,
ashtray,41,4,bar,empirical,empirical,6,0.3546,0.1463,
ashtray,41,5,paper roll,empirical,empirical,3,0.3394,0.0732,
ashtray,41,6,teapot,empirical,empirical,3,0.2991,0.0732,
ashtray,41,7,oven,empirical,empirical,5,0.2816,0.122,
ashtray,41,8,sofa,empirical,empirical,11,0.2733,0.2683,
ashtray,41,9,cup,empirical,empirical,4,0.2568,0.0976,
ashtray,41,10,bottle,empirical,empirical,11,0.2519,0.2683,
attic,42,1,chimney,empirical,empirical,10,0.4797,0.2381,
attic,42,2,roof,empirical,empirical,4,0.3582,0.0952,
attic,42,3,house,empirical,empirical,13,0.3134,0.3095,
attic,42,4,steps,empirical,empirical,13,0.3039,0.3095,
attic,42,5,umbrella,empirical,empirical,3,0.2962,0.0714,
attic,42,6,hedge,empirical,empirical,4,0.285,0.0952,
attic,42,7,path,empirical,empirical,8,0.2837,0.1905,
attic,42,8,railing,empirical,empirical,8,0.241,0.1905,
attic,42,9,awning,empirical,empirical,4,0.2396,0.0952,
attic,42,10,balcony,empirical,empirical,4,0.2285,0.0952,
awning,199,1,shop window,empirical,empirical,35,0.4955,0.1759,
awning,199,2,sidewalk,empirical,empirical,119,0.4488,0.598,
awning,199,3,sidewalk cafe,empirical,empirical,6,0.4052,0.0302,
awning,199,4,balcony,empirical,empirical,30,0.3765,0.1508,
awning,199,5,stall,empirical,empirical,9,0.3719,0.0452,
awning,199,6,car taxi,empirical,empirical,3,0.3662,0.0151,
awning,199,7,big top,empirical,empirical,3,0.355,0.0151,
awning,199,8,road,empirical,empirical,118,0.3312,0.593,
awning,199,9,car,empirical,empirical,90,0.3272,0.4523,
awning,199,10,building,empirical,empirical,175,0.3234,0.8794,
baby carriage,13,1,umbrella,empirical,empirical,3,0.4339,0.2308,
baby carriage,13,2,person walking,empirical,empirical,5,0.3036,0.3846,
baby carriage,13,3,bag,empirical,empirical,3,0.2888,0.2308,
baby carriage,13,4,person sitting,empirical,empirical,6,0.2832,0.4615,
baby carriage,13,5,bench,empirical,empirical,3,0.2567,0.2308,
baby carriage,13,6,person,empirical,empirical,11,0.2509,0.8462,
baby carriage,13,7,person standing,empirical,empirical,4,0.2288,0.3077,
baby carriage,13,8,chair,empirical,empirical,3,0.0434,0.2308,
baby carriage,13,9,sky,empirical,empirical,6,0.0249,0.4615,
baby carriage,13,10,door,empirical,empirical,3,0.0181,0.2308,
backpack,96,1,coat,empirical,empirical,4,0.4454,0.0417,
backpack,96,2,sneaker,empirical,empirical,5,0.381,0.0521,
backpack,96,3,jacket,empirical,empirical,9,0.3768,0.0938,
backpack,96,4,suitcase,empirical,empirical,7,0.3548,0.0729,
backpack,96,5,laptop,empirical,empirical,9,0.3538,0.0938,
backpack,96,6,briefcase,empirical,empirical,4,0.3503,0.0417,
backpack,96,7,bag,empirical,empirical,19,0.3457,0.1979,
backpack,96,8,desk,empirical,empirical,22,0.2796,0.2292,
backpack,96,9,tent,empirical,empirical,3,0.2752,0.0312,
backpack,96,10,bunk bed,empirical,empirical,3,0.2629,0.0312,
badge,13,1,shop window,empirical,empirical,4,0.4329,0.3077,
badge,13,2,pane,empirical,empirical,3,0.3378,0.2308,
badge,13,3,balcony,empirical,empirical,3,0.3247,0.2308,
badge,13,4,sidewalk,empirical,empirical,8,0.2919,0.6154,
badge,13,5,road,empirical,empirical,10,0.255,0.7692,
badge,13,6,person walking,empirical,empirical,3,0.2254,0.2308,
badge,13,7,door,empirical,empirical,11,0.2014,0.8462,
badge,13,8,building,empirical,empirical,11,0.1941,0.8462,
badge,13,9,car,empirical,empirical,4,0.1566,0.3077,
badge,13,10,window,empirical,empirical,9,0.0982,0.6923,
bag,296,1,pack,empirical,empirical,11,0.3917,0.0372,
bag,296,2,suitcase,empirical,empirical,19,0.3888,0.0642,
bag,296,3,pantry,empirical,empirical,5,0.3618,0.0169,
bag,296,4,candy,empirical,empirical,4,0.3542,0.0135,
bag,296,5,purse,empirical,empirical,23,0.3535,0.0777,
bag,296,6,backpack,empirical,empirical,19,0.3457,0.0642,
bag,296,7,box,empirical,empirical,100,0.3353,0.3378,
bag,296,8,plastic bag,empirical,empirical,4,0.3339,0.0135,
bag,296,9,cap,empirical,empirical,8,0.3214,0.027,
bag,296,10,photo machine,empirical,empirical,6,0.3194,0.0203,
baggage cart,33,1,finger,empirical,empirical,13,0.781,0.3939,
baggage cart,33,2,runway,empirical,empirical,24,0.7616,0.7273,
baggage cart,33,3,airplane,empirical,empirical,22,0.729,0.6667,
baggage cart,33,4,conveyor belt,empirical,empirical,13,0.6558,0.3939,
baggage cart,33,5,control tower,empirical,empirical,3,0.5082,0.0909,
baggage cart,33,6,truck,empirical,empirical,13,0.4747,0.3939,
baggage cart,33,7,suitcase,empirical,empirical,6,0.4646,0.1818,
baggage cart,33,8,pickup,empirical,empirical,3,0.4522,0.0909,
baggage cart,33,9,car,empirical,empirical,19,0.2871,0.5758,
baggage cart,33,10,land,empirical,empirical,3,0.2593,0.0909,
balcony,218,1,shop window,empirical,empirical,27,0.4197,0.1239,
balcony,218,2,awning,empirical,empirical,30,0.3765,0.1376,
balcony,218,3,covered balcony,empirical,empirical,5,0.3554,0.0229,
balcony,218,4,sidewalk,empirical,empirical,84,0.3339,0.3853,
balcony,218,5,fire escape,empirical,empirical,4,0.3249,0.0183,
balcony,218,6,badge,empirical,empirical,3,0.3247,0.0138,
balcony,218,7,brand name,empirical,empirical,12,0.3223,0.055,
balcony,218,8,building,empirical,empirical,185,0.3194,0.8486,
balcony,218,9,van side,empirical,empirical,3,0.316,0.0138,
balcony,218,10,metal shutter,empirical,empirical,6,0.305,0.0275,
ball,163,1,cue,empirical,empirical,47,0.7104,0.2883,
ball,163,2,billiard table,empirical,empirical,71,0.6817,0.4356,
ball,163,3,club,empirical,empirical,9,0.5408,0.0552,
ball,163,4,bowling alley,empirical,empirical,6,0.5128,0.0368,
ball,163,5,skittle,empirical,empirical,6,0.5006,0.0368,
ball,163,6,table tennis,empirical,empirical,9,0.4519,0.0552,
ball,163,7,air hockey table,empirical,empirical,5,0.412,0.0307,
ball,163,8,bat,empirical,empirical,3,0.3897,0.0184,
ball,163,9,net,empirical,empirical,11,0.3848,0.0675,
ball,163,10,table football,empirical,empirical,7,0.35,0.0429,
balustrade,40,1,sculpture,empirical,empirical,5,0.3022,0.125,
balustrade,40,2,balcony,empirical,empirical,6,0.2984,0.15,
balustrade,40,3,column,empirical,empirical,12,0.2741,0.3,
balustrade,40,4,entrance,empirical,empirical,3,0.2658,0.075,
balustrade,40,5,statue,empirical,empirical,3,0.2439,0.075,
balustrade,40,6,steps,empirical,empirical,7,0.2051,0.175,
balustrade,40,7,flag,empirical,empirical,3,0.1906,0.075,
balustrade,40,8,plant pot,empirical,empirical,6,0.1676,0.15,
balustrade,40,9,staircase,empirical,empirical,4,0.1589,0.1,
balustrade,40,10,chandelier,empirical,empirical,3,0.1511,0.075,
banana,17,1,apple,empirical,empirical,9,0.7433,0.5294,
banana,17,2,grape,empirical,empirical,4,0.6907,0.2353,
banana,17,3,orange,empirical,empirical,5,0.674,0.2941,
banana,17,4,fruit,empirical,empirical,6,0.5424,0.3529,
banana,17,5,bowl,empirical,empirical,9,0.4663,0.5294,
banana,17,6,kitchen island,empirical,empirical,3,0.4185,0.1765,
banana,17,7,kettle,empirical,empirical,3,0.4024,0.1765,
banana,17,8,coffee maker,empirical,empirical,4,0.3847,0.2353,
banana,17,9,worktop,empirical,empirical,9,0.361,0.5294,
banana,17,10,oven,empirical,empirical,4,0.3539,0.2353,
bandstand,10,1,grass,empirical,empirical,8,0.2766,0.8,
bandstand,10,2,tree,empirical,empirical,9,0.1666,0.9,
bandstand,10,3,sky,empirical,empirical,9,0.1162,0.9,
bandstand,10,4,plant,empirical,empirical,3,0.0858,0.3,
bandstand,10,5,building,empirical,empirical,4,0.0792,0.4,
baptismal font,11,1,candelabra,empirical,empirical,3,0.5126,0.2727,
baptismal font,11,2,altar,empirical,empirical,3,0.4882,0.2727,
baptismal font,11,3,bench,empirical,empirical,3,0.2764,0.2727,
baptismal font,11,4,floor,empirical,empirical,11,0.0992,1.0,
baptismal font,11,5,window,empirical,empirical,6,0.0626,0.5455,
baptismal font,11,6,wall,empirical,empirical,9,0.0464,0.8182,
bar,137,1,stool,empirical,empirical,47,0.4797,0.3431,
bar,137,2,billboard,empirical,empirical,7,0.4572,0.0511,
bar,137,3,bulletin board,empirical,empirical,20,0.3767,0.146,
bar,137,4,slot machine,empirical,empirical,5,0.3628,0.0365,
bar,137,5,cash register,empirical,empirical,6,0.3578,0.0438,
bar,137,6,ashtray,empirical,empirical,6,0.3546,0.0438,
bar,137,7,bottle,empirical,empirical,46,0.3529,0.3358,
bar,137,8,showcase,empirical,empirical,15,0.3505,0.1095,
bar,137,9,glasses,empirical,empirical,5,0.3436,0.0365,
bar,137,10,glass,empirical,empirical,17,0.2915,0.1241,
barrel,43,1,tank,empirical,empirical,3,0.3503,0.0698,
barrel,43,2,bottle,empirical,empirical,11,0.2453,0.2558,
barrel,43,3,step,empirical,empirical,3,0.2081,0.0698,
barrel,43,4,fluorescent tube,empirical,empirical,4,0.1794,0.093,
barrel,43,5,person,empirical,empirical,14,0.1227,0.3256,
barrel,43,6,bench,empirical,empirical,3,0.1163,0.0698,
barrel,43,7,ceiling lamp,empirical,empirical,15,0.1051,0.3488,
barrel,43,8,column,empirical,empirical,4,0.0952,0.093,
barrel,43,9,ceiling,empirical,empirical,25,0.0868,0.5814,
barrel,43,10,box,empirical,empirical,5,0.0767,0.1163,
baseboard,25,1,hotpl,empirical,empirical,6,0.6703,0.24,
baseboard,25,2,utensils canister,empirical,empirical,4,0.5648,0.16,
baseboard,25,3,kettle,empirical,empirical,8,0.5338,0.32,
baseboard,25,4,paper roll,empirical,empirical,6,0.5213,0.24,
baseboard,25,5,extractor hood,empirical,empirical,13,0.5081,0.52,
baseboard,25,6,worktop,empirical,empirical,23,0.4985,0.92,
baseboard,25,7,knife set,empirical,empirical,3,0.4932,0.12,
baseboard,25,8,dishwasher,empirical,empirical,11,0.4804,0.44,
baseboard,25,9,sink,empirical,empirical,20,0.4585,0.8,
baseboard,25,10,drawer,empirical,empirical,14,0.4556,0.56,
basket,478,1,jar,empirical,empirical,62,0.3956,0.1297,
basket,478,2,bread,empirical,empirical,9,0.3712,0.0188,
basket,478,3,pantry,empirical,empirical,7,0.359,0.0146,
basket,478,4,fruit,empirical,empirical,23,0.3475,0.0481,
basket,478,5,vegetable,empirical,empirical,9,0.3442,0.0188,
basket,478,6,decorative plate,empirical,empirical,8,0.3358,0.0167,
basket,478,7,banana,empirical,empirical,7,0.3337,0.0146,
basket,478,8,skirt,empirical,empirical,5,0.332,0.0105,
basket,478,9,bottle,empirical,empirical,104,0.3235,0.2176,
basket,478,10,bowl,empirical,empirical,50,0.3222,0.1046,
basketball hoop,29,1,court,empirical,empirical,18,0.7686,0.6207,
basketball hoop,29,2,scoreboard,empirical,empirical,5,0.5746,0.1724,
basketball hoop,29,3,net,empirical,empirical,4,0.4244,0.1379,
basketball hoop,29,4,grandstand,empirical,empirical,6,0.4127,0.2069,
basketball hoop,29,5,ball,empirical,empirical,5,0.3453,0.1724,
basketball hoop,29,6,spotlight,empirical,empirical,3,0.2877,0.1034,
basketball hoop,29,7,fence,empirical,empirical,7,0.2052,0.2414,
basketball hoop,29,8,house,empirical,empirical,3,0.1308,0.1034,
basketball hoop,29,9,person,empirical,empirical,10,0.1249,0.3448,
basketball hoop,29,10,steps,empirical,empirical,3,0.123,0.1034,
bat,10,1,ball,empirical,empirical,3,0.3897,0.3,
bat,10,2,person,empirical,empirical,8,0.2329,0.8,
bat,10,3,grass,empirical,empirical,6,0.2296,0.6,
bat,10,4,building,empirical,empirical,3,0.0428,0.3,
bat,10,5,tree,empirical,empirical,3,0.0162,0.3,
bathtub,91,1,towel,empirical,empirical,50,0.5659,0.5495,
bathtub,91,2,toilet,empirical,empirical,43,0.5589,0.4725,
bathtub,91,3,towel rack,empirical,empirical,13,0.5512,0.1429,
bathtub,91,4,shower curtain,empirical,empirical,6,0.5354,0.0659,
bathtub,91,5,rail,empirical,empirical,12,0.5306,0.1319,
bathtub,91,6,soap,empirical,empirical,16,0.5263,0.1758,
bathtub,91,7,cistern,empirical,empirical,12,0.5245,0.1319,
bathtub,91,8,toothbrush,empirical,empirical,4,0.509,0.044,
bathtub,91,9,toilet paper,empirical,empirical,18,0.5087,0.1978,
bathtub,91,10,soap dish,empirical,empirical,8,0.4673,0.0879,
bathtube,154,1,washbasin,empirical,empirical,113,0.7343,0.7338,
bathtube,154,2,tap wrench,empirical,empirical,22,0.6307,0.1429,
bathtube,154,3,toilet,empirical,empirical,75,0.6232,0.487,
bathtube,154,4,shower screen,empirical,empirical,35,0.6131,0.2273,
bathtube,154,5,countertop,empirical,empirical,60,0.6113,0.3896,
bathtube,154,6,shower,empirical,empirical,32,0.561,0.2078,
bathtube,154,7,faucet,empirical,empirical,118,0.5575,0.7662,
bathtube,154,8,towel,empirical,empirical,64,0.5403,0.4156,
bathtube,154,9,soap dish,empirical,empirical,14,0.5095,0.0909,
bathtube,154,10,curtain rod,empirical,empirical,13,0.5011,0.0844,
beam,131,1,plank,empirical,empirical,7,0.4011,0.0534,
beam,131,2,bell,empirical,empirical,6,0.3735,0.0458,
beam,131,3,canister,empirical,empirical,3,0.353,0.0229,
beam,131,4,object,empirical,empirical,5,0.3528,0.0382,
beam,131,5,frame,empirical,empirical,4,0.3058,0.0305,
beam,131,6,dish,empirical,empirical,3,0.3031,0.0229,
beam,131,7,fork,empirical,empirical,3,0.2649,0.0229,
beam,131,8,skylight,empirical,empirical,3,0.2586,0.0229,
beam,131,9,napkin,empirical,empirical,6,0.2414,0.0458,
beam,131,10,easel,empirical,empirical,4,0.2412,0.0305,
bed,1349,1,night table,empirical,empirical,784,0.8132,0.5812,
bed,1349,2,pillow,empirical,empirical,595,0.7205,0.4411,
bed,1349,3,desk lamp,empirical,empirical,790,0.6611,0.5856,
bed,1349,4,cushion,empirical,empirical,461,0.5303,0.3417,
bed,1349,5,curtain,empirical,empirical,613,0.4699,0.4544,
bed,1349,6,wardrobe,empirical,empirical,159,0.4142,0.1179,
bed,1349,7,chest of drawer,empirical,empirical,67,0.4125,0.0497,
bed,1349,8,headboard,empirical,empirical,34,0.3909,0.0252,
bed,1349,9,alarm clock,empirical,empirical,25,0.3766,0.0185,
bed,1349,10,painting,empirical,empirical,469,0.3748,0.3477,
bell,37,1,beam,empirical,empirical,6,0.3735,0.1622,
bell,37,2,boat,empirical,empirical,3,0.2126,0.0811,
bell,37,3,balcony,empirical,empirical,3,0.2019,0.0811,
bell,37,4,handrail,empirical,empirical,3,0.1835,0.0811,
bell,37,5,person,empirical,empirical,12,0.1195,0.3243,
bell,37,6,clock,empirical,empirical,3,0.1088,0.0811,
bell,37,7,steps,empirical,empirical,3,0.0944,0.0811,
bell,37,8,building,empirical,empirical,14,0.0855,0.3784,
bell,37,9,window,empirical,empirical,18,0.0559,0.4865,
bell,37,10,plant,empirical,empirical,7,0.0351,0.1892,
bench,389,1,altar,empirical,empirical,38,0.5238,0.0977,
bench,389,2,pulpit,empirical,empirical,18,0.4774,0.0463,
bench,389,3,altarpiece,empirical,empirical,14,0.4588,0.036,
bench,389,4,locker,empirical,empirical,8,0.4104,0.0206,
bench,389,5,exercise machine,empirical,empirical,7,0.3461,0.018,
bench,389,6,lectern,empirical,empirical,5,0.3369,0.0129,
bench,389,7,vault,empirical,empirical,10,0.3099,0.0257,
bench,389,8,bus stop,empirical,empirical,4,0.3007,0.0103,
bench,389,9,tennis court,empirical,empirical,4,0.3007,0.0103,
bench,389,10,wood wall,empirical,empirical,5,0.2963,0.0129,
berth,20,1,sconce,empirical,empirical,7,0.2649,0.35,
berth,20,2,pillow,empirical,empirical,6,0.248,0.3,
berth,20,3,shelf,empirical,empirical,4,0.1296,0.2,
berth,20,4,wall,empirical,empirical,20,0.0823,1.0,
berth,20,5,floor,empirical,empirical,14,0.0515,0.7,
berth,20,6,door,empirical,empirical,5,0.0293,0.25,
berth,20,7,ceiling,empirical,empirical,8,0.0241,0.4,
berth,20,8,cabinet,empirical,empirical,3,0.0144,0.15,
berth,20,9,window,empirical,empirical,7,0.0061,0.35,
bicycle,78,1,track,empirical,empirical,5,0.4251,0.0641,
bicycle,78,2,motorbike,empirical,empirical,7,0.4243,0.0897,
bicycle,78,3,bin,empirical,empirical,3,0.3077,0.0385,
bicycle,78,4,stall,empirical,empirical,3,0.3049,0.0385,
bicycle,78,5,tent,empirical,empirical,3,0.2996,0.0385,
bicycle,78,6,awning,empirical,empirical,8,0.2715,0.1026,
bicycle,78,7,umbrella,empirical,empirical,4,0.2663,0.0513,
bicycle,78,8,clothes,empirical,empirical,4,0.2595,0.0513,
bicycle,78,9,sidewalk,empirical,empirical,26,0.2496,0.3333,
bicycle,78,10,trash can,empirical,empirical,4,0.2409,0.0513,
bidet,28,1,toilet,empirical,empirical,21,0.5682,0.75,
bidet,28,2,soap,empirical,empirical,7,0.5154,0.25,
bidet,28,3,tap wrench,empirical,empirical,4,0.5,0.1429,
bidet,28,4,toilet paper,empirical,empirical,7,0.4766,0.25,
bidet,28,5,washbasin,empirical,empirical,15,0.4741,0.5357,
bidet,28,6,shower screen,empirical,empirical,6,0.4674,0.2143,
bidet,28,7,stall shower,empirical,empirical,3,0.4528,0.1071,
bidet,28,8,soap dish,empirical,empirical,3,0.4367,0.1071,
bidet,28,9,towel,empirical,empirical,13,0.4339,0.4643,
bidet,28,10,countertop,empirical,empirical,9,0.4291,0.3214,
big top,11,1,flag,empirical,empirical,6,0.4611,0.5455,
big top,11,2,pole,empirical,empirical,6,0.3849,0.5455,
big top,11,3,awning,empirical,empirical,3,0.355,0.2727,
big top,11,4,ground,empirical,empirical,5,0.2246,0.4545,
big top,11,5,grass,empirical,empirical,6,0.2175,0.5455,
big top,11,6,tree,empirical,empirical,8,0.1357,0.7273,
big top,11,7,sky,empirical,empirical,11,0.134,1.0,
big top,11,8,person,empirical,empirical,4,0.1174,0.3636,
big top,11,9,road,empirical,empirical,3,0.0972,0.2727,
big top,11,10,building,empirical,empirical,3,0.0316,0.2727,
billboard,23,1,bar,empirical,empirical,7,0.4572,0.3043,
billboard,23,2,ladder,empirical,empirical,3,0.3629,0.1304,
billboard,23,3,poster,empirical,empirical,4,0.2789,0.1739,
billboard,23,4,stool,empirical,empirical,3,0.2112,0.1304,
billboard,23,5,person sitting,empirical,empirical,6,0.2102,0.2609,
billboard,23,6,bottle,empirical,empirical,4,0.1682,0.1739,
billboard,23,7,shelf,empirical,empirical,5,0.1436,0.2174,
billboard,23,8,person,empirical,empirical,9,0.1402,0.3913,
billboard,23,9,table,empirical,empirical,8,0.1344,0.3478,
billboard,23,10,sign,empirical,empirical,4,0.1327,0.1739,
billiard table,170,1,cue,empirical,empirical,70,0.8295,0.4118,
billiard table,170,2,ball,empirical,empirical,71,0.6817,0.4176,
billiard table,170,3,table football,empirical,empirical,27,0.6317,0.1588,
billiard table,170,4,table tennis,empirical,empirical,18,0.5953,0.1059,
billiard table,170,5,air hockey table,empirical,empirical,11,0.5604,0.0647,
billiard table,170,6,arcade machine,empirical,empirical,18,0.4897,0.1059,
billiard table,170,7,television,empirical,empirical,38,0.381,0.2235,
billiard table,170,8,sofa,empirical,empirical,50,0.362,0.2941,
billiard table,170,9,ceiling fan,empirical,empirical,23,0.3585,0.1353,
billiard table,170,10,stool,empirical,empirical,27,0.3158,0.1588,
bin,42,1,crosswalk,empirical,empirical,4,0.3813,0.0952,
bin,42,2,toaster,empirical,empirical,3,0.3576,0.0714,
bin,42,3,garage door,empirical,empirical,3,0.3553,0.0714,
bin,42,4,paper roll,empirical,empirical,3,0.3366,0.0714,
bin,42,5,bicycle,empirical,empirical,3,0.3077,0.0714,
bin,42,6,refrigerator,empirical,empirical,7,0.2714,0.1667,
bin,42,7,toy,empirical,empirical,4,0.27,0.0952,
bin,42,8,van,empirical,empirical,5,0.2692,0.119,
bin,42,9,microwave,empirical,empirical,6,0.2653,0.1429,
bin,42,10,board,empirical,empirical,4,0.2552,0.0952,
binder,19,1,filing cabinet,empirical,empirical,6,0.6135,0.3158,
binder,19,2,file,empirical,empirical,3,0.6112,0.1579,
binder,19,3,object,empirical,empirical,3,0.4983,0.1579,
binder,19,4,pen,empirical,empirical,3,0.453,0.1579,
binder,19,5,paper,empirical,empirical,7,0.3719,0.3684,
binder,19,6,mouse,empirical,empirical,3,0.3594,0.1579,
binder,19,7,desk,empirical,empirical,9,0.3438,0.4737,
binder,19,8,screen,empirical,empirical,7,0.3405,0.3684,
binder,19,9,keyboard,empirical,empirical,4,0.333,0.2105,
binder,19,10,box,empirical,empirical,12,0.3234,0.6316,
bird,12,1,grass,empirical,empirical,4,0.1469,0.3333,
bird,12,2,ground,empirical,empirical,3,0.141,0.25,
bird,12,3,sky,empirical,empirical,10,0.1074,0.8333,
bird,12,4,tree,empirical,empirical,5,0.0582,0.4167,
blackboard,49,1,desk,empirical,empirical,33,0.4743,0.6735,
blackboard,49,2,map,empirical,empirical,3,0.428,0.0612,
blackboard,49,3,cpu,empirical,empirical,6,0.3721,0.1224,
blackboard,49,4,notebook,empirical,empirical,6,0.3646,0.1224,
blackboard,49,5,mouse,empirical,empirical,6,0.3588,0.1224,
blackboard,49,6,keyboard,empirical,empirical,9,0.351,0.1837,
blackboard,49,7,projection screen,empirical,empirical,4,0.3363,0.0816,
blackboard,49,8,drawing,empirical,empirical,3,0.3306,0.0612,
blackboard,49,9,toy,empirical,empirical,6,0.3161,0.1224,
blackboard,49,10,screen,empirical,empirical,11,0.2932,0.2245,
blanket,112,1,cradle,empirical,empirical,14,0.4755,0.125,
blanket,112,2,ottoman,empirical,empirical,21,0.4441,0.1875,
blanket,112,3,teddy bear,empirical,empirical,10,0.4159,0.0893,
blanket,112,4,pillow,empirical,empirical,50,0.4098,0.4464,
blanket,112,5,small table,empirical,empirical,13,0.3984,0.1161,
blanket,112,6,mobile,empirical,empirical,3,0.3861,0.0268,
blanket,112,7,cushion,empirical,empirical,51,0.3754,0.4554,
blanket,112,8,trousers,empirical,empirical,6,0.3525,0.0536,
blanket,112,9,closet,empirical,empirical,3,0.3466,0.0268,
blanket,112,10,bed,empirical,empirical,65,0.3428,0.5804,
blender,17,1,cutlery,empirical,empirical,4,0.6907,0.2353,
blender,17,2,open plan,empirical,empirical,3,0.5797,0.1765,
blender,17,3,coffee maker,empirical,empirical,11,0.5787,0.6471,
blender,17,4,toaster,empirical,empirical,4,0.5149,0.2353,
blender,17,5,teapot,empirical,empirical,5,0.4919,0.2941,
blender,17,6,microwave,empirical,empirical,10,0.4774,0.5882,
blender,17,7,worktop,empirical,empirical,16,0.4754,0.9412,
blender,17,8,stove,empirical,empirical,14,0.4733,0.8235,
blender,17,9,dishwasher,empirical,empirical,8,0.469,0.4706,
blender,17,10,paper roll,empirical,empirical,3,0.4427,0.1765,
blind,83,1,printer,empirical,empirical,7,0.3812,0.0843,
blind,83,2,tap wrench,empirical,empirical,4,0.368,0.0482,
blind,83,3,soap dispenser,empirical,empirical,6,0.354,0.0723,
blind,83,4,desk organizer,empirical,empirical,3,0.3439,0.0361,
blind,83,5,loudspeaker,empirical,empirical,5,0.3368,0.0602,
blind,83,6,laptop,empirical,empirical,7,0.3284,0.0843,
blind,83,7,wastepaper basket,empirical,empirical,3,0.3218,0.0361,
blind,83,8,handle door,empirical,empirical,3,0.3122,0.0361,
blind,83,9,folder,empirical,empirical,4,0.3109,0.0482,
blind,83,10,soap dish,empirical,empirical,3,0.3091,0.0361,
board,175,1,drawing,empirical,empirical,16,0.4701,0.0914,
board,175,2,workbench,empirical,empirical,5,0.3829,0.0286,
board,175,3,casserole,empirical,empirical,4,0.3803,0.0229,
board,175,4,desk organizer,empirical,empirical,6,0.3676,0.0343,
board,175,5,paper,empirical,empirical,34,0.3634,0.1943,
board,175,6,paper filer,empirical,empirical,3,0.3599,0.0171,
board,175,7,easel,empirical,empirical,9,0.3378,0.0514,
board,175,8,calendar,empirical,empirical,4,0.3183,0.0229,
board,175,9,wastepaper basket,empirical,empirical,5,0.313,0.0286,
board,175,10,notebook,empirical,empirical,11,0.3029,0.0629,
boat,199,1,dock,empirical,empirical,32,0.6034,0.1608,
boat,199,2,mast,empirical,empirical,6,0.4751,0.0302,
boat,199,3,sea water,empirical,empirical,88,0.4713,0.4422,
boat,199,4,quay,empirical,empirical,5,0.4534,0.0251,
boat,199,5,sand beach,empirical,empirical,29,0.4098,0.1457,
boat,199,6,float,empirical,empirical,4,0.4024,0.0201,
boat,199,7,water,empirical,empirical,54,0.3571,0.2714,
boat,199,8,river water,empirical,empirical,27,0.3338,0.1357,
boat,199,9,deck,empirical,empirical,3,0.3111,0.0151,
boat,199,10,ship,empirical,empirical,6,0.295,0.0302,
book,708,1,bookcase,empirical,empirical,153,0.6354,0.2161,
book,708,2,folder,empirical,empirical,40,0.4585,0.0565,
book,708,3,desk,empirical,empirical,168,0.4139,0.2373,
book,708,4,printer,empirical,empirical,36,0.4009,0.0508,
book,708,5,paper filer,empirical,empirical,10,0.3927,0.0141,
book,708,6,globe,empirical,empirical,12,0.3879,0.0169,
book,708,7,keyboard,empirical,empirical,74,0.3841,0.1045,
book,708,8,notebook,empirical,empirical,46,0.3835,0.065,
book,708,9,desk mat,empirical,empirical,8,0.3756,0.0113,
book,708,10,desk organizer,empirical,empirical,17,0.3715,0.024,
bookcase,176,1,book,empirical,empirical,153,0.6354,0.8693,
bookcase,176,2,phone,empirical,empirical,11,0.3981,0.0625,
bookcase,176,3,file,empirical,empirical,4,0.397,0.0227,
bookcase,176,4,mouse pad,empirical,empirical,4,0.3718,0.0227,
bookcase,176,5,desk,empirical,empirical,52,0.3669,0.2955,
bookcase,176,6,paper filer,empirical,empirical,3,0.3592,0.017,
bookcase,176,7,picture frame,empirical,empirical,9,0.3578,0.0511,
bookcase,176,8,printer,empirical,empirical,10,0.3458,0.0568,
bookcase,176,9,folder,empirical,empirical,8,0.3317,0.0455,
bookcase,176,10,globe,empirical,empirical,3,0.3255,0.017,
boot,40,1,shoe,empirical,empirical,26,0.7173,0.65,
boot,40,2,skirt,empirical,empirical,4,0.5973,0.1,
boot,40,3,purse,empirical,empirical,15,0.5595,0.375,
boot,40,4,trousers,empirical,empirical,7,0.5139,0.175,
boot,40,5,jacket,empirical,empirical,9,0.4948,0.225,
boot,40,6,sneaker,empirical,empirical,5,0.4904,0.125,
boot,40,7,shirt,empirical,empirical,7,0.4764,0.175,
boot,40,8,hanger,empirical,empirical,6,0.4676,0.15,
boot,40,9,closet,empirical,empirical,3,0.4675,0.075,
boot,40,10,sweater,empirical,empirical,3,0.447,0.075,
bottle,654,1,jar,empirical,empirical,101,0.4691,0.1544,
bottle,654,2,sink,empirical,empirical,183,0.4505,0.2798,
bottle,654,3,dishcloth,empirical,empirical,43,0.4292,0.0657,
bottle,654,4,worktop,empirical,empirical,162,0.4236,0.2477,
bottle,654,5,pantry,empirical,empirical,12,0.4178,0.0183,
bottle,654,6,kettle,empirical,empirical,43,0.4168,0.0657,
bottle,654,7,faucet,empirical,empirical,201,0.4145,0.3073,
bottle,654,8,stove,empirical,empirical,132,0.4006,0.2018,
bottle,654,9,pot,empirical,empirical,107,0.3971,0.1636,
bottle,654,10,bowl,empirical,empirical,83,0.3908,0.1269,
bottle rack,12,1,toaster,empirical,empirical,3,0.5047,0.25,
bottle rack,12,2,cup,empirical,empirical,6,0.4789,0.5,
bottle rack,12,3,oven,empirical,empirical,4,0.3962,0.3333,
bottle rack,12,4,bottle,empirical,empirical,8,0.362,0.6667,
bottle rack,12,5,worktop,empirical,empirical,7,0.3618,0.5833,
bottle rack,12,6,sink,empirical,empirical,7,0.3546,0.5833,
bottle rack,12,7,refrigerator,empirical,empirical,4,0.3372,0.3333,
bottle rack,12,8,extractor hood,empirical,empirical,3,0.3347,0.25,
bottle rack,12,9,jar,empirical,empirical,3,0.332,0.25,
bottle rack,12,10,stove,empirical,empirical,5,0.3273,0.4167,
bouquet,141,1,small table,empirical,empirical,39,0.6178,0.2766,
bouquet,141,2,dresser,empirical,empirical,17,0.5513,0.1206,
bouquet,141,3,picture frame,empirical,empirical,17,0.5178,0.1206,
bouquet,141,4,dish towel,empirical,empirical,5,0.4845,0.0355,
bouquet,141,5,candle,empirical,empirical,27,0.4839,0.1915,
bouquet,141,6,fruit bowl,empirical,empirical,8,0.463,0.0567,
bouquet,141,7,place mat,empirical,empirical,13,0.4549,0.0922,
bouquet,141,8,rug,empirical,empirical,42,0.3918,0.2979,
bouquet,141,9,soap,empirical,empirical,11,0.3864,0.078,
bouquet,141,10,bathtub,empirical,empirical,13,0.386,0.0922,
bow window,26,1,pane,empirical,empirical,11,0.4826,0.4231,
bow window,26,2,plant,empirical,empirical,18,0.2329,0.6923,
bow window,26,3,house,empirical,empirical,5,0.2165,0.1923,
bow window,26,4,building,empirical,empirical,18,0.1785,0.6923,
bow window,26,5,grass,empirical,empirical,9,0.168,0.3462,
bow window,26,6,window,empirical,empirical,20,0.126,0.7692,
bow window,26,7,ground,empirical,empirical,4,0.0869,0.1538,
bow window,26,8,tree,empirical,empirical,11,0.0667,0.4231,
bow window,26,9,sidewalk,empirical,empirical,3,0.0617,0.1154,
bow window,26,10,road,empirical,empirical,5,0.0598,0.1923,
bowl,250,1,plate,empirical,empirical,94,0.555,0.376,
bowl,250,2,worktop,empirical,empirical,127,0.5525,0.508,
bowl,250,3,kettle,empirical,empirical,38,0.5483,0.152,
bowl,250,4,stove,empirical,empirical,104,0.5268,0.416,
bowl,250,5,fruit,empirical,empirical,32,0.5252,0.128,
bowl,250,6,apple,empirical,empirical,17,0.5105,0.068,
bowl,250,7,pitcher,empirical,empirical,37,0.5082,0.148,
bowl,250,8,cup,empirical,empirical,51,0.5015,0.204,
bowl,250,9,wine glass,empirical,empirical,9,0.4924,0.036,
bowl,250,10,cutting board,empirical,empirical,13,0.488,0.052,
bowling alley,10,1,skittle,empirical,empirical,4,0.7658,0.4,
bowling alley,10,2,tunnel,empirical,empirical,3,0.6195,0.3,
bowling alley,10,3,ball,empirical,empirical,6,0.5128,0.6,
bowling alley,10,4,gate,empirical,empirical,3,0.3854,0.3,
bowling alley,10,5,person,empirical,empirical,4,0.129,0.4,
bowling alley,10,6,floor,empirical,empirical,9,0.0823,0.9,
bowling alley,10,7,ceiling,empirical,empirical,6,0.075,0.6,
bowling alley,10,8,wall,empirical,empirical,10,0.0745,1.0,
bowling alley,10,9,ceiling lamp,empirical,empirical,3,0.0675,0.3,
box,945,1,shelf,empirical,empirical,306,0.3976,0.3238,
box,945,2,pack,empirical,empirical,25,0.3889,0.0265,
box,945,3,pantry,empirical,empirical,12,0.3662,0.0127,
box,945,4,skirt,empirical,empirical,9,0.3457,0.0095,
box,945,5,trousers,empirical,empirical,27,0.3369,0.0286,
box,945,6,bag,empirical,empirical,100,0.3353,0.1058,
box,945,7,shoe,empirical,empirical,45,0.3352,0.0476,
box,945,8,merchandise,empirical,empirical,18,0.3304,0.019,
box,945,9,toy,empirical,empirical,60,0.329,0.0635,
box,945,10,shirt,empirical,empirical,32,0.3271,0.0339,
branch,29,1,tree trunk,empirical,empirical,14,0.4608,0.4828,
branch,29,2,bush,empirical,empirical,7,0.2993,0.2414,
branch,29,3,stone,empirical,empirical,3,0.2121,0.1034,
branch,29,4,tree,empirical,empirical,23,0.1712,0.7931,
branch,29,5,pillow,empirical,empirical,3,0.1028,0.1034,
branch,29,6,vase,empirical,empirical,3,0.0832,0.1034,
branch,29,7,night table,empirical,empirical,3,0.0792,0.1034,
branch,29,8,ground,empirical,empirical,4,0.0736,0.1379,
branch,29,9,mountain,empirical,empirical,4,0.067,0.1379,
branch,29,10,sky,empirical,empirical,16,0.0545,0.5517,
brand name,83,1,shop window,empirical,empirical,24,0.5437,0.2892,
brand name,83,2,vending machine,empirical,empirical,7,0.4137,0.0843,
brand name,83,3,pane,empirical,empirical,13,0.3531,0.1566,
brand name,83,4,sidewalk,empirical,empirical,44,0.3516,0.5301,
brand name,83,5,poster,empirical,empirical,16,0.3504,0.1928,
brand name,83,6,balcony,empirical,empirical,12,0.3223,0.1446,
brand name,83,7,awning,empirical,empirical,11,0.319,0.1325,
brand name,83,8,text,empirical,empirical,15,0.299,0.1807,
brand name,83,9,car,empirical,empirical,41,0.2986,0.494,
brand name,83,10,litter bin,empirical,empirical,3,0.295,0.0361,
bread,18,1,wine glass,empirical,empirical,4,0.6651,0.2222,
bread,18,2,cheese,empirical,empirical,3,0.6269,0.1667,
bread,18,3,grape,empirical,empirical,3,0.6269,0.1667,
bread,18,4,frying pan,empirical,empirical,4,0.5898,0.2222,
bread,18,5,spoon,empirical,empirical,4,0.5808,0.2222,
bread,18,6,decorative plate,empirical,empirical,3,0.5669,0.1667,
bread,18,7,cutting board,empirical,empirical,3,0.5408,0.1667,
bread,18,8,mug,empirical,empirical,8,0.5376,0.4444,
bread,18,9,paper cup,empirical,empirical,3,0.5118,0.1667,
bread,18,10,dishcloth,empirical,empirical,5,0.4938,0.2778,
bread roll,17,1,price,empirical,empirical,6,0.7681,0.3529,
bread roll,17,2,cake,empirical,empirical,11,0.7356,0.6471,
bread roll,17,3,french bread,empirical,empirical,7,0.7237,0.4118,
bread roll,17,4,cooky,empirical,empirical,4,0.6907,0.2353,
bread roll,17,5,loaf,empirical,empirical,6,0.6747,0.3529,
bread roll,17,6,showcase,empirical,empirical,10,0.5609,0.5882,
bread roll,17,7,tray,empirical,empirical,9,0.4453,0.5294,
bread roll,17,8,counter,empirical,empirical,3,0.2577,0.1765,
bread roll,17,9,basket,empirical,empirical,4,0.243,0.2353,
bread roll,17,10,shelf,empirical,empirical,6,0.2089,0.3529,
bridge,152,1,central reservation,empirical,empirical,28,0.4829,0.1842,
bridge,152,2,car rear,empirical,empirical,17,0.4749,0.1118,
bridge,152,3,slope,empirical,empirical,8,0.448,0.0526,
bridge,152,4,fence,empirical,empirical,48,0.3207,0.3158,
bridge,152,5,road,empirical,empirical,92,0.319,0.6053,
bridge,152,6,car,empirical,empirical,71,0.3187,0.4671,
bridge,152,7,sign,empirical,empirical,53,0.3166,0.3487,
bridge,152,8,streetlight,empirical,empirical,37,0.3133,0.2434,
bridge,152,9,tunnel,empirical,empirical,3,0.3001,0.0197,
bridge,152,10,skyscraper,empirical,empirical,22,0.2902,0.1447,
briefcase,35,1,folder,empirical,empirical,7,0.5191,0.2,
briefcase,35,2,wastepaper basket,empirical,empirical,4,0.4729,0.1143,
briefcase,35,3,printer,empirical,empirical,6,0.4644,0.1714,
briefcase,35,4,laptop,empirical,empirical,6,0.4126,0.1714,
briefcase,35,5,notebook,empirical,empirical,6,0.4076,0.1714,
briefcase,35,6,loudspeaker,empirical,empirical,4,0.4054,0.1143,
briefcase,35,7,music system,empirical,empirical,3,0.4046,0.0857,
briefcase,35,8,mouse,empirical,empirical,6,0.4018,0.1714,
briefcase,35,9,keyboard,empirical,empirical,9,0.3963,0.2571,
briefcase,35,10,brochure,empirical,empirical,3,0.3963,0.0857,
brochure,44,1,magazine,empirical,empirical,13,0.4729,0.2955,
brochure,44,2,counter,empirical,empirical,19,0.4631,0.4318,
brochure,44,3,side table,empirical,empirical,14,0.4499,0.3182,
brochure,44,4,test,empirical,empirical,5,0.446,0.1136,
brochure,44,5,briefcase,empirical,empirical,3,0.3963,0.0682,
brochure,44,6,display,empirical,empirical,3,0.3898,0.0682,
brochure,44,7,pen,empirical,empirical,3,0.3545,0.0682,
brochure,44,8,notebook,empirical,empirical,4,0.3105,0.0909,
brochure,44,9,paper,empirical,empirical,9,0.3052,0.2045,
brochure,44,10,trolley,empirical,empirical,3,0.2993,0.0682,
broom,13,1,ladder,empirical,empirical,3,0.4299,0.2308,
broom,13,2,bucket,empirical,empirical,4,0.3624,0.3077,
broom,13,3,bag,empirical,empirical,3,0.2888,0.2308,
broom,13,4,bottle,empirical,empirical,5,0.272,0.3846,
broom,13,5,rug,empirical,empirical,3,0.2404,0.2308,
broom,13,6,basket,empirical,empirical,3,0.2326,0.2308,
broom,13,7,box,empirical,empirical,5,0.2261,0.3846,
broom,13,8,sink,empirical,empirical,3,0.2105,0.2308,
broom,13,9,shelf,empirical,empirical,4,0.1819,0.3077,
broom,13,10,table,empirical,empirical,5,0.1391,0.3846,
brush,22,1,ladder,empirical,empirical,3,0.3681,0.1364,
brush,22,2,bucket,empirical,empirical,5,0.3347,0.2273,
brush,22,3,pot,empirical,empirical,5,0.2862,0.2273,
brush,22,4,basket,empirical,empirical,5,0.2455,0.2273,
brush,22,5,fluorescent tube,empirical,empirical,3,0.2183,0.1364,
brush,22,6,towel,empirical,empirical,3,0.2154,0.1364,
brush,22,7,box,empirical,empirical,7,0.2113,0.3182,
brush,22,8,bottle,empirical,empirical,5,0.2063,0.2273,
brush,22,9,sink,empirical,empirical,3,0.1487,0.1364,
brush,22,10,mirror,empirical,empirical,4,0.1479,0.1818,
bucket,234,1,spade,empirical,empirical,5,0.4213,0.0214,
bucket,234,2,soap dispenser,empirical,empirical,14,0.3699,0.0598,
bucket,234,3,broom,empirical,empirical,4,0.3624,0.0171,
bucket,234,4,washbasin,empirical,empirical,37,0.3422,0.1581,
bucket,234,5,stall shower,empirical,empirical,7,0.3365,0.0299,
bucket,234,6,spray,empirical,empirical,3,0.336,0.0128,
bucket,234,7,brush,empirical,empirical,5,0.3347,0.0214,
bucket,234,8,toilet,empirical,empirical,30,0.3166,0.1282,
bucket,234,9,casserole,empirical,empirical,3,0.2996,0.0128,
bucket,234,10,junk,empirical,empirical,3,0.2996,0.0128,
building,3129,1,sidewalk,empirical,empirical,927,0.5275,0.2963,
building,3129,2,road,empirical,empirical,1272,0.4972,0.4065,
building,3129,3,sky,empirical,empirical,2680,0.4716,0.8565,
building,3129,4,car,empirical,empirical,891,0.429,0.2848,
building,3129,5,streetlight,empirical,empirical,474,0.4072,0.1515,
building,3129,6,skyscraper,empirical,empirical,301,0.38,0.0962,
building,3129,7,tree,empirical,empirical,1747,0.3527,0.5583,
building,3129,8,awning,empirical,empirical,175,0.3234,0.0559,
building,3129,9,balcony,empirical,empirical,185,0.3194,0.0591,
building,3129,10,shop window,empirical,empirical,122,0.3111,0.039,
bulb,16,1,pipe,empirical,empirical,3,0.3411,0.1875,
bulb,16,2,counter,empirical,empirical,4,0.309,0.25,
bulb,16,3,bucket,empirical,empirical,3,0.292,0.1875,
bulb,16,4,shelf,empirical,empirical,5,0.1889,0.3125,
bulb,16,5,ceiling,empirical,empirical,13,0.1262,0.8125,
bulb,16,6,wall,empirical,empirical,15,0.0695,0.9375,
bulb,16,7,floor,empirical,empirical,11,0.0473,0.6875,
bulb,16,8,table,empirical,empirical,3,0.0464,0.1875,
bulb,16,9,person,empirical,empirical,3,0.0357,0.1875,
bulb,16,10,door,empirical,empirical,4,0.0285,0.25,
bulletin board,181,1,showcase,empirical,empirical,27,0.432,0.1492,
bulletin board,181,2,cash register,empirical,empirical,9,0.3945,0.0497,
bulletin board,181,3,sidewalk cafe,empirical,empirical,5,0.3851,0.0276,
bulletin board,181,4,paper cup,empirical,empirical,7,0.3779,0.0387,
bulletin board,181,5,bar,empirical,empirical,20,0.3767,0.1105,
bulletin board,181,6,check-in-desk,empirical,empirical,4,0.3762,0.0221,
bulletin board,181,7,napkin ring,empirical,empirical,3,0.356,0.0166,
bulletin board,181,8,ticket counter,empirical,empirical,3,0.356,0.0166,
bulletin board,181,9,text,empirical,empirical,33,0.3389,0.1823,
bulletin board,181,10,french bread,empirical,empirical,4,0.3191,0.0221,
bunk bed,50,1,duvet,empirical,empirical,4,0.5104,0.08,
bunk bed,50,2,ladder,empirical,empirical,7,0.4122,0.14,
bunk bed,50,3,pillow,empirical,empirical,26,0.3917,0.52,
bunk bed,50,4,radiator,empirical,empirical,7,0.3722,0.14,
bunk bed,50,5,cuddly toy,empirical,empirical,5,0.3383,0.1,
bunk bed,50,6,teddy bear,empirical,empirical,3,0.3105,0.06,
bunk bed,50,7,bag,empirical,empirical,9,0.2981,0.18,
bunk bed,50,8,suitcase,empirical,empirical,3,0.2966,0.06,
bunk bed,50,9,blanket,empirical,empirical,4,0.2883,0.08,
bunk bed,50,10,jacket,empirical,empirical,3,0.2758,0.06,
bus,90,1,bus stop,empirical,empirical,3,0.4286,0.0333,
bus,90,2,runway,empirical,empirical,9,0.3935,0.1,
bus,90,3,airplane,empirical,empirical,9,0.3855,0.1,
bus,90,4,van,empirical,empirical,15,0.3608,0.1667,
bus,90,5,finger,empirical,empirical,3,0.3566,0.0333,
bus,90,6,road,empirical,empirical,69,0.3459,0.7667,
bus,90,7,windshield,empirical,empirical,3,0.3266,0.0333,
bus,90,8,crosswalk,empirical,empirical,5,0.3246,0.0556,
bus,90,9,truck,empirical,empirical,12,0.3175,0.1333,
bus,90,10,traffic light,empirical,empirical,6,0.3152,0.0667,
bus stop,13,1,bus,empirical,empirical,3,0.4286,0.2308,
bus stop,13,2,sidewalk,empirical,empirical,9,0.3124,0.6923,
bus stop,13,3,bench,empirical,empirical,4,0.3007,0.3077,
bus stop,13,4,road,empirical,empirical,11,0.2716,0.8462,
bus stop,13,5,streetlight,empirical,empirical,4,0.2571,0.3077,
bus stop,13,6,sign,empirical,empirical,5,0.2355,0.3846,
bus stop,13,7,person walking,empirical,empirical,3,0.2254,0.2308,
bus stop,13,8,car,empirical,empirical,5,0.1889,0.3846,
bus stop,13,9,person standing,empirical,empirical,3,0.1873,0.2308,
bus stop,13,10,person sitting,empirical,empirical,3,0.1787,0.2308,
bush,365,1,stone,empirical,empirical,53,0.3801,0.1452,
bush,365,2,covered bridge,empirical,empirical,5,0.3657,0.0137,
bush,365,3,tree trunk fallen,empirical,empirical,5,0.3657,0.0137,
bush,365,4,trench,empirical,empirical,6,0.3497,0.0164,
bush,365,5,tree trunk,empirical,empirical,42,0.303,0.1151,
bush,365,6,dirt track,empirical,empirical,15,0.3012,0.0411,
bush,365,7,branch,empirical,empirical,7,0.2993,0.0192,
bush,365,8,ground,empirical,empirical,117,0.2985,0.3205,
bush,365,9,river water,empirical,empirical,36,0.2969,0.0986,
bush,365,10,embankment,empirical,empirical,17,0.2958,0.0466,
button,12,1,elevator door,empirical,empirical,8,0.78,0.6667,
button,12,2,sign,empirical,empirical,4,0.2118,0.3333,
button,12,3,floor,empirical,empirical,12,0.1004,1.0,
button,12,4,wall,empirical,empirical,12,0.0764,1.0,
button,12,5,ceiling lamp,empirical,empirical,3,0.0461,0.25,
button,12,6,ceiling,empirical,empirical,5,0.0278,0.4167,
cabin,13,1,streetlight,empirical,empirical,4,0.2571,0.3077,
cabin,13,2,fence,empirical,empirical,5,0.2548,0.3846,
cabin,13,3,person walking,empirical,empirical,3,0.2254,0.2308,
cabin,13,4,car,empirical,empirical,6,0.2166,0.4615,
cabin,13,5,road,empirical,empirical,7,0.1966,0.5385,
cabin,13,6,sign,empirical,empirical,3,0.1614,0.2308,
cabin,13,7,person,empirical,empirical,5,0.1277,0.3846,
cabin,13,8,tree,empirical,empirical,8,0.1136,0.6154,
cabin,13,9,sky,empirical,empirical,9,0.0809,0.6923,
cabin,13,10,building,empirical,empirical,4,0.0474,0.3077,
cabinet,1992,1,worktop,empirical,empirical,535,0.5997,0.2686,
cabinet,1992,2,stove,empirical,empirical,444,0.5667,0.2229,
cabinet,1992,3,sink,empirical,empirical,502,0.5534,0.252,
cabinet,1992,4,faucet,empirical,empirical,568,0.5231,0.2851,
cabinet,1992,5,microwave,empirical,empirical,257,0.4854,0.129,
cabinet,1992,6,refrigerator,empirical,empirical,280,0.4801,0.1406,
cabinet,1992,7,dishwasher,empirical,empirical,205,0.4693,0.1029,
cabinet,1992,8,extractor hood,empirical,empirical,209,0.4638,0.1049,
cabinet,1992,9,oven,empirical,empirical,183,0.4474,0.0919,
cabinet,1992,10,coffee maker,empirical,empirical,132,0.4011,0.0663,
cage,19,1,grille door,empirical,empirical,4,0.6772,0.2105,
cage,19,2,fluorescent tube,empirical,empirical,3,0.2355,0.1579,
cage,19,3,door,empirical,empirical,8,0.1002,0.4211,
cage,19,4,floor,empirical,empirical,14,0.0589,0.7368,
cage,19,5,person,empirical,empirical,4,0.051,0.2105,
cage,19,6,wall,empirical,empirical,15,0.0446,0.7895,
cage,19,7,chair,empirical,empirical,4,0.0337,0.2105,
cage,19,8,ceiling,empirical,empirical,8,0.0309,0.4211,
cage,19,9,ceiling lamp,empirical,empirical,4,0.0268,0.2105,
cage,19,10,cabinet,empirical,empirical,3,0.0205,0.1579,
cake,48,1,bread roll,empirical,empirical,11,0.7356,0.2292,
cake,48,2,french bread,empirical,empirical,11,0.6878,0.2292,
cake,48,3,showcase,empirical,empirical,27,0.642,0.5625,
cake,48,4,price,empirical,empirical,6,0.6355,0.125,
cake,48,5,cooky,empirical,empirical,5,0.6082,0.1042,
cake,48,6,loaf,empirical,empirical,8,0.6009,0.1667,
cake,48,7,candy,empirical,empirical,3,0.522,0.0625,
cake,48,8,tray,empirical,empirical,17,0.4278,0.3542,
cake,48,9,frying pan,empirical,empirical,3,0.421,0.0625,
cake,48,10,cash register,empirical,empirical,4,0.4183,0.0833,
calendar,25,1,desk organizer,empirical,empirical,3,0.4848,0.12,
calendar,25,2,printer,empirical,empirical,5,0.4731,0.2,
calendar,25,3,object,empirical,empirical,3,0.4661,0.12,
calendar,25,4,filing cabinet,empirical,empirical,3,0.45,0.12,
calendar,25,5,desk,empirical,empirical,17,0.4293,0.68,
calendar,25,6,paper,empirical,empirical,10,0.4013,0.4,
calendar,25,7,loudspeaker,empirical,empirical,3,0.3975,0.12,
calendar,25,8,tissue box,empirical,empirical,3,0.39,0.12,
calendar,25,9,screen,empirical,empirical,10,0.3684,0.4,
calendar,25,10,book,empirical,empirical,13,0.3404,0.52,
can,133,1,pantry,empirical,empirical,4,0.4221,0.0301,
can,133,2,dish towel,empirical,empirical,3,0.4023,0.0226,
can,133,3,pack,empirical,empirical,6,0.3862,0.0451,
can,133,4,bottle,empirical,empirical,50,0.3778,0.3759,
can,133,5,paintbrush,empirical,empirical,3,0.3512,0.0226,
can,133,6,frying pan,empirical,empirical,4,0.3468,0.0301,
can,133,7,bread,empirical,empirical,3,0.3445,0.0226,
can,133,8,jar,empirical,empirical,19,0.34,0.1429,
can,133,9,dish rack,empirical,empirical,4,0.3378,0.0301,
can,133,10,workbench,empirical,empirical,3,0.3322,0.0226,
candelabra,52,1,altar,empirical,empirical,13,0.5774,0.25,
candelabra,52,2,baptismal font,empirical,empirical,3,0.5126,0.0577,
candelabra,52,3,candle,empirical,empirical,15,0.502,0.2885,
candelabra,52,4,console table,empirical,empirical,8,0.4866,0.1538,
candelabra,52,5,cross,empirical,empirical,8,0.4779,0.1538,
candelabra,52,6,fireplace,empirical,empirical,8,0.3386,0.1538,
candelabra,52,7,sideboard,empirical,empirical,3,0.2888,0.0577,
candelabra,52,8,chandelier,empirical,empirical,8,0.266,0.1538,
candelabra,52,9,statue,empirical,empirical,4,0.2555,0.0769,
candelabra,52,10,flower,empirical,empirical,15,0.2523,0.2885,
candle,135,1,candelabra,empirical,empirical,15,0.502,0.1111,
candle,135,2,bouquet,empirical,empirical,27,0.4839,0.2,
candle,135,3,end table,empirical,empirical,4,0.4293,0.0296,
candle,135,4,decoration,empirical,empirical,10,0.4188,0.0741,
candle,135,5,candlestick,empirical,empirical,3,0.4118,0.0222,
candle,135,6,sponge,empirical,empirical,3,0.4118,0.0222,
candle,135,7,small table,empirical,empirical,15,0.4003,0.1111,
candle,135,8,jug,empirical,empirical,3,0.3904,0.0222,
candle,135,9,fireplace,empirical,empirical,20,0.3798,0.1481,
candle,135,10,decorative plate,empirical,empirical,4,0.3769,0.0296,
candleholder,105,1,fireplace,empirical,empirical,22,0.4384,0.2095,
candleholder,105,2,sideboard,empirical,empirical,11,0.4234,0.1048,
candleholder,105,3,chandelier,empirical,empirical,30,0.4222,0.2857,
candleholder,105,4,plate,empirical,empirical,30,0.4088,0.2857,
candleholder,105,5,vase,empirical,empirical,52,0.4014,0.4952,
candleholder,105,6,place mat,empirical,empirical,8,0.4003,0.0762,
candleholder,105,7,cup,empirical,empirical,16,0.3739,0.1524,
candleholder,105,8,napkin,empirical,empirical,10,0.3584,0.0952,
candleholder,105,9,flower,empirical,empirical,42,0.3521,0.4,
candleholder,105,10,side table,empirical,empirical,16,0.3511,0.1524,
candlestick,10,1,candle,empirical,empirical,3,0.4118,0.3,
candlestick,10,2,plate,empirical,empirical,5,0.3872,0.5,
candlestick,10,3,flower,empirical,empirical,7,0.3428,0.7,
candlestick,10,4,vase,empirical,empirical,7,0.3416,0.7,
candlestick,10,5,bowl,empirical,empirical,3,0.3394,0.3,
candlestick,10,6,sofa,empirical,empirical,5,0.3242,0.5,
candlestick,10,7,chandelier,empirical,empirical,3,0.3138,0.3,
candlestick,10,8,armchair,empirical,empirical,5,0.304,0.5,
candlestick,10,9,coffee table,empirical,empirical,3,0.2999,0.3,
candlestick,10,10,worktop,empirical,empirical,4,0.2914,0.4,
candy,11,1,cake,empirical,empirical,3,0.522,0.2727,
candy,11,2,showcase,empirical,empirical,4,0.44,0.3636,
candy,11,3,magazine,empirical,empirical,3,0.3821,0.2727,
candy,11,4,counter,empirical,empirical,4,0.3546,0.3636,
candy,11,5,bag,empirical,empirical,4,0.3542,0.3636,
candy,11,6,stand,empirical,empirical,3,0.3,0.2727,
candy,11,7,bottle,empirical,empirical,5,0.2929,0.4545,
candy,11,8,box,empirical,empirical,6,0.276,0.5455,
candy,11,9,shelf,empirical,empirical,6,0.2645,0.5455,
candy,11,10,book,empirical,empirical,3,0.2061,0.2727,
canister,17,1,jar,empirical,empirical,9,0.4823,0.5294,
canister,17,2,dishwasher,empirical,empirical,8,0.469,0.4706,
canister,17,3,kitchen island,empirical,empirical,4,0.4681,0.2353,
canister,17,4,pitcher,empirical,empirical,5,0.467,0.2941,
canister,17,5,bowl,empirical,empirical,9,0.4663,0.5294,
canister,17,6,toaster,empirical,empirical,3,0.4638,0.1765,
canister,17,7,kettle,empirical,empirical,4,0.4514,0.2353,
canister,17,8,teapot,empirical,empirical,4,0.4514,0.2353,
canister,17,9,stove,empirical,empirical,12,0.4414,0.7059,
canister,17,10,sink,empirical,empirical,14,0.4392,0.8235,
cannon,21,1,rope,empirical,empirical,6,0.6682,0.2857,
cannon,21,2,flag,empirical,empirical,3,0.2663,0.1429,
cannon,21,3,steps,empirical,empirical,5,0.2349,0.2381,
cannon,21,4,person,empirical,empirical,8,0.1344,0.381,
cannon,21,5,person standing,empirical,empirical,3,0.131,0.1429,
cannon,21,6,sky,empirical,empirical,15,0.0914,0.7143,
cannon,21,7,building,empirical,empirical,8,0.0801,0.381,
cannon,21,8,grass,empirical,empirical,4,0.0789,0.1905,
cannon,21,9,window,empirical,empirical,10,0.0485,0.4762,
cannon,21,10,door,empirical,empirical,5,0.0232,0.2381,
canopy,43,1,bed,empirical,empirical,35,0.3636,0.814,
canopy,43,2,platform,empirical,empirical,3,0.3481,0.0698,
canopy,43,3,chest of drawer,empirical,empirical,4,0.3475,0.093,
canopy,43,4,chandelier,empirical,empirical,10,0.3307,0.2326,
canopy,43,5,fireplace,empirical,empirical,5,0.2838,0.1163,
canopy,43,6,cuddly toy,empirical,empirical,3,0.2758,0.0698,
canopy,43,7,cushion,empirical,empirical,15,0.2704,0.3488,
canopy,43,8,stool,empirical,empirical,7,0.2634,0.1628,
canopy,43,9,curtain,empirical,empirical,22,0.2485,0.5116,
canopy,43,10,night table,empirical,empirical,12,0.2338,0.2791,
cap,36,1,hat,empirical,empirical,9,0.5488,0.25,
cap,36,2,t-shirt,empirical,empirical,4,0.4628,0.1111,
cap,36,3,photo machine,empirical,empirical,3,0.4594,0.0833,
cap,36,4,shirt,empirical,empirical,4,0.3888,0.1111,
cap,36,5,bag,empirical,empirical,8,0.3214,0.2222,
cap,36,6,laptop,empirical,empirical,3,0.2943,0.0833,
cap,36,7,purse,empirical,empirical,3,0.2772,0.0833,
cap,36,8,person,empirical,empirical,23,0.2361,0.6389,
cap,36,9,screen,empirical,empirical,5,0.2044,0.1389,
cap,36,10,bucket,empirical,empirical,3,0.1968,0.0833,
car,1273,1,road,empirical,empirical,937,0.6564,0.7361,
car,1273,2,sidewalk,empirical,empirical,491,0.5066,0.3857,
car,1273,3,van,empirical,empirical,167,0.5008,0.1312,
car,1273,4,central reservation,empirical,empirical,111,0.466,0.0872,
car,1273,5,streetlight,empirical,empirical,279,0.4457,0.2192,
car,1273,6,building,empirical,empirical,891,0.429,0.6999,
car,1273,7,truck,empirical,empirical,132,0.4252,0.1037,
car,1273,8,traffic light,empirical,empirical,68,0.4159,0.0534,
car,1273,9,crosswalk,empirical,empirical,51,0.3997,0.0401,
car,1273,10,sign,empirical,empirical,325,0.3851,0.2553,
car front,10,1,car rear,empirical,empirical,8,0.6884,0.8,
car front,10,2,central reservation,empirical,empirical,5,0.5037,0.5,
car front,10,3,streetlight,empirical,empirical,5,0.3248,0.5,
car front,10,4,sign,empirical,empirical,6,0.2979,0.6,
car front,10,5,car,empirical,empirical,8,0.2978,0.8,
car front,10,6,road,empirical,empirical,9,0.2725,0.9,
car front,10,7,fence,empirical,empirical,4,0.2526,0.4,
car front,10,8,ground,empirical,empirical,4,0.203,0.4,
car front,10,9,building,empirical,empirical,7,0.158,0.7,
car front,10,10,tree,empirical,empirical,6,0.1062,0.6,
car rear,67,1,car front,empirical,empirical,8,0.6884,0.1194,
car rear,67,2,van rear,empirical,empirical,8,0.6758,0.1194,
car rear,67,3,hill urban,empirical,empirical,5,0.5092,0.0746,
car rear,67,4,bridge,empirical,empirical,17,0.4749,0.2537,
car rear,67,5,central reservation,empirical,empirical,15,0.4675,0.2239,
car rear,67,6,slope,empirical,empirical,5,0.4653,0.0746,
car rear,67,7,road,empirical,empirical,67,0.3931,1.0,
car rear,67,8,sign,empirical,empirical,37,0.3743,0.5522,
car rear,67,9,streetlight,empirical,empirical,25,0.3608,0.3731,
car rear,67,10,traffic light,empirical,empirical,6,0.3529,0.0896,
car taxi,10,1,awning,empirical,empirical,3,0.3662,0.3,
car taxi,10,2,truck,empirical,empirical,3,0.361,0.3,
car taxi,10,3,pole,empirical,empirical,4,0.3283,0.4,
car taxi,10,4,text,empirical,empirical,3,0.302,0.3,
car taxi,10,5,car,empirical,empirical,8,0.2978,0.8,
car taxi,10,6,road,empirical,empirical,10,0.2909,1.0,
car taxi,10,7,sign,empirical,empirical,5,0.2683,0.5,
car taxi,10,8,person walking,empirical,empirical,3,0.2562,0.3,
car taxi,10,9,sidewalk,empirical,empirical,4,0.2149,0.4,
car taxi,10,10,building,empirical,empirical,9,0.1972,0.9,
caravan,15,1,house,empirical,empirical,4,0.2504,0.2667,
caravan,15,2,pole,empirical,empirical,3,0.2358,0.2,
caravan,15,3,ground,empirical,empirical,6,0.2135,0.4,
caravan,15,4,fence,empirical,empirical,4,0.2034,0.2667,
caravan,15,5,grass,empirical,empirical,7,0.2015,0.4667,
caravan,15,6,steps,empirical,empirical,3,0.2004,0.2,
caravan,15,7,car,empirical,empirical,5,0.171,0.3333,
caravan,15,8,tree,empirical,empirical,12,0.1568,0.8,
caravan,15,9,door,empirical,empirical,9,0.1496,0.6,
caravan,15,10,sky,empirical,empirical,13,0.1169,0.8667,
card,20,1,paper,empirical,empirical,7,0.3653,0.35,
card,20,2,purse,empirical,empirical,3,0.3462,0.15,
card,20,3,magazine,empirical,empirical,3,0.3119,0.15,
card,20,4,counter,empirical,empirical,4,0.2819,0.2,
card,20,5,person sitting,empirical,empirical,7,0.2528,0.35,
card,20,6,picture,empirical,empirical,8,0.2341,0.4,
card,20,7,switch,empirical,empirical,3,0.2321,0.15,
card,20,8,plant pot,empirical,empirical,5,0.2276,0.25,
card,20,9,chair,empirical,empirical,14,0.212,0.7,
card,20,10,bottle,empirical,empirical,4,0.1852,0.2,
carousel,17,1,stand,empirical,empirical,4,0.2926,0.2353,
carousel,17,2,path,empirical,empirical,3,0.2421,0.1765,
carousel,17,3,person,empirical,empirical,12,0.2285,0.7059,
carousel,17,4,sidewalk,empirical,empirical,6,0.2101,0.3529,
carousel,17,5,person walking,empirical,empirical,3,0.1939,0.1765,
carousel,17,6,person standing,empirical,empirical,3,0.1558,0.1765,
carousel,17,7,fence,empirical,empirical,3,0.148,0.1765,
carousel,17,8,person sitting,empirical,empirical,3,0.1472,0.1765,
carousel,17,9,sky,empirical,empirical,11,0.0737,0.6471,
carousel,17,10,building,empirical,empirical,6,0.0673,0.3529,
carpet,143,1,large window,empirical,empirical,8,0.4107,0.0559,
carpet,143,2,sofa,empirical,empirical,43,0.3565,0.3007,
carpet,143,3,dresser,empirical,empirical,6,0.3431,0.042,
carpet,143,4,cushion,empirical,empirical,50,0.3278,0.3497,
carpet,143,5,desk organizer,empirical,empirical,4,0.3248,0.028,
carpet,143,6,desk lamp,empirical,empirical,68,0.3221,0.4755,
carpet,143,7,painting,empirical,empirical,70,0.3057,0.4895,
carpet,143,8,bed,empirical,empirical,65,0.2979,0.4545,
carpet,143,9,candleholder,empirical,empirical,9,0.2962,0.0629,
carpet,143,10,wardrobe,empirical,empirical,17,0.279,0.1189,
carport,25,1,hedge,empirical,empirical,7,0.4464,0.28,
carport,25,2,house,empirical,empirical,14,0.4017,0.56,
carport,25,3,car,empirical,empirical,18,0.318,0.72,
carport,25,4,ground,empirical,empirical,9,0.211,0.36,
carport,25,5,grass,empirical,empirical,10,0.1902,0.4,
carport,25,6,plant,empirical,empirical,13,0.1816,0.52,
carport,25,7,steps,empirical,empirical,4,0.1802,0.16,
carport,25,8,bench,empirical,empirical,3,0.18,0.12,
carport,25,9,tree,empirical,empirical,20,0.1689,0.8,
carport,25,10,plant pot,empirical,empirical,4,0.1672,0.16,
cars side,33,1,van side,empirical,empirical,6,0.6739,0.1818,
cars side,33,2,crosswalk,empirical,empirical,4,0.4106,0.1212,
cars side,33,3,sidewalk,empirical,empirical,23,0.3586,0.697,
cars side,33,4,car,empirical,empirical,25,0.3423,0.7576,
cars side,33,5,road,empirical,empirical,31,0.334,0.9394,
cars side,33,6,truck,empirical,empirical,5,0.2988,0.1515,
cars side,33,7,skyscraper,empirical,empirical,6,0.2712,0.1818,
cars side,33,8,person walking,empirical,empirical,8,0.2613,0.2424,
cars side,33,9,balcony,empirical,empirical,4,0.2578,0.1212,
cars side,33,10,building,empirical,empirical,32,0.25,0.9697,
cash register,40,1,counter,empirical,empirical,24,0.531,0.6,
cash register,40,2,showcase,empirical,empirical,14,0.5136,0.35,
cash register,40,3,scale,empirical,empirical,4,0.4796,0.1,
cash register,40,4,pack,empirical,empirical,4,0.4639,0.1,
cash register,40,5,cake,empirical,empirical,4,0.4183,0.1,
cash register,40,6,bulletin board,empirical,empirical,9,0.3945,0.225,
cash register,40,7,bar,empirical,empirical,6,0.3578,0.15,
cash register,40,8,fruit,empirical,empirical,3,0.3165,0.075,
cash register,40,9,shelf,empirical,empirical,21,0.3091,0.525,
cash register,40,10,bag,empirical,empirical,8,0.3074,0.2,
casserole,15,1,frying pan,empirical,empirical,5,0.6569,0.3333,
casserole,15,2,utensils canister,empirical,empirical,4,0.6269,0.2667,
casserole,15,3,knife set,empirical,empirical,3,0.5531,0.2,
casserole,15,4,saucepan,empirical,empirical,4,0.5427,0.2667,
casserole,15,5,toaster,empirical,empirical,4,0.5301,0.2667,
casserole,15,6,worktop,empirical,empirical,14,0.4651,0.9333,
casserole,15,7,dishwasher,empirical,empirical,7,0.4598,0.4667,
casserole,15,8,stove,empirical,empirical,12,0.459,0.8,
casserole,15,9,paper roll,empirical,empirical,3,0.4574,0.2,
casserole,15,10,soap dispenser,empirical,empirical,3,0.4447,0.2,
castle,19,1,hill,empirical,empirical,3,0.3101,0.1579,
castle,19,2,flag,empirical,empirical,3,0.278,0.1579,
castle,19,3,field,empirical,empirical,4,0.2549,0.2105,
castle,19,4,rock,empirical,empirical,3,0.2253,0.1579,
castle,19,5,grass,empirical,empirical,9,0.2103,0.4737,
castle,19,6,sky,empirical,empirical,18,0.1358,0.9474,
castle,19,7,mountain,empirical,empirical,4,0.1184,0.2105,
castle,19,8,tree,empirical,empirical,9,0.0801,0.4737,
castle,19,9,road,empirical,empirical,4,0.0692,0.2105,
castle,19,10,plant,empirical,empirical,3,0.0104,0.1579,
cave,11,1,rocky wall,empirical,empirical,3,0.6248,0.2727,
cave,11,2,mountain,empirical,empirical,6,0.2462,0.5455,
cave,11,3,ground,empirical,empirical,4,0.1914,0.3636,
cave,11,4,plant,empirical,empirical,3,0.0746,0.2727,
cave,11,5,tree,empirical,empirical,5,0.0691,0.4545,
ceiling,5010,1,ceiling lamp,empirical,empirical,2323,0.5414,0.4637,
ceiling,5010,2,floor,empirical,empirical,4541,0.5167,0.9064,
ceiling,5010,3,wall,empirical,empirical,4913,0.4699,0.9806,
ceiling,5010,4,chair,empirical,empirical,1521,0.2811,0.3036,
ceiling,5010,5,cabinet,empirical,empirical,1274,0.2638,0.2543,
ceiling,5010,6,table,empirical,empirical,1211,0.2579,0.2417,
ceiling,5010,7,fluorescent tube,empirical,empirical,284,0.2474,0.0567,
ceiling,5010,8,ceiling fan,empirical,empirical,192,0.2436,0.0383,
ceiling,5010,9,chandelier,empirical,empirical,274,0.2425,0.0547,
ceiling,5010,10,curtain,empirical,empirical,969,0.2368,0.1934,
ceiling fan,199,1,billiard table,empirical,empirical,23,0.3585,0.1156,
ceiling fan,199,2,cushion,empirical,empirical,72,0.3566,0.3618,
ceiling fan,199,3,air hockey table,empirical,empirical,4,0.3495,0.0201,
ceiling fan,199,4,pillow,empirical,empirical,56,0.3356,0.2814,
ceiling fan,199,5,mat,empirical,empirical,3,0.3354,0.0151,
ceiling fan,199,6,night table,empirical,empirical,65,0.3353,0.3266,
ceiling fan,199,7,bed,empirical,empirical,96,0.3327,0.4824,
ceiling fan,199,8,cue,empirical,empirical,10,0.3212,0.0503,
ceiling fan,199,9,desk lamp,empirical,empirical,84,0.3123,0.4221,
ceiling fan,199,10,music system,empirical,empirical,6,0.3069,0.0302,
ceiling lamp,2535,1,ceiling,empirical,empirical,2323,0.5414,0.9164,
ceiling lamp,2535,2,floor,empirical,empirical,2299,0.3296,0.9069,
ceiling lamp,2535,3,billiard table,empirical,empirical,122,0.3007,0.0481,
ceiling lamp,2535,4,wall,empirical,empirical,2459,0.2842,0.97,
ceiling lamp,2535,5,kitchen island,empirical,empirical,58,0.2739,0.0229,
ceiling lamp,2535,6,chair,empirical,empirical,860,0.2639,0.3393,
ceiling lamp,2535,7,table,empirical,empirical,706,0.2588,0.2785,
ceiling lamp,2535,8,worktop,empirical,empirical,253,0.2473,0.0998,
ceiling lamp,2535,9,sprinkler,empirical,empirical,25,0.2444,0.0099,
ceiling lamp,2535,10,ceiling fan,empirical,empirical,110,0.2413,0.0434,
central reservation,133,1,car front,empirical,empirical,5,0.5037,0.0376,
central reservation,133,2,bridge,empirical,empirical,28,0.4829,0.2105,
central reservation,133,3,car rear,empirical,empirical,15,0.4675,0.1128,
central reservation,133,4,car,empirical,empirical,111,0.466,0.8346,
central reservation,133,5,van rear,empirical,empirical,4,0.4514,0.0301,
central reservation,133,6,road,empirical,empirical,133,0.4501,1.0,
central reservation,133,7,sign,empirical,empirical,77,0.4352,0.5789,
central reservation,133,8,truck,empirical,empirical,22,0.38,0.1654,
central reservation,133,9,van,empirical,empirical,19,0.3504,0.1429,
central reservation,133,10,slope,empirical,empirical,4,0.3423,0.0301,
ceramic figure,24,1,pottery,empirical,empirical,3,0.4233,0.125,
ceramic figure,24,2,cuddly toy,empirical,empirical,3,0.3442,0.125,
ceramic figure,24,3,ottoman,empirical,empirical,4,0.3403,0.1667,
ceramic figure,24,4,blanket,empirical,empirical,3,0.3309,0.125,
ceramic figure,24,5,toy,empirical,empirical,3,0.2928,0.125,
ceramic figure,24,6,pillow,empirical,empirical,9,0.2916,0.375,
ceramic figure,24,7,bed,empirical,empirical,15,0.2808,0.625,
ceramic figure,24,8,cushion,empirical,empirical,10,0.2797,0.4167,
ceramic figure,24,9,television,empirical,empirical,5,0.2757,0.2083,
ceramic figure,24,10,desk lamp,empirical,empirical,13,0.265,0.5417,
chair,2395,1,table,empirical,empirical,1260,0.5759,0.5261,
chair,2395,2,desk,empirical,empirical,357,0.373,0.1491,
chair,2395,3,plate,empirical,empirical,218,0.3301,0.091,
chair,2395,4,sideboard,empirical,empirical,69,0.3281,0.0288,
chair,2395,5,conference table,empirical,empirical,58,0.3273,0.0242,
chair,2395,6,floor,empirical,empirical,2184,0.3237,0.9119,
chair,2395,7,napkin,empirical,empirical,87,0.3217,0.0363,
chair,2395,8,chandelier,empirical,empirical,198,0.3198,0.0827,
chair,2395,9,painting,empirical,empirical,602,0.3031,0.2514,
chair,2395,10,place mat,empirical,empirical,49,0.2973,0.0205,
chandelier,311,1,sideboard,empirical,empirical,26,0.4452,0.0836,
chandelier,311,2,console table,empirical,empirical,21,0.4327,0.0675,
chandelier,311,3,candleholder,empirical,empirical,30,0.4222,0.0965,
chandelier,311,4,table,empirical,empirical,183,0.3492,0.5884,
chandelier,311,5,flower,empirical,empirical,92,0.347,0.2958,
chandelier,311,6,plate,empirical,empirical,50,0.3446,0.1608,
chandelier,311,7,fireplace,empirical,empirical,31,0.3426,0.0997,
chandelier,311,8,vase,empirical,empirical,91,0.3424,0.2926,
chandelier,311,9,pottery,empirical,empirical,12,0.3407,0.0386,
chandelier,311,10,canopy,empirical,empirical,10,0.3307,0.0322,
check-in-desk,15,1,hand trolley,empirical,empirical,3,0.6697,0.2,
check-in-desk,15,2,suitcase,empirical,empirical,7,0.5968,0.4667,
check-in-desk,15,3,elevator,empirical,empirical,4,0.5659,0.2667,
check-in-desk,15,4,glass wall,empirical,empirical,5,0.5197,0.3333,
check-in-desk,15,5,monitor,empirical,empirical,3,0.438,0.2,
check-in-desk,15,6,gate,empirical,empirical,4,0.3846,0.2667,
check-in-desk,15,7,bulletin board,empirical,empirical,4,0.3762,0.2667,
check-in-desk,15,8,person walking,empirical,empirical,8,0.3659,0.5333,
check-in-desk,15,9,person standing,empirical,empirical,9,0.3438,0.6,
check-in-desk,15,10,text,empirical,empirical,4,0.2982,0.2667,
cheese,12,1,grape,empirical,empirical,3,0.6745,0.25,
cheese,12,2,wine glass,empirical,empirical,3,0.6564,0.25,
cheese,12,3,bread,empirical,empirical,3,0.6269,0.25,
cheese,12,4,knife,empirical,empirical,3,0.4817,0.25,
cheese,12,5,kettle,empirical,empirical,3,0.4433,0.25,
cheese,12,6,showcase,empirical,empirical,4,0.4295,0.3333,
cheese,12,7,plate,empirical,empirical,5,0.3645,0.4167,
cheese,12,8,cup,empirical,empirical,3,0.3586,0.25,
cheese,12,9,jar,empirical,empirical,3,0.332,0.25,
cheese,12,10,bowl,empirical,empirical,3,0.318,0.25,
chest,75,1,music system,empirical,empirical,4,0.3611,0.0533,
chest,75,2,wardrobe,empirical,empirical,14,0.3359,0.1867,
chest,75,3,ottoman,empirical,empirical,8,0.3124,0.1067,
chest,75,4,toy,empirical,empirical,8,0.3098,0.1067,
chest,75,5,bed,empirical,empirical,40,0.3005,0.5333,
chest,75,6,cradle,empirical,empirical,4,0.2996,0.0533,
chest,75,7,fireplace,empirical,empirical,8,0.29,0.1067,
chest,75,8,pillow,empirical,empirical,21,0.2848,0.28,
chest,75,9,drawing,empirical,empirical,3,0.2807,0.04,
chest,75,10,blanket,empirical,empirical,5,0.2735,0.0667,
chest of drawer,80,1,bed,empirical,empirical,67,0.4125,0.8375,
chest of drawer,80,2,cradle,empirical,empirical,8,0.4106,0.1,
chest of drawer,80,3,canopy,empirical,empirical,4,0.3475,0.05,
chest of drawer,80,4,night table,empirical,empirical,34,0.3428,0.425,
chest of drawer,80,5,teddy bear,empirical,empirical,5,0.3354,0.0625,
chest of drawer,80,6,desk lamp,empirical,empirical,43,0.3178,0.5375,
chest of drawer,80,7,cuddly toy,empirical,empirical,6,0.3094,0.075,
chest of drawer,80,8,mirror,empirical,empirical,28,0.298,0.35,
chest of drawer,80,9,blanket,empirical,empirical,6,0.295,0.075,
chest of drawer,80,10,television,empirical,empirical,13,0.2778,0.1625,
chimney,107,1,smoke,empirical,empirical,9,0.5729,0.0841,
chimney,107,2,attic,empirical,empirical,10,0.4797,0.0935,
chimney,107,3,porch,empirical,empirical,3,0.4279,0.028,
chimney,107,4,house,empirical,empirical,40,0.4046,0.3738,
chimney,107,5,pylon,empirical,empirical,3,0.3465,0.028,
chimney,107,6,garage door,empirical,empirical,5,0.325,0.0467,
chimney,107,7,hous,empirical,empirical,5,0.3157,0.0467,
chimney,107,8,path,empirical,empirical,19,0.31,0.1776,
chimney,107,9,roof,empirical,empirical,6,0.3091,0.0561,
chimney,107,10,grass,empirical,empirical,50,0.2712,0.4673,
cistern,47,1,toilet,empirical,empirical,41,0.6582,0.8723,
cistern,47,2,washbasin,empirical,empirical,44,0.6573,0.9362,
cistern,47,3,rail,empirical,empirical,8,0.5359,0.1702,
cistern,47,4,bathtub,empirical,empirical,12,0.5245,0.2553,
cistern,47,5,toilet paper,empirical,empirical,12,0.5156,0.2553,
cistern,47,6,toilet lid,empirical,empirical,4,0.5113,0.0851,
cistern,47,7,countertop,empirical,empirical,17,0.4867,0.3617,
cistern,47,8,soap dispenser,empirical,empirical,8,0.4812,0.1702,
cistern,47,9,faucet,empirical,empirical,36,0.4477,0.766,
cistern,47,10,mirror,empirical,empirical,37,0.4467,0.7872,
city,12,1,dock,empirical,empirical,3,0.4875,0.25,
city,12,2,skyscraper,empirical,empirical,9,0.477,0.75,
city,12,3,river water,empirical,empirical,5,0.4036,0.4167,
city,12,4,building,empirical,empirical,11,0.2052,0.9167,
city,12,5,road,empirical,empirical,5,0.1564,0.4167,
city,12,6,sky,empirical,empirical,6,0.0351,0.5,
cliff,35,1,waterfall,empirical,empirical,15,0.6503,0.4286,
cliff,35,2,sea water,empirical,empirical,16,0.3588,0.4571,
cliff,35,3,rock,empirical,empirical,9,0.3244,0.2571,
cliff,35,4,bush,empirical,empirical,5,0.2212,0.1429,
cliff,35,5,water,empirical,empirical,4,0.1391,0.1143,
cliff,35,6,mountain,empirical,empirical,7,0.1204,0.2,
cliff,35,7,sky,empirical,empirical,23,0.0845,0.6571,
cliff,35,8,tree,empirical,empirical,10,0.0121,0.2857,
clock,482,1,desk organizer,empirical,empirical,9,0.3058,0.0187,
clock,482,2,pillow,empirical,empirical,92,0.2921,0.1909,
clock,482,3,night table,empirical,empirical,106,0.2885,0.2199,
clock,482,4,telephone,empirical,empirical,42,0.2871,0.0871,
clock,482,5,desk lamp,empirical,empirical,150,0.2854,0.3112,
clock,482,6,globe,empirical,empirical,5,0.2842,0.0104,
clock,482,7,picture,empirical,empirical,118,0.2627,0.2448,
clock,482,8,potted plant,empirical,empirical,3,0.2624,0.0062,
clock,482,9,glasses,empirical,empirical,8,0.2604,0.0166,
clock,482,10,printer,empirical,empirical,13,0.253,0.027,
closet,21,1,skirt,empirical,empirical,4,0.6756,0.1905,
closet,21,2,trousers,empirical,empirical,9,0.652,0.4286,
closet,21,3,shirt,empirical,empirical,10,0.6365,0.4762,
closet,21,4,jacket,empirical,empirical,9,0.5816,0.4286,
closet,21,5,hanger,empirical,empirical,7,0.5811,0.3333,
closet,21,6,dress,empirical,empirical,7,0.5724,0.3333,
closet,21,7,hat,empirical,empirical,5,0.5024,0.2381,
closet,21,8,boot,empirical,empirical,3,0.4675,0.1429,
closet,21,9,shoe,empirical,empirical,4,0.405,0.1905,
closet,21,10,shower screen,empirical,empirical,3,0.3818,0.1429,
cloth,26,1,lectern,empirical,empirical,3,0.5744,0.1154,
cloth,26,2,pulpit,empirical,empirical,4,0.5362,0.1538,
cloth,26,3,jacket,empirical,empirical,3,0.3525,0.1154,
cloth,26,4,jar,empirical,empirical,5,0.3204,0.1923,
cloth,26,5,cup,empirical,empirical,3,0.2678,0.1154,
cloth,26,6,worktop,empirical,empirical,7,0.261,0.2692,
cloth,26,7,stove,empirical,empirical,6,0.2595,0.2308,
cloth,26,8,tray,empirical,empirical,4,0.2513,0.1538,
cloth,26,9,bag,empirical,empirical,4,0.2496,0.1538,
cloth,26,10,bowl,empirical,empirical,3,0.2273,0.1154,
clothes,91,1,clothes hook,empirical,empirical,21,0.6609,0.2308,
clothes,91,2,dummy,empirical,empirical,9,0.5806,0.0989,
clothes,91,3,shirt,empirical,empirical,19,0.5741,0.2088,
clothes,91,4,jacket,empirical,empirical,15,0.4863,0.1648,
clothes,91,5,t-shirt,empirical,empirical,8,0.4742,0.0879,
clothes,91,6,trousers,empirical,empirical,9,0.4544,0.0989,
clothes,91,7,shoe,empirical,empirical,14,0.4472,0.1538,
clothes,91,8,sweater,empirical,empirical,4,0.3977,0.044,
clothes,91,9,hanger,empirical,empirical,7,0.39,0.0769,
clothes,91,10,boot,empirical,empirical,5,0.378,0.0549,
clothes hanging,18,1,shanty,empirical,empirical,5,0.7207,0.2778,
clothes hanging,18,2,dirt track,empirical,empirical,4,0.4579,0.2222,
clothes hanging,18,3,air conditioning,empirical,empirical,4,0.4135,0.2222,
clothes hanging,18,4,person walking,empirical,empirical,3,0.1872,0.1667,
clothes hanging,18,5,building,empirical,empirical,11,0.149,0.6111,
clothes hanging,18,6,person,empirical,empirical,7,0.1348,0.3889,
clothes hanging,18,7,window,empirical,empirical,14,0.1211,0.7778,
clothes hanging,18,8,door,empirical,empirical,8,0.1074,0.4444,
clothes hanging,18,9,road,empirical,empirical,5,0.1057,0.2778,
clothes hanging,18,10,sidewalk,empirical,empirical,3,0.1049,0.1667,
clothes hook,45,1,clothes,empirical,empirical,21,0.6609,0.4667,
clothes hook,45,2,dummy,empirical,empirical,7,0.6206,0.1556,
clothes hook,45,3,shirt,empirical,empirical,9,0.5105,0.2,
clothes hook,45,4,dress,empirical,empirical,8,0.4992,0.1778,
clothes hook,45,5,hanger,empirical,empirical,7,0.4818,0.1556,
clothes hook,45,6,t-shirt,empirical,empirical,4,0.4356,0.0889,
clothes hook,45,7,jacket,empirical,empirical,7,0.4304,0.1556,
clothes hook,45,8,hat,empirical,empirical,3,0.3228,0.0667,
clothes hook,45,9,stand,empirical,empirical,10,0.3214,0.2222,
clothes hook,45,10,soap,empirical,empirical,3,0.309,0.0667,
cloud,73,1,water lake,empirical,empirical,6,0.5476,0.0822,
cloud,73,2,sun,empirical,empirical,6,0.4382,0.0822,
cloud,73,3,sea water,empirical,empirical,29,0.3705,0.3973,
cloud,73,4,snowy mountain,empirical,empirical,10,0.2693,0.137,
cloud,73,5,sand beach,empirical,empirical,6,0.2541,0.0822,
cloud,73,6,rock,empirical,empirical,10,0.2429,0.137,
cloud,73,7,mountain,empirical,empirical,26,0.2359,0.3562,
cloud,73,8,hill,empirical,empirical,5,0.2255,0.0685,
cloud,73,9,sky,empirical,empirical,71,0.1755,0.9726,
cloud,73,10,land,empirical,empirical,3,0.166,0.0411,
cloudy sky,29,1,snow,empirical,empirical,5,0.4252,0.1724,
cloudy sky,29,2,hill,empirical,empirical,6,0.3721,0.2069,
cloudy sky,29,3,sand beach,empirical,empirical,6,0.3721,0.2069,
cloudy sky,29,4,field,empirical,empirical,6,0.2659,0.2069,
cloudy sky,29,5,palm tree,empirical,empirical,3,0.2557,0.1034,
cloudy sky,29,6,rock,empirical,empirical,5,0.2506,0.1724,
cloudy sky,29,7,mountain,empirical,empirical,12,0.2314,0.4138,
cloudy sky,29,8,sea water,empirical,empirical,6,0.2125,0.2069,
cloudy sky,29,9,bush,empirical,empirical,3,0.17,0.1034,
cloudy sky,29,10,grass,empirical,empirical,9,0.1533,0.3103,
club,15,1,ball,empirical,empirical,9,0.5408,0.6,
club,15,2,person,empirical,empirical,13,0.2602,0.8667,
club,15,3,grass,empirical,empirical,10,0.2601,0.6667,
club,15,4,path,empirical,empirical,3,0.2568,0.2,
club,15,5,tree,empirical,empirical,9,0.112,0.6,
club,15,6,plant,empirical,empirical,3,0.0382,0.2,
coat,16,1,hanger,empirical,empirical,5,0.5487,0.3125,
coat,16,2,dress,empirical,empirical,4,0.4986,0.25,
coat,16,3,suitcase,empirical,empirical,4,0.4804,0.25,
coat,16,4,backpack,empirical,empirical,4,0.4454,0.25,
coat,16,5,shirt,empirical,empirical,3,0.4371,0.1875,
coat,16,6,jacket,empirical,empirical,3,0.4095,0.1875,
coat,16,7,shoe,empirical,empirical,3,0.3895,0.1875,
coat,16,8,purse,empirical,empirical,3,0.3724,0.1875,
coat,16,9,wardrobe,empirical,empirical,5,0.357,0.3125,
coat,16,10,person sitting,empirical,empirical,4,0.1947,0.25,
coffee cup,37,1,napkin,empirical,empirical,7,0.4312,0.1892,
coffee cup,37,2,teapot,empirical,empirical,6,0.4273,0.1622,
coffee cup,37,3,pitcher,empirical,empirical,6,0.4018,0.1622,
coffee cup,37,4,plate,empirical,empirical,11,0.3575,0.2973,
coffee cup,37,5,tray,empirical,empirical,9,0.3405,0.2432,
coffee cup,37,6,candle,empirical,empirical,5,0.3385,0.1351,
coffee cup,37,7,laptop,empirical,empirical,4,0.3362,0.1081,
coffee cup,37,8,fruit,empirical,empirical,3,0.3256,0.0811,
coffee cup,37,9,vase,empirical,empirical,16,0.3125,0.4324,
coffee cup,37,10,flower,empirical,empirical,15,0.3016,0.4054,
coffee maker,149,1,microwave,empirical,empirical,73,0.6212,0.4899,
coffee maker,149,2,stove,empirical,empirical,96,0.605,0.6443,
coffee maker,149,3,worktop,empirical,empirical,107,0.6034,0.7181,
coffee maker,149,4,dishwasher,empirical,empirical,57,0.5971,0.3826,
coffee maker,149,5,refrigerator,empirical,empirical,71,0.5851,0.4765,
coffee maker,149,6,blender,empirical,empirical,11,0.5787,0.0738,
coffee maker,149,7,toaster,empirical,empirical,21,0.5669,0.1409,
coffee maker,149,8,sink,empirical,empirical,95,0.5548,0.6376,
coffee maker,149,9,extractor hood,empirical,empirical,44,0.5173,0.2953,
coffee maker,149,10,knife set,empirical,empirical,11,0.5146,0.0738,
coffee table,350,1,sofa,empirical,empirical,208,0.647,0.5943,
coffee table,350,2,armchair,empirical,empirical,160,0.5163,0.4571,
coffee table,350,3,magazine,empirical,empirical,49,0.4521,0.14,
coffee table,350,4,cushion,empirical,empirical,150,0.4502,0.4286,
coffee table,350,5,floor lamp,empirical,empirical,66,0.4414,0.1886,
coffee table,350,6,side table,empirical,empirical,56,0.4385,0.16,
coffee table,350,7,end table,empirical,empirical,8,0.4343,0.0229,
coffee table,350,8,fireplace,empirical,empirical,49,0.4293,0.14,
coffee table,350,9,ottoman,empirical,empirical,35,0.3779,0.1,
coffee table,350,10,desk lamp,empirical,empirical,156,0.3665,0.4457,
column,638,1,glass ceiling,empirical,empirical,7,0.2961,0.011,
column,638,2,check-in-desk,empirical,empirical,6,0.2866,0.0094,
column,638,3,balustrade,empirical,empirical,12,0.2741,0.0188,
column,638,4,skeleton,empirical,empirical,4,0.2724,0.0063,
column,638,5,conveyor belt,empirical,empirical,15,0.2614,0.0235,
column,638,6,vault,empirical,empirical,11,0.2587,0.0172,
column,638,7,staircase,empirical,empirical,68,0.2541,0.1066,
column,638,8,shop,empirical,empirical,6,0.2498,0.0094,
column,638,9,railing,empirical,empirical,74,0.2486,0.116,
column,638,10,ruin,empirical,empirical,4,0.2406,0.0063,
cone,10,1,pole,empirical,empirical,3,0.2834,0.3,
cone,10,2,fence,empirical,empirical,4,0.2526,0.4,
cone,10,3,car,empirical,empirical,4,0.1885,0.4,
cone,10,4,building,empirical,empirical,6,0.1352,0.6,
cone,10,5,road,empirical,empirical,3,0.1084,0.3,
cone,10,6,person,empirical,empirical,3,0.0909,0.3,
cone,10,7,tree,empirical,empirical,4,0.0517,0.4,
cone,10,8,door,empirical,empirical,3,0.0489,0.3,
cone,10,9,sky,empirical,empirical,5,0.0343,0.5,
conference table,59,1,whiteboard,empirical,empirical,6,0.5748,0.1017,
conference table,59,2,projector,empirical,empirical,4,0.4504,0.0678,
conference table,59,3,air vent,empirical,empirical,4,0.4456,0.0678,
conference table,59,4,swivel chair,empirical,empirical,18,0.436,0.3051,
conference table,59,5,phone,empirical,empirical,6,0.4295,0.1017,
conference table,59,6,ashtray,empirical,empirical,5,0.429,0.0847,
conference table,59,7,projection screen,empirical,empirical,7,0.4095,0.1186,
conference table,59,8,small table,empirical,empirical,8,0.3934,0.1356,
conference table,59,9,television stand,empirical,empirical,3,0.3619,0.0508,
conference table,59,10,picture frame,empirical,empirical,4,0.3568,0.0678,
console table,59,1,candelabra,empirical,empirical,8,0.4866,0.1356,
console table,59,2,chandelier,empirical,empirical,21,0.4327,0.3559,
console table,59,3,fireplace,empirical,empirical,10,0.3622,0.1695,
console table,59,4,mirror,empirical,empirical,26,0.3307,0.4407,
console table,59,5,vase,empirical,empirical,23,0.314,0.3898,
console table,59,6,sofa,empirical,empirical,18,0.3125,0.3051,
console table,59,7,candleholder,empirical,empirical,5,0.3116,0.0847,
console table,59,8,flower,empirical,empirical,22,0.3064,0.3729,
console table,59,9,armchair,empirical,empirical,19,0.2989,0.322,
console table,59,10,plant pot,empirical,empirical,16,0.2781,0.2712,
control tower,18,1,runway,empirical,empirical,9,0.6104,0.5,
control tower,18,2,airplane,empirical,empirical,9,0.6024,0.5,
control tower,18,3,baggage cart,empirical,empirical,3,0.5082,0.1667,
control tower,18,4,truck,empirical,empirical,6,0.4065,0.3333,
control tower,18,5,van,empirical,empirical,5,0.3751,0.2778,
control tower,18,6,car,empirical,empirical,9,0.2392,0.5,
control tower,18,7,building,empirical,empirical,18,0.2332,1.0,
control tower,18,8,streetlight,empirical,empirical,4,0.2175,0.2222,
control tower,18,9,sky,empirical,empirical,18,0.1439,1.0,
control tower,18,10,grass,empirical,empirical,5,0.1282,0.2778,
conveyor belt,58,1,baggage cart,empirical,empirical,13,0.6558,0.2241,
conveyor belt,58,2,suitcase,empirical,empirical,17,0.6063,0.2931,
conveyor belt,58,3,gate,empirical,empirical,12,0.4082,0.2069,
conveyor belt,58,4,finger,empirical,empirical,3,0.4082,0.0517,
conveyor belt,58,5,trolley,empirical,empirical,7,0.4068,0.1207,
conveyor belt,58,6,wheel,empirical,empirical,3,0.3988,0.0517,
conveyor belt,58,7,runway,empirical,empirical,6,0.3775,0.1034,
conveyor belt,58,8,airplane,empirical,empirical,6,0.3698,0.1034,
conveyor belt,58,9,monitor,empirical,empirical,5,0.3608,0.0862,
conveyor belt,58,10,display,empirical,empirical,3,0.3574,0.0517,
cooky,12,1,bread roll,empirical,empirical,4,0.6907,0.3333,
cooky,12,2,loaf,empirical,empirical,4,0.6345,0.3333,
cooky,12,3,showcase,empirical,empirical,10,0.6085,0.8333,
cooky,12,4,cake,empirical,empirical,5,0.6082,0.4167,
cooky,12,5,french bread,empirical,empirical,3,0.5931,0.25,
cooky,12,6,tray,empirical,empirical,6,0.4149,0.5,
cooky,12,7,shelf,empirical,empirical,5,0.2248,0.4167,
cooky,12,8,person,empirical,empirical,7,0.1876,0.5833,
cooky,12,9,floor,empirical,empirical,8,0.0412,0.6667,
cooky,12,10,door,empirical,empirical,3,0.0275,0.25,
counter,295,1,cash register,empirical,empirical,24,0.531,0.0814,
counter,295,2,brochure,empirical,empirical,19,0.4631,0.0644,
counter,295,3,showcase,empirical,empirical,40,0.4445,0.1356,
counter,295,4,french bread,empirical,empirical,11,0.4363,0.0373,
counter,295,5,cake,empirical,empirical,13,0.3721,0.0441,
counter,295,6,candy,empirical,empirical,4,0.3546,0.0136,
counter,295,7,display stand,empirical,empirical,5,0.3308,0.0169,
counter,295,8,bulb,empirical,empirical,4,0.309,0.0136,
counter,295,9,card,empirical,empirical,4,0.2819,0.0136,
counter,295,10,loaf,empirical,empirical,5,0.2802,0.0169,
countertop,200,1,washbasin,empirical,empirical,126,0.7191,0.63,
countertop,200,2,bathtube,empirical,empirical,60,0.6113,0.3,
countertop,200,3,towel,empirical,empirical,93,0.6021,0.465,
countertop,200,4,toilet,empirical,empirical,81,0.5971,0.405,
countertop,200,5,faucet,empirical,empirical,149,0.5796,0.745,
countertop,200,6,mirror,empirical,empirical,150,0.572,0.75,
countertop,200,7,soap dispenser,empirical,empirical,29,0.5547,0.145,
countertop,200,8,soap,empirical,empirical,29,0.5455,0.145,
countertop,200,9,towel rack,empirical,empirical,21,0.5445,0.105,
countertop,200,10,tap wrench,empirical,empirical,17,0.5302,0.085,
court,53,1,basketball hoop,empirical,empirical,18,0.7686,0.3396,
court,53,2,net,empirical,empirical,15,0.6096,0.283,
court,53,3,scoreboard,empirical,empirical,7,0.565,0.1321,
court,53,4,grandstand,empirical,empirical,16,0.527,0.3019,
court,53,5,person player,empirical,empirical,3,0.4525,0.0566,
court,53,6,gate,empirical,empirical,6,0.295,0.1132,
court,53,7,ball,empirical,empirical,4,0.2356,0.0755,
court,53,8,fluorescent tube,empirical,empirical,5,0.1862,0.0943,
court,53,9,pole,empirical,empirical,6,0.184,0.1132,
court,53,10,fence,empirical,empirical,9,0.1648,0.1698,
covered balcony,20,1,shop window,empirical,empirical,5,0.419,0.25,
covered balcony,20,2,balcony,empirical,empirical,5,0.3554,0.25,
covered balcony,20,3,pane,empirical,empirical,4,0.3322,0.2,
covered balcony,20,4,sidewalk,empirical,empirical,13,0.3197,0.65,
covered balcony,20,5,building,empirical,empirical,19,0.2274,0.95,
covered balcony,20,6,car,empirical,empirical,9,0.225,0.45,
covered balcony,20,7,road,empirical,empirical,11,0.2119,0.55,
covered balcony,20,8,person walking,empirical,empirical,3,0.1748,0.15,
covered balcony,20,9,streetlight,empirical,empirical,3,0.164,0.15,
covered balcony,20,10,window,empirical,empirical,19,0.1566,0.95,
covered bridge,11,1,bush,empirical,empirical,5,0.3657,0.4545,
covered bridge,11,2,water,empirical,empirical,6,0.3461,0.5455,
covered bridge,11,3,stone,empirical,empirical,3,0.3259,0.2727,
covered bridge,11,4,fence,empirical,empirical,3,0.1991,0.2727,
covered bridge,11,5,tree,empirical,empirical,11,0.1858,1.0,
covered bridge,11,6,sky,empirical,empirical,10,0.1193,0.9091,
covered bridge,11,7,grass,empirical,empirical,3,0.1184,0.2727,
cow,32,1,field grass,empirical,empirical,4,0.4381,0.125,
cow,32,2,hill,empirical,empirical,5,0.3285,0.1562,
cow,32,3,entrance,empirical,empirical,3,0.292,0.0938,
cow,32,4,fence,empirical,empirical,10,0.2505,0.3125,
cow,32,5,grass,empirical,empirical,16,0.2359,0.5,
cow,32,6,ground,empirical,empirical,9,0.1777,0.2812,
cow,32,7,tree,empirical,empirical,24,0.1637,0.75,
cow,32,8,mountain,empirical,empirical,8,0.1521,0.25,
cow,32,9,field,empirical,empirical,3,0.1513,0.0938,
cow,32,10,railing,empirical,empirical,3,0.13,0.0938,
cpu,100,1,keyboard,empirical,empirical,85,0.7994,0.85,
cpu,100,2,mouse,empirical,empirical,58,0.7851,0.58,
cpu,100,3,screen,empirical,empirical,96,0.7065,0.96,
cpu,100,4,printer,empirical,empirical,30,0.6747,0.3,
cpu,100,5,desk,empirical,empirical,92,0.6309,0.92,
cpu,100,6,desk organizer,empirical,empirical,12,0.579,0.12,
cpu,100,7,mouse pad,empirical,empirical,8,0.573,0.08,
cpu,100,8,loudspeaker,empirical,empirical,16,0.5367,0.16,
cpu,100,9,swivel chair,empirical,empirical,38,0.5272,0.38,
cpu,100,10,paper filer,empirical,empirical,5,0.5166,0.05,
cradle,68,1,mobile,empirical,empirical,12,0.7255,0.1765,
cradle,68,2,teddy bear,empirical,empirical,12,0.5221,0.1765,
cradle,68,3,cuddly toy,empirical,empirical,16,0.5208,0.2353,
cradle,68,4,blanket,empirical,empirical,14,0.4755,0.2059,
cradle,68,5,toy,empirical,empirical,14,0.4289,0.2059,
cradle,68,6,chest of drawer,empirical,empirical,8,0.4106,0.1176,
cradle,68,7,doll,empirical,empirical,4,0.3958,0.0588,
cradle,68,8,ottoman,empirical,empirical,9,0.3465,0.1324,
cradle,68,9,chest,empirical,empirical,4,0.2996,0.0588,
cradle,68,10,drawing,empirical,empirical,3,0.2922,0.0441,
crane,30,1,ship,empirical,empirical,3,0.4118,0.1,
crane,30,2,dock,empirical,empirical,3,0.38,0.1,
crane,30,3,boat,empirical,empirical,4,0.2805,0.1333,
crane,30,4,skyscraper,empirical,empirical,5,0.2542,0.1667,
crane,30,5,palm tree,empirical,empirical,3,0.2517,0.1,
crane,30,6,car,empirical,empirical,14,0.2444,0.4667,
crane,30,7,van,empirical,empirical,3,0.2326,0.1,
crane,30,8,building,empirical,empirical,24,0.2089,0.8,
crane,30,9,road,empirical,empirical,13,0.1831,0.4333,
crane,30,10,sea water,empirical,empirical,5,0.1807,0.1667,
cross,63,1,altar,empirical,empirical,20,0.651,0.3175,
cross,63,2,altarpiece,empirical,empirical,5,0.4986,0.0794,
cross,63,3,candelabra,empirical,empirical,8,0.4779,0.127,
cross,63,4,vault,empirical,empirical,5,0.4239,0.0794,
cross,63,5,pulpit,empirical,empirical,3,0.3804,0.0476,
cross,63,6,candle,empirical,empirical,7,0.3278,0.1111,
cross,63,7,bench,empirical,empirical,13,0.2943,0.2063,
cross,63,8,arch,empirical,empirical,4,0.2895,0.0635,
cross,63,9,dishcloth,empirical,empirical,3,0.2571,0.0476,
cross,63,10,steps,empirical,empirical,12,0.2325,0.1905,
crosswalk,62,1,sidewalk,empirical,empirical,53,0.4478,0.8548,
crosswalk,62,2,person walking,empirical,empirical,32,0.443,0.5161,
crosswalk,62,3,traffic light,empirical,empirical,9,0.4373,0.1452,
crosswalk,62,4,cars side,empirical,empirical,4,0.4106,0.0645,
crosswalk,62,5,manhole cover,empirical,empirical,4,0.4035,0.0645,
crosswalk,62,6,car,empirical,empirical,51,0.3997,0.8226,
crosswalk,62,7,road,empirical,empirical,62,0.3875,1.0,
crosswalk,62,8,bin,empirical,empirical,4,0.3813,0.0645,
crosswalk,62,9,van,empirical,empirical,12,0.3704,0.1935,
crosswalk,62,10,bus,empirical,empirical,5,0.3246,0.0806,
cubicle,24,1,keyboard,empirical,empirical,11,0.4874,0.4583,
cubicle,24,2,swivel chair,empirical,empirical,11,0.4626,0.4583,
cubicle,24,3,screen,empirical,empirical,14,0.4402,0.5833,
cubicle,24,4,cpu,empirical,empirical,3,0.3442,0.125,
cubicle,24,5,laptop,empirical,empirical,3,0.3419,0.125,
cubicle,24,6,telephone,empirical,empirical,5,0.3196,0.2083,
cubicle,24,7,person sitting,empirical,empirical,10,0.2889,0.4167,
cubicle,24,8,paper,empirical,empirical,5,0.2851,0.2083,
cubicle,24,9,desk,empirical,empirical,7,0.2693,0.2917,
cubicle,24,10,column,empirical,empirical,3,0.1267,0.125,
cuddly toy,100,1,teddy bear,empirical,empirical,21,0.593,0.21,
cuddly toy,100,2,mobile,empirical,empirical,6,0.5234,0.06,
cuddly toy,100,3,cradle,empirical,empirical,16,0.5208,0.16,
cuddly toy,100,4,doll,empirical,empirical,9,0.4963,0.09,
cuddly toy,100,5,toy,empirical,empirical,23,0.4789,0.23,
cuddly toy,100,6,ceramic figure,empirical,empirical,3,0.3442,0.03,
cuddly toy,100,7,bunk bed,empirical,empirical,5,0.3383,0.05,
cuddly toy,100,8,blanket,empirical,empirical,9,0.3357,0.09,
cuddly toy,100,9,handle door,empirical,empirical,4,0.3354,0.04,
cuddly toy,100,10,pillow,empirical,empirical,33,0.3326,0.33,
cue,72,1,billiard table,empirical,empirical,70,0.8295,0.9722,
cue,72,2,ball,empirical,empirical,47,0.7104,0.6528,
cue,72,3,air hockey table,empirical,empirical,4,0.473,0.0556,
cue,72,4,arcade machine,empirical,empirical,8,0.4434,0.1111,
cue,72,5,table football,empirical,empirical,6,0.4278,0.0833,
cue,72,6,television,empirical,empirical,19,0.3663,0.2639,
cue,72,7,sofa,empirical,empirical,23,0.3314,0.3194,
cue,72,8,ceiling fan,empirical,empirical,10,0.3212,0.1389,
cue,72,9,remote control,empirical,empirical,3,0.2813,0.0417,
cue,72,10,fireplace,empirical,empirical,7,0.2729,0.0972,
cup,177,1,plate,empirical,empirical,87,0.5986,0.4915,
cup,177,2,bowl,empirical,empirical,51,0.5015,0.2881,
cup,177,3,cutting board,empirical,empirical,11,0.5014,0.0621,
cup,177,4,knife,empirical,empirical,20,0.4998,0.113,
cup,177,5,dish towel,empirical,empirical,6,0.49,0.0339,
cup,177,6,bottle rack,empirical,empirical,6,0.4789,0.0339,
cup,177,7,teapot,empirical,empirical,22,0.4716,0.1243,
cup,177,8,mouse pad,empirical,empirical,7,0.4711,0.0395,
cup,177,9,decorative plate,empirical,empirical,8,0.4676,0.0452,
cup,177,10,bread,empirical,empirical,7,0.4558,0.0395,
curb,54,1,sidewalk,empirical,empirical,24,0.2911,0.4444,
curb,54,2,path,empirical,empirical,10,0.2885,0.1852,
curb,54,3,grass,empirical,empirical,31,0.2835,0.5741,
curb,54,4,road,empirical,empirical,35,0.2794,0.6481,
curb,54,5,streetlight,empirical,empirical,14,0.2787,0.2593,
curb,54,6,shop window,empirical,empirical,4,0.2599,0.0741,
curb,54,7,car,empirical,empirical,24,0.2573,0.4444,
curb,54,8,sign,empirical,empirical,17,0.2485,0.3148,
curb,54,9,plant,empirical,empirical,34,0.2417,0.6296,
curb,54,10,truck,empirical,empirical,5,0.2373,0.0926,
curtain,1518,1,bed,empirical,empirical,613,0.4699,0.4038,
curtain,1518,2,night table,empirical,empirical,381,0.4249,0.251,
curtain,1518,3,desk lamp,empirical,empirical,522,0.4211,0.3439,
curtain,1518,4,pillow,empirical,empirical,307,0.3975,0.2022,
curtain,1518,5,cushion,empirical,empirical,330,0.3654,0.2174,
curtain,1518,6,curtain rod,empirical,empirical,31,0.342,0.0204,
curtain,1518,7,armchair,empirical,empirical,248,0.3207,0.1634,
curtain,1518,8,rail,empirical,empirical,31,0.3104,0.0204,
curtain,1518,9,painting,empirical,empirical,409,0.2898,0.2694,
curtain,1518,10,radiator,empirical,empirical,59,0.2841,0.0389,
curtain rod,37,1,bathtube,empirical,empirical,13,0.5011,0.3514,
curtain rod,37,2,stall shower,empirical,empirical,4,0.4697,0.1081,
curtain rod,37,3,toilet,empirical,empirical,15,0.4515,0.4054,
curtain rod,37,4,shower,empirical,empirical,6,0.4093,0.1622,
curtain rod,37,5,soap dish,empirical,empirical,3,0.404,0.0811,
curtain rod,37,6,washbasin,empirical,empirical,10,0.3543,0.2703,
curtain rod,37,7,curtain,empirical,empirical,31,0.342,0.8378,
curtain rod,37,8,countertop,empirical,empirical,6,0.3194,0.1622,
curtain rod,37,9,towel,empirical,empirical,8,0.3045,0.2162,
curtain rod,37,10,desk lamp,empirical,empirical,19,0.2721,0.5135,
cushion,809,1,desk lamp,empirical,empirical,453,0.5433,0.56,
cushion,809,2,night table,empirical,empirical,327,0.5325,0.4042,
cushion,809,3,bed,empirical,empirical,461,0.5303,0.5698,
cushion,809,4,sofa,empirical,empirical,248,0.5134,0.3066,
cushion,809,5,pillow,empirical,empirical,251,0.4825,0.3103,
cushion,809,6,ottoman,empirical,empirical,87,0.4588,0.1075,
cushion,809,7,coffee table,empirical,empirical,150,0.4502,0.1854,
cushion,809,8,armchair,empirical,empirical,197,0.3958,0.2435,
cushion,809,9,small table,empirical,empirical,49,0.3771,0.0606,
cushion,809,10,floor lamp,empirical,empirical,94,0.3767,0.1162,
cutlery,12,1,blender,empirical,empirical,4,0.6907,0.3333,
cutlery,12,2,teapot,empirical,empirical,5,0.5354,0.4167,
cutlery,12,3,coffee maker,empirical,empirical,6,0.5009,0.5,
cutlery,12,4,knife,empirical,empirical,3,0.4817,0.25,
cutlery,12,5,dishwasher,empirical,empirical,5,0.4263,0.4167,
cutlery,12,6,pot,empirical,empirical,7,0.4216,0.5833,
cutlery,12,7,stove,empirical,empirical,8,0.4101,0.6667,
cutlery,12,8,microwave,empirical,empirical,5,0.393,0.4167,
cutlery,12,9,refrigerator,empirical,empirical,5,0.3745,0.4167,
cutlery,12,10,worktop,empirical,empirical,7,0.3618,0.5833,
cutting board,25,1,decorative plate,empirical,empirical,5,0.6259,0.2,
cutting board,25,2,dish towel,empirical,empirical,3,0.5986,0.12,
cutting board,25,3,knife,empirical,empirical,8,0.5772,0.32,
cutting board,25,4,wine glass,empirical,empirical,3,0.5703,0.12,
cutting board,25,5,kitchen island,empirical,empirical,8,0.5519,0.32,
cutting board,25,6,dish rack,empirical,empirical,4,0.5409,0.16,
cutting board,25,7,bread,empirical,empirical,3,0.5408,0.12,
cutting board,25,8,utensils canister,empirical,empirical,3,0.512,0.12,
cutting board,25,9,pitcher,empirical,empirical,8,0.5073,0.32,
cutting board,25,10,cup,empirical,empirical,11,0.5014,0.44,
dam,19,1,water,empirical,empirical,14,0.4312,0.7368,
dam,19,2,embankment,empirical,empirical,4,0.4271,0.2105,
dam,19,3,ground,empirical,empirical,10,0.2659,0.5263,
dam,19,4,bush,empirical,empirical,3,0.2197,0.1579,
dam,19,5,sky,empirical,empirical,18,0.1358,0.9474,
dam,19,6,mountain,empirical,empirical,4,0.1184,0.2105,
dam,19,7,building,empirical,empirical,8,0.0933,0.4211,
dam,19,8,car,empirical,empirical,3,0.073,0.1579,
dam,19,9,tree,empirical,empirical,8,0.0632,0.4211,
dashboard,15,1,steering wheel,empirical,empirical,10,0.8568,0.6667,
dashboard,15,2,windshield,empirical,empirical,13,0.8565,0.8667,
dashboard,15,3,door handle,empirical,empirical,6,0.6437,0.4,
dashboard,15,4,stick,empirical,empirical,3,0.5332,0.2,
dashboard,15,5,seat,empirical,empirical,15,0.4996,1.0,
dashboard,15,6,door,empirical,empirical,12,0.1959,0.8,
dashboard,15,7,floor,empirical,empirical,15,0.1037,1.0,
dashboard,15,8,wall,empirical,empirical,13,0.0569,0.8667,
dashboard,15,9,window,empirical,empirical,7,0.0436,0.4667,
deck,16,1,ship,empirical,empirical,4,0.5375,0.25,
deck,16,2,deck chair,empirical,empirical,4,0.4928,0.25,
deck,16,3,sea water,empirical,empirical,11,0.3967,0.6875,
deck,16,4,boat,empirical,empirical,3,0.3111,0.1875,
deck,16,5,person standing,empirical,empirical,6,0.2659,0.375,
deck,16,6,railing,empirical,empirical,4,0.2538,0.25,
deck,16,7,person walking,empirical,empirical,3,0.201,0.1875,
deck,16,8,water,empirical,empirical,3,0.1926,0.1875,
deck,16,9,sconce,empirical,empirical,3,0.1653,0.1875,
deck,16,10,person sitting,empirical,empirical,3,0.1544,0.1875,
deck chair,65,1,swimming pool,empirical,empirical,15,0.6781,0.2308,
deck chair,65,2,pool,empirical,empirical,6,0.5417,0.0923,
deck chair,65,3,heated swimming pool,empirical,empirical,5,0.5269,0.0769,
deck chair,65,4,deck,empirical,empirical,4,0.4928,0.0615,
deck chair,65,5,jacuzzi,empirical,empirical,6,0.422,0.0923,
deck chair,65,6,umbrella,empirical,empirical,8,0.407,0.1231,
deck chair,65,7,ship,empirical,empirical,5,0.4053,0.0769,
deck chair,65,8,palm tree,empirical,empirical,11,0.3698,0.1692,
deck chair,65,9,sea water,empirical,empirical,17,0.2797,0.2615,
deck chair,65,10,roof,empirical,empirical,3,0.261,0.0462,
decoration,52,1,small table,empirical,empirical,15,0.5384,0.2885,
decoration,52,2,candle,empirical,empirical,10,0.4188,0.1923,
decoration,52,3,picture frame,empirical,empirical,5,0.4104,0.0962,
decoration,52,4,fireplace,empirical,empirical,9,0.3598,0.1731,
decoration,52,5,magazine,empirical,empirical,8,0.3559,0.1538,
decoration,52,6,bouquet,empirical,empirical,7,0.3471,0.1346,
decoration,52,7,ottoman,empirical,empirical,7,0.3373,0.1346,
decoration,52,8,statue,empirical,empirical,6,0.3206,0.1154,
decoration,52,9,sofa,empirical,empirical,17,0.32,0.3269,
decoration,52,10,armchair,empirical,empirical,19,0.3179,0.3654,
decorative plate,20,1,cutting board,empirical,empirical,5,0.6259,0.25,
decorative plate,20,2,dish towel,empirical,empirical,3,0.6248,0.15,
decorative plate,20,3,vent,empirical,empirical,3,0.6248,0.15,
decorative plate,20,4,wine glass,empirical,empirical,3,0.5965,0.15,
decorative plate,20,5,object,empirical,empirical,5,0.5875,0.25,
decorative plate,20,6,bread,empirical,empirical,3,0.5669,0.15,
decorative plate,20,7,dish rack,empirical,empirical,3,0.5151,0.15,
decorative plate,20,8,pitcher,empirical,empirical,7,0.5101,0.35,
decorative plate,20,9,kettle,empirical,empirical,6,0.5059,0.3,
decorative plate,20,10,picture frame,empirical,empirical,4,0.4882,0.2,
dental chair,14,1,set of instrument,empirical,empirical,4,0.7143,0.2857,
dental chair,14,2,equipment,empirical,empirical,6,0.7043,0.4286,
dental chair,14,3,screen,empirical,empirical,5,0.3223,0.3571,
dental chair,14,4,swivel chair,empirical,empirical,3,0.3028,0.2143,
dental chair,14,5,cabinet,empirical,empirical,6,0.1499,0.4286,
dental chair,14,6,painting,empirical,empirical,4,0.134,0.2857,
dental chair,14,7,ceiling lamp,empirical,empirical,5,0.0936,0.3571,
dental chair,14,8,floor,empirical,empirical,13,0.0911,0.9286,
dental chair,14,9,wall,empirical,empirical,14,0.078,1.0,
dental chair,14,10,window,empirical,empirical,7,0.0526,0.5,
desk,555,1,keyboard,empirical,empirical,168,0.6908,0.3027,
desk,555,2,screen,empirical,empirical,229,0.6515,0.4126,
desk,555,3,mouse,empirical,empirical,99,0.6339,0.1784,
desk,555,4,cpu,empirical,empirical,92,0.6309,0.1658,
desk,555,5,printer,empirical,empirical,64,0.5931,0.1153,
desk,555,6,swivel chair,empirical,empirical,120,0.5359,0.2162,
desk,555,7,laptop,empirical,empirical,66,0.5275,0.1189,
desk,555,8,folder,empirical,empirical,38,0.4867,0.0685,
desk,555,9,desk organizer,empirical,empirical,24,0.4828,0.0432,
desk,555,10,mouse pad,empirical,empirical,16,0.4819,0.0288,
desk lamp,1255,1,night table,empirical,empirical,612,0.6954,0.4876,
desk lamp,1255,2,bed,empirical,empirical,790,0.6611,0.6295,
desk lamp,1255,3,pillow,empirical,empirical,404,0.5562,0.3219,
desk lamp,1255,4,cushion,empirical,empirical,453,0.5433,0.361,
desk lamp,1255,5,painting,empirical,empirical,516,0.4352,0.4112,
desk lamp,1255,6,curtain,empirical,empirical,522,0.4211,0.4159,
desk lamp,1255,7,armchair,empirical,empirical,265,0.3895,0.2112,
desk lamp,1255,8,coffee table,empirical,empirical,156,0.3665,0.1243,
desk lamp,1255,9,book,empirical,empirical,257,0.361,0.2048,
desk lamp,1255,10,telephone,empirical,empirical,111,0.347,0.0884,
desk mat,10,1,keyboard,empirical,empirical,9,0.5652,0.9,
desk mat,10,2,phone,empirical,empirical,3,0.5215,0.3,
desk mat,10,3,swivel chair,empirical,empirical,6,0.4612,0.6,
desk mat,10,4,desk,empirical,empirical,10,0.4509,1.0,
desk mat,10,5,screen,empirical,empirical,8,0.4494,0.8,
desk mat,10,6,cpu,empirical,empirical,3,0.447,0.3,
desk mat,10,7,paper,empirical,empirical,5,0.3945,0.5,
desk mat,10,8,book,empirical,empirical,8,0.3756,0.8,
desk mat,10,9,sconce,empirical,empirical,7,0.3552,0.7,
desk mat,10,10,box,empirical,empirical,6,0.2882,0.6,
desk organizer,29,1,paper filer,empirical,empirical,6,0.7101,0.2069,
desk organizer,29,2,mouse,empirical,empirical,17,0.6447,0.5862,
desk organizer,29,3,printer,empirical,empirical,11,0.6134,0.3793,
desk organizer,29,4,loudspeaker,empirical,empirical,10,0.6072,0.3448,
desk organizer,29,5,pen,empirical,empirical,8,0.586,0.2759,
desk organizer,29,6,cpu,empirical,empirical,12,0.579,0.4138,
desk organizer,29,7,wastepaper basket,empirical,empirical,6,0.5733,0.2069,
desk organizer,29,8,keyboard,empirical,empirical,16,0.5412,0.5517,
desk organizer,29,9,laptop,empirical,empirical,9,0.5151,0.3103,
desk organizer,29,10,dvd,empirical,empirical,3,0.4998,0.1034,
dirt track,77,1,shanty,empirical,empirical,6,0.5751,0.0779,
dirt track,77,2,clothes hanging,empirical,empirical,4,0.4579,0.0519,
dirt track,77,3,bush,empirical,empirical,15,0.3012,0.1948,
dirt track,77,4,embankment,empirical,empirical,5,0.2921,0.0649,
dirt track,77,5,hut,empirical,empirical,3,0.2654,0.039,
dirt track,77,6,field,empirical,empirical,11,0.2369,0.1429,
dirt track,77,7,truck,empirical,empirical,6,0.2207,0.0779,
dirt track,77,8,hill,empirical,empirical,5,0.2189,0.0649,
dirt track,77,9,stone,empirical,empirical,7,0.2187,0.0909,
dirt track,77,10,house,empirical,empirical,11,0.199,0.1429,
dish,26,1,spoon,empirical,empirical,3,0.4843,0.1154,
dish,26,2,mug,empirical,empirical,7,0.4629,0.2692,
dish,26,3,knife,empirical,empirical,4,0.4396,0.1538,
dish,26,4,kettle,empirical,empirical,5,0.4388,0.1923,
dish,26,5,bowl,empirical,empirical,8,0.387,0.3077,
dish,26,6,pitcher,empirical,empirical,4,0.3756,0.1538,
dish,26,7,extractor hood,empirical,empirical,6,0.3541,0.2308,
dish,26,8,teapot,empirical,empirical,3,0.3525,0.1154,
dish,26,9,plate,empirical,empirical,8,0.347,0.3077,
dish,26,10,worktop,empirical,empirical,11,0.34,0.4231,
dish rack,28,1,soap bottle,empirical,empirical,7,0.6386,0.25,
dish rack,28,2,dishcloth,empirical,empirical,12,0.6152,0.4286,
dish rack,28,3,sponge,empirical,empirical,3,0.5965,0.1071,
dish rack,28,4,dish towel,empirical,empirical,3,0.5853,0.1071,
dish rack,28,5,cutting board,empirical,empirical,4,0.5409,0.1429,
dish rack,28,6,decorative plate,empirical,empirical,3,0.5151,0.1071,
dish rack,28,7,sink,empirical,empirical,25,0.4917,0.8929,
dish rack,28,8,dishwasher,empirical,empirical,12,0.4826,0.4286,
dish rack,28,9,worktop,empirical,empirical,23,0.481,0.8214,
dish rack,28,10,stove,empirical,empirical,20,0.4773,0.7143,
dish towel,11,1,decorative plate,empirical,empirical,3,0.6248,0.2727,
dish towel,11,2,cutting board,empirical,empirical,3,0.5986,0.2727,
dish towel,11,3,dish rack,empirical,empirical,3,0.5853,0.2727,
dish towel,11,4,kettle,empirical,empirical,4,0.5043,0.3636,
dish towel,11,5,cup,empirical,empirical,6,0.49,0.5455,
dish towel,11,6,bouquet,empirical,empirical,5,0.4845,0.4545,
dish towel,11,7,oven,empirical,empirical,6,0.4796,0.5455,
dish towel,11,8,dishwasher,empirical,empirical,6,0.4707,0.5455,
dish towel,11,9,pitcher,empirical,empirical,3,0.4301,0.2727,
dish towel,11,10,stove,empirical,empirical,8,0.4217,0.7273,
dishcloth,80,1,dish rack,empirical,empirical,12,0.6152,0.15,
dishcloth,80,2,stove,empirical,empirical,66,0.6088,0.825,
dishcloth,80,3,worktop,empirical,empirical,66,0.5752,0.825,
dishcloth,80,4,saucepan,empirical,empirical,13,0.5631,0.1625,
dishcloth,80,5,microwave,empirical,empirical,38,0.5482,0.475,
dishcloth,80,6,sink,empirical,empirical,61,0.5427,0.7625,
dishcloth,80,7,dishwasher,empirical,empirical,30,0.5322,0.375,
dishcloth,80,8,wine glass,empirical,empirical,5,0.5252,0.0625,
dishcloth,80,9,potted plant,empirical,empirical,4,0.5247,0.05,
dishcloth,80,10,refrigerator,empirical,empirical,38,0.5234,0.475,
dishwasher,206,1,worktop,empirical,empirical,185,0.7294,0.8981,
dishwasher,206,2,stove,empirical,empirical,161,0.7166,0.7816,
dishwasher,206,3,sink,empirical,empirical,167,0.6778,0.8107,
dishwasher,206,4,microwave,empirical,empirical,95,0.6416,0.4612,
dishwasher,206,5,extractor hood,empirical,empirical,73,0.6007,0.3544,
dishwasher,206,6,coffee maker,empirical,empirical,57,0.5971,0.2767,
dishwasher,206,7,faucet,empirical,empirical,150,0.5755,0.7282,
dishwasher,206,8,kitchen island,empirical,empirical,34,0.5743,0.165,
dishwasher,206,9,oven,empirical,empirical,59,0.5613,0.2864,
dishwasher,206,10,refrigerator,empirical,empirical,79,0.5556,0.3835,
display,37,1,brochure,empirical,empirical,3,0.3898,0.0811,
display,37,2,vending machine,empirical,empirical,3,0.368,0.0811,
display,37,3,trolley,empirical,empirical,4,0.3657,0.1081,
display,37,4,conveyor belt,empirical,empirical,3,0.3574,0.0811,
display,37,5,counter,empirical,empirical,6,0.2697,0.1622,
display,37,6,screen,empirical,empirical,7,0.2536,0.1892,
display,37,7,magazine,empirical,empirical,3,0.2397,0.0811,
display,37,8,stand,empirical,empirical,5,0.2315,0.1351,
display,37,9,awning,empirical,empirical,3,0.2126,0.0811,
display,37,10,sign,empirical,empirical,10,0.2096,0.2703,
display stand,18,1,stand,empirical,empirical,7,0.3794,0.3889,
display stand,18,2,purse,empirical,empirical,3,0.3586,0.1667,
display stand,18,3,counter,empirical,empirical,5,0.3308,0.2778,
display stand,18,4,bookcase,empirical,empirical,3,0.3116,0.1667,
display stand,18,5,book,empirical,empirical,6,0.2499,0.3333,
display stand,18,6,screen,empirical,empirical,3,0.2135,0.1667,
display stand,18,7,box,empirical,empirical,5,0.1854,0.2778,
display stand,18,8,shelf,empirical,empirical,5,0.1742,0.2778,
display stand,18,9,person,empirical,empirical,8,0.1549,0.4444,
display stand,18,10,person standing,empirical,empirical,3,0.1491,0.1667,
dock,59,1,boat,empirical,empirical,32,0.6034,0.5424,
dock,59,2,city,empirical,empirical,3,0.4875,0.0508,
dock,59,3,river water,empirical,empirical,18,0.4342,0.3051,
dock,59,4,ship,empirical,empirical,5,0.4174,0.0847,
dock,59,5,water,empirical,empirical,28,0.4088,0.4746,
dock,59,6,skyscraper,empirical,empirical,18,0.3924,0.3051,
dock,59,7,crane,empirical,empirical,3,0.38,0.0508,
dock,59,8,aerial,empirical,empirical,3,0.3088,0.0508,
dock,59,9,sea water,empirical,empirical,13,0.2447,0.2203,
dock,59,10,bridge,empirical,empirical,4,0.2311,0.0678,
dog,61,1,kennel,empirical,empirical,6,0.6384,0.0984,
dog,61,2,grille door,empirical,empirical,4,0.5355,0.0656,
dog,61,3,hose,empirical,empirical,3,0.4237,0.0492,
dog,61,4,entrance,empirical,empirical,3,0.2163,0.0492,
dog,61,5,house,empirical,empirical,8,0.1792,0.1311,
dog,61,6,bucket,empirical,empirical,4,0.1746,0.0656,
dog,61,7,grille,empirical,empirical,3,0.1677,0.0492,
dog,61,8,basket,empirical,empirical,6,0.1442,0.0984,
dog,61,9,person,empirical,empirical,21,0.1387,0.3443,
dog,61,10,person walking,empirical,empirical,6,0.1364,0.0984,
doll,34,1,cuddly toy,empirical,empirical,9,0.4963,0.2647,
doll,34,2,toy,empirical,empirical,11,0.4772,0.3235,
doll,34,3,teddy bear,empirical,empirical,6,0.4758,0.1765,
doll,34,4,cradle,empirical,empirical,4,0.3958,0.1176,
doll,34,5,basket,empirical,empirical,8,0.2654,0.2353,
doll,34,6,box,empirical,empirical,13,0.2559,0.3824,
doll,34,7,pillow,empirical,empirical,9,0.2447,0.2647,
doll,34,8,picture,empirical,empirical,13,0.2438,0.3824,
doll,34,9,shelf,empirical,empirical,13,0.2431,0.3824,
doll,34,10,bed,empirical,empirical,16,0.242,0.4706,
dome,69,1,mosque,empirical,empirical,4,0.5205,0.058,
dome,69,2,arch,empirical,empirical,5,0.3141,0.0725,
dome,69,3,tower,empirical,empirical,4,0.2812,0.058,
dome,69,4,entrance,empirical,empirical,5,0.2785,0.0725,
dome,69,5,traffic light,empirical,empirical,3,0.2393,0.0435,
dome,69,6,building,empirical,empirical,54,0.2351,0.7826,
dome,69,7,chimney,empirical,empirical,3,0.2123,0.0435,
dome,69,8,staircase,empirical,empirical,7,0.1724,0.1014,
dome,69,9,grass,empirical,empirical,21,0.1701,0.3043,
dome,69,10,sky,empirical,empirical,65,0.1668,0.942,
door,2970,1,door frame,empirical,empirical,191,0.2963,0.0643,
door,2970,2,door knob,empirical,empirical,69,0.2932,0.0232,
door,2970,3,door handle,empirical,empirical,39,0.2722,0.0131,
door,2970,4,handle door,empirical,empirical,34,0.2478,0.0114,
door,2970,5,window,empirical,empirical,1596,0.212,0.5374,
door,2970,6,pane,empirical,empirical,109,0.2109,0.0367,
door,2970,7,shop window,empirical,empirical,78,0.2095,0.0263,
door,2970,8,satellite dish,empirical,empirical,10,0.2085,0.0034,
door,2970,9,balcony,empirical,empirical,115,0.2014,0.0387,
door,2970,10,badge,empirical,empirical,11,0.2014,0.0037,
door frame,265,1,switch,empirical,empirical,53,0.401,0.2,
door frame,265,2,handle door,empirical,empirical,11,0.3875,0.0415,
door frame,265,3,knife set,empirical,empirical,8,0.3742,0.0302,
door frame,265,4,baseboard,empirical,empirical,7,0.3603,0.0264,
door frame,265,5,salt,empirical,empirical,4,0.357,0.0151,
door frame,265,6,air hockey table,empirical,empirical,5,0.3513,0.0189,
door frame,265,7,hotpl,empirical,empirical,5,0.3375,0.0189,
door frame,265,8,outlet,empirical,empirical,71,0.3266,0.2679,
door frame,265,9,worktop,empirical,empirical,58,0.3231,0.2189,
door frame,265,10,pepper,empirical,empirical,4,0.3221,0.0151,
door handle,39,1,dashboard,empirical,empirical,6,0.6437,0.1538,
door handle,39,2,safety belt,empirical,empirical,3,0.5576,0.0769,
door handle,39,3,steering wheel,empirical,empirical,4,0.534,0.1026,
door handle,39,4,windshield,empirical,empirical,5,0.5156,0.1282,
door handle,39,5,apple,empirical,empirical,3,0.421,0.0769,
door handle,39,6,door,empirical,empirical,39,0.2722,1.0,
door handle,39,7,seat,empirical,empirical,9,0.2676,0.2308,
door handle,39,8,switch,empirical,empirical,6,0.2559,0.1538,
door handle,39,9,door frame,empirical,empirical,5,0.2477,0.1282,
door handle,39,10,bowl,empirical,empirical,4,0.2209,0.1026,
door knob,72,1,shower curtain,empirical,empirical,3,0.438,0.0417,
door knob,72,2,toilet,empirical,empirical,17,0.3801,0.2361,
door knob,72,3,towel,empirical,empirical,19,0.3739,0.2639,
door knob,72,4,soap dispenser,empirical,empirical,6,0.3722,0.0833,
door knob,72,5,towel rack,empirical,empirical,4,0.3575,0.0556,
door knob,72,6,countertop,empirical,empirical,12,0.3543,0.1667,
door knob,72,7,toilet paper,empirical,empirical,7,0.3535,0.0972,
door knob,72,8,stall shower,empirical,empirical,3,0.3419,0.0417,
door knob,72,9,washbasin,empirical,empirical,15,0.3374,0.2083,
door knob,72,10,bathtube,empirical,empirical,9,0.337,0.125,
doorway,12,1,object,empirical,empirical,4,0.6065,0.3333,
doorway,12,2,dishwasher,empirical,empirical,3,0.3408,0.25,
doorway,12,3,bowl,empirical,empirical,3,0.318,0.25,
doorway,12,4,rug,empirical,empirical,3,0.2498,0.25,
doorway,12,5,stove,empirical,empirical,3,0.2477,0.25,
doorway,12,6,book,empirical,empirical,4,0.2376,0.3333,
doorway,12,7,flower,empirical,empirical,4,0.2293,0.3333,
doorway,12,8,worktop,empirical,empirical,3,0.2263,0.25,
doorway,12,9,sink,empirical,empirical,3,0.2199,0.25,
doorway,12,10,bottle,empirical,empirical,3,0.2052,0.25,
double door,286,1,pane,empirical,empirical,32,0.3501,0.1119,
double door,286,2,shop window,empirical,empirical,18,0.2938,0.0629,
double door,286,3,brand name,empirical,empirical,10,0.2522,0.035,
double door,286,4,door frame,empirical,empirical,22,0.2256,0.0769,
double door,286,5,table football,empirical,empirical,5,0.2231,0.0175,
double door,286,6,cue,empirical,empirical,7,0.2125,0.0245,
double door,286,7,awning,empirical,empirical,16,0.2104,0.0559,
double door,286,8,kitchen island,empirical,empirical,7,0.2072,0.0245,
double door,286,9,glass wall,empirical,empirical,7,0.2021,0.0245,
double door,286,10,grand piano,empirical,empirical,3,0.1987,0.0105,
drain,11,1,soap,empirical,empirical,5,0.5684,0.4545,
drain,11,2,sink,empirical,empirical,7,0.3659,0.6364,
drain,11,3,countertop,empirical,empirical,3,0.3545,0.2727,
drain,11,4,towel,empirical,empirical,4,0.3421,0.3636,
drain,11,5,faucet,empirical,empirical,7,0.328,0.6364,
drain,11,6,toilet,empirical,empirical,3,0.3197,0.2727,
drain,11,7,mirror,empirical,empirical,3,0.1905,0.2727,
drain,11,8,cabinet,empirical,empirical,6,0.1807,0.5455,
drain,11,9,wall,empirical,empirical,11,0.0754,1.0,
drain,11,10,floor,empirical,empirical,8,0.0528,0.7273,
drawer,350,1,worktop,empirical,empirical,121,0.4671,0.3457,
drawer,350,2,oven,empirical,empirical,59,0.4656,0.1686,
drawer,350,3,baseboard,empirical,empirical,14,0.4556,0.04,
drawer,350,4,knife set,empirical,empirical,14,0.4446,0.04,
drawer,350,5,stove,empirical,empirical,98,0.4419,0.28,
drawer,350,6,extractor hood,empirical,empirical,57,0.4346,0.1629,
drawer,350,7,dishwasher,empirical,empirical,54,0.43,0.1543,
drawer,350,8,knob,empirical,empirical,9,0.4291,0.0257,
drawer,350,9,hotpl,empirical,empirical,10,0.4262,0.0286,
drawer,350,10,sink,empirical,empirical,103,0.4086,0.2943,
drawing,55,1,easel,empirical,empirical,11,0.5353,0.2,
drawing,55,2,toy,empirical,empirical,17,0.5011,0.3091,
drawing,55,3,board,empirical,empirical,16,0.4701,0.2909,
drawing,55,4,rocking chair,empirical,empirical,3,0.4549,0.0545,
drawing,55,5,blackboard,empirical,empirical,3,0.3306,0.0545,
drawing,55,6,cuddly toy,empirical,empirical,5,0.3264,0.0909,
drawing,55,7,basket,empirical,empirical,15,0.3109,0.2727,
drawing,55,8,paper,empirical,empirical,10,0.2935,0.1818,
drawing,55,9,cradle,empirical,empirical,3,0.2922,0.0545,
drawing,55,10,notebook,empirical,empirical,4,0.2834,0.0727,
dress,62,1,shirt,empirical,empirical,29,0.7421,0.4677,
dress,62,2,trousers,empirical,empirical,23,0.7241,0.371,
dress,62,3,hanger,empirical,empirical,24,0.7156,0.3871,
dress,62,4,sweater,empirical,empirical,13,0.6857,0.2097,
dress,62,5,jacket,empirical,empirical,23,0.6435,0.371,
dress,62,6,skirt,empirical,empirical,6,0.6241,0.0968,
dress,62,7,shoe,empirical,empirical,23,0.6172,0.371,
dress,62,8,closet,empirical,empirical,7,0.5724,0.1129,
dress,62,9,t-shirt,empirical,empirical,10,0.5717,0.1613,
dress,62,10,purse,empirical,empirical,17,0.5237,0.2742,
dresser,43,1,bouquet,empirical,empirical,17,0.5513,0.3953,
dresser,43,2,slipper,empirical,empirical,3,0.5066,0.0698,
dresser,43,3,headboard,empirical,empirical,4,0.4479,0.093,
dresser,43,4,pillow,empirical,empirical,23,0.3886,0.5349,
dresser,43,5,wardrobe,empirical,empirical,12,0.385,0.2791,
dresser,43,6,rug,empirical,empirical,17,0.3813,0.3953,
dresser,43,7,hat,empirical,empirical,4,0.3746,0.093,
dresser,43,8,bed,empirical,empirical,35,0.3636,0.814,
dresser,43,9,small table,empirical,empirical,5,0.3511,0.1163,
dresser,43,10,picture frame,empirical,empirical,3,0.3481,0.0698,
dried flower,23,1,vase,empirical,empirical,16,0.3819,0.6957,
dried flower,23,2,bowl,empirical,empirical,5,0.3209,0.2174,
dried flower,23,3,basket,empirical,empirical,8,0.3173,0.3478,
dried flower,23,4,dishwasher,empirical,empirical,4,0.3086,0.1739,
dried flower,23,5,coffee maker,empirical,empirical,3,0.3024,0.1304,
dried flower,23,6,tray,empirical,empirical,5,0.3015,0.2174,
dried flower,23,7,stove,empirical,empirical,7,0.3007,0.3043,
dried flower,23,8,board,empirical,empirical,3,0.2835,0.1304,
dried flower,23,9,worktop,empirical,empirical,7,0.277,0.3043,
dried flower,23,10,microwave,empirical,empirical,4,0.2762,0.1739,
dummy,20,1,clothes hook,empirical,empirical,7,0.6206,0.35,
dummy,20,2,clothes,empirical,empirical,9,0.5806,0.45,
dummy,20,3,dress,empirical,empirical,4,0.4715,0.2,
dummy,20,4,shirt,empirical,empirical,4,0.4602,0.2,
dummy,20,5,jacket,empirical,empirical,4,0.4317,0.2,
dummy,20,6,stand,empirical,empirical,9,0.4119,0.45,
dummy,20,7,box,empirical,empirical,6,0.1996,0.3,
dummy,20,8,ceiling lamp,empirical,empirical,11,0.1636,0.55,
dummy,20,9,shelf,empirical,empirical,5,0.161,0.25,
dummy,20,10,flower,empirical,empirical,3,0.1279,0.15,
duvet,18,1,bunk bed,empirical,empirical,4,0.5104,0.2222,
duvet,18,2,pillow,empirical,empirical,7,0.2868,0.3889,
duvet,18,3,bed,empirical,empirical,12,0.281,0.6667,
duvet,18,4,television,empirical,empirical,4,0.2761,0.2222,
duvet,18,5,drawer,empirical,empirical,3,0.2309,0.1667,
duvet,18,6,cushion,empirical,empirical,5,0.2048,0.2778,
duvet,18,7,desk lamp,empirical,empirical,7,0.2004,0.3889,
duvet,18,8,curtain,empirical,empirical,8,0.1965,0.4444,
duvet,18,9,outlet,empirical,empirical,4,0.1898,0.2222,
duvet,18,10,bottle,empirical,empirical,3,0.1576,0.1667,
dvd,22,1,loudspeaker,empirical,empirical,7,0.5685,0.3182,
dvd,22,2,mouse,empirical,empirical,8,0.5169,0.3636,
dvd,22,3,music system,empirical,empirical,4,0.5101,0.1818,
dvd,22,4,desk organizer,empirical,empirical,3,0.4998,0.1364,
dvd,22,5,pen,empirical,empirical,4,0.486,0.1818,
dvd,22,6,keyboard,empirical,empirical,9,0.4589,0.4091,
dvd,22,7,printer,empirical,empirical,4,0.4487,0.1818,
dvd,22,8,notebook,empirical,empirical,5,0.4336,0.2273,
dvd,22,9,folder,empirical,empirical,3,0.4225,0.1364,
dvd,22,10,swivel chair,empirical,empirical,8,0.4124,0.3636,
easel,63,1,paintbrush,empirical,empirical,8,0.6262,0.127,
easel,63,2,drawing,empirical,empirical,11,0.5353,0.1746,
easel,63,3,painting,empirical,empirical,46,0.3526,0.7302,
easel,63,4,frame,empirical,empirical,3,0.3477,0.0476,
easel,63,5,board,empirical,empirical,9,0.3378,0.1429,
easel,63,6,person sitting,empirical,empirical,17,0.2475,0.2698,
easel,63,7,pot,empirical,empirical,9,0.2463,0.1429,
easel,63,8,beam,empirical,empirical,4,0.2412,0.0635,
easel,63,9,stool,empirical,empirical,8,0.2352,0.127,
easel,63,10,notebook,empirical,empirical,3,0.2241,0.0476,
elephant,10,1,savanna,empirical,empirical,3,0.6865,0.3,
elephant,10,2,water,empirical,empirical,3,0.2477,0.3,
elephant,10,3,ground,empirical,empirical,3,0.1624,0.3,
elephant,10,4,tree,empirical,empirical,5,0.081,0.5,
elephant,10,5,sky,empirical,empirical,5,0.0343,0.5,
elevator,38,1,check-in-desk,empirical,empirical,4,0.5659,0.1053,
elevator,38,2,elevator door,empirical,empirical,5,0.5316,0.1316,
elevator,38,3,glass wall,empirical,empirical,4,0.3656,0.1053,
elevator,38,4,suitcase,empirical,empirical,3,0.3289,0.0789,
elevator,38,5,bulletin board,empirical,empirical,4,0.2633,0.1053,
elevator,38,6,pane,empirical,empirical,3,0.2119,0.0789,
elevator,38,7,person standing,empirical,empirical,8,0.1995,0.2105,
elevator,38,8,person walking,empirical,empirical,6,0.1969,0.1579,
elevator,38,9,column,empirical,empirical,7,0.1912,0.1842,
elevator,38,10,stand,empirical,empirical,3,0.1545,0.0789,
elevator door,28,1,button,empirical,empirical,8,0.78,0.2857,
elevator door,28,2,elevator,empirical,empirical,5,0.5316,0.1786,
elevator door,28,3,wastepaper basket,empirical,empirical,3,0.4494,0.1071,
elevator door,28,4,door frame,empirical,empirical,6,0.3191,0.2143,
elevator door,28,5,bulletin board,empirical,empirical,3,0.2565,0.1071,
elevator door,28,6,sign,empirical,empirical,9,0.23,0.3214,
elevator door,28,7,plant pot,empirical,empirical,4,0.1534,0.1429,
elevator door,28,8,ceiling lamp,empirical,empirical,13,0.1435,0.4643,
elevator door,28,9,person standing,empirical,empirical,4,0.1356,0.1429,
elevator door,28,10,ceiling,empirical,empirical,19,0.1064,0.6786,
embankment,94,1,excavator,empirical,empirical,4,0.4935,0.0426,
embankment,94,2,dam,empirical,empirical,4,0.4271,0.0426,
embankment,94,3,rifle,empirical,empirical,3,0.4235,0.0319,
embankment,94,4,water,empirical,empirical,26,0.3191,0.2766,
embankment,94,5,ground,empirical,empirical,43,0.3082,0.4574,
embankment,94,6,bush,empirical,empirical,17,0.2958,0.1809,
embankment,94,7,dirt track,empirical,empirical,5,0.2921,0.0532,
embankment,94,8,footbridge,empirical,empirical,4,0.2854,0.0426,
embankment,94,9,lamppost,empirical,empirical,4,0.2722,0.0426,
embankment,94,10,bridge,empirical,empirical,7,0.2602,0.0745,
embrasure,12,1,grass,empirical,empirical,3,0.1082,0.25,
embrasure,12,2,plant,empirical,empirical,4,0.1016,0.3333,
embrasure,12,3,table,empirical,empirical,3,0.0802,0.25,
embrasure,12,4,sky,empirical,empirical,8,0.0746,0.6667,
embrasure,12,5,door,empirical,empirical,3,0.0275,0.25,
end table,13,1,coffee table,empirical,empirical,8,0.4343,0.6154,
end table,13,2,candle,empirical,empirical,4,0.4293,0.3077,
end table,13,3,sofa,empirical,empirical,9,0.3937,0.6923,
end table,13,4,ottoman,empirical,empirical,3,0.3671,0.2308,
end table,13,5,book,empirical,empirical,9,0.3621,0.6923,
end table,13,6,fireplace,empirical,empirical,3,0.3472,0.2308,
end table,13,7,armchair,empirical,empirical,7,0.327,0.5385,
end table,13,8,plate,empirical,empirical,4,0.3177,0.3077,
end table,13,9,vase,empirical,empirical,7,0.3074,0.5385,
end table,13,10,cushion,empirical,empirical,7,0.3001,0.5385,
entrance,117,1,forecourt,empirical,empirical,7,0.3846,0.0598,
entrance,117,2,cow,empirical,empirical,3,0.292,0.0256,
entrance,117,3,dome,empirical,empirical,5,0.2785,0.0427,
entrance,117,4,balustrade,empirical,empirical,3,0.2658,0.0256,
entrance,117,5,tent,empirical,empirical,3,0.252,0.0256,
entrance,117,6,flag,empirical,empirical,10,0.2399,0.0855,
entrance,117,7,air conditioning,empirical,empirical,5,0.2191,0.0427,
entrance,117,8,traffic light,empirical,empirical,4,0.2185,0.0342,
entrance,117,9,dog,empirical,empirical,3,0.2163,0.0256,
entrance,117,10,steps,empirical,empirical,18,0.2147,0.1538,
equipment,26,1,dental chair,empirical,empirical,6,0.7043,0.2308,
equipment,26,2,set of instrument,empirical,empirical,5,0.6848,0.1923,
equipment,26,3,stretcher,empirical,empirical,4,0.5601,0.1538,
equipment,26,4,screen,empirical,empirical,10,0.363,0.3846,
equipment,26,5,trolley,empirical,empirical,3,0.361,0.1154,
equipment,26,6,cabinet,empirical,empirical,12,0.1748,0.4615,
equipment,26,7,desk,empirical,empirical,4,0.1733,0.1538,
equipment,26,8,clock,empirical,empirical,3,0.1502,0.1154,
equipment,26,9,person standing,empirical,empirical,4,0.1446,0.1538,
equipment,26,10,person,empirical,empirical,10,0.1398,0.3846,
escalator,41,1,shop,empirical,empirical,6,0.6005,0.1463,
escalator,41,2,staircase,empirical,empirical,9,0.2823,0.2195,
escalator,41,3,stand,empirical,empirical,7,0.2721,0.1707,
escalator,41,4,person standing,empirical,empirical,11,0.2418,0.2683,
escalator,41,5,person,empirical,empirical,26,0.2395,0.6341,
escalator,41,6,person walking,empirical,empirical,8,0.2325,0.1951,
escalator,41,7,sign,empirical,empirical,12,0.2261,0.2927,
escalator,41,8,railing,empirical,empirical,7,0.2226,0.1707,
escalator,41,9,palm tree,empirical,empirical,3,0.215,0.0732,
escalator,41,10,text,empirical,empirical,5,0.2088,0.122,
excavator,11,1,embankment,empirical,empirical,4,0.4935,0.3636,
excavator,11,2,lamppost,empirical,empirical,3,0.4811,0.2727,
excavator,11,3,truck,empirical,empirical,6,0.4694,0.5455,
excavator,11,4,ground,empirical,empirical,11,0.3584,1.0,
excavator,11,5,water,empirical,empirical,3,0.2366,0.2727,
excavator,11,6,car,empirical,empirical,3,0.1372,0.2727,
excavator,11,7,tree,empirical,empirical,8,0.1357,0.7273,
excavator,11,8,sky,empirical,empirical,11,0.134,1.0,
excavator,11,9,person,empirical,empirical,4,0.1174,0.3636,
excavator,11,10,road,empirical,empirical,3,0.0972,0.2727,
exercise machine,19,1,bench,empirical,empirical,7,0.3461,0.3684,
exercise machine,19,2,poster,empirical,empirical,3,0.2581,0.1579,
exercise machine,19,3,mirror,empirical,empirical,6,0.2262,0.3158,
exercise machine,19,4,ceiling lamp,empirical,empirical,11,0.1707,0.5789,
exercise machine,19,5,picture,empirical,empirical,4,0.1364,0.2105,
exercise machine,19,6,ceiling,empirical,empirical,15,0.1247,0.7895,
exercise machine,19,7,floor,empirical,empirical,19,0.1073,1.0,
exercise machine,19,8,wall,empirical,empirical,19,0.0816,1.0,
exercise machine,19,9,window,empirical,empirical,9,0.0471,0.4737,
exercise machine,19,10,person,empirical,empirical,3,0.0155,0.1579,
exit sign,31,1,sprinkler,empirical,empirical,5,0.5443,0.1613,
exit sign,31,2,trash can,empirical,empirical,4,0.353,0.129,
exit sign,31,3,monitor,empirical,empirical,3,0.3528,0.0968,
exit sign,31,4,poster,empirical,empirical,6,0.307,0.1935,
exit sign,31,5,ceiling lamp,empirical,empirical,24,0.2365,0.7742,
exit sign,31,6,door,empirical,empirical,21,0.1873,0.6774,
exit sign,31,7,paper,empirical,empirical,3,0.178,0.0968,
exit sign,31,8,ceiling,empirical,empirical,28,0.1585,0.9032,
exit sign,31,9,desk,empirical,empirical,4,0.1519,0.129,
exit sign,31,10,box,empirical,empirical,6,0.1436,0.1935,
extractor fan,13,1,fluorescent tube,empirical,empirical,3,0.28,0.2308,
extractor fan,13,2,outlet,empirical,empirical,3,0.1878,0.2308,
extractor fan,13,3,table,empirical,empirical,5,0.1391,0.3846,
extractor fan,13,4,ceiling,empirical,empirical,10,0.1142,0.7692,
extractor fan,13,5,ceiling lamp,empirical,empirical,5,0.1028,0.3846,
extractor fan,13,6,window,empirical,empirical,9,0.0982,0.6923,
extractor fan,13,7,curtain,empirical,empirical,3,0.0969,0.2308,
extractor fan,13,8,floor,empirical,empirical,12,0.0892,0.9231,
extractor fan,13,9,door,empirical,empirical,5,0.0831,0.3846,
extractor fan,13,10,wall,empirical,empirical,12,0.0651,0.9231,
extractor hood,217,1,stove,empirical,empirical,172,0.7303,0.7926,
extractor hood,217,2,worktop,empirical,empirical,182,0.7112,0.8387,
extractor hood,217,3,oven,empirical,empirical,79,0.6382,0.3641,
extractor hood,217,4,sink,empirical,empirical,147,0.6203,0.6774,
extractor hood,217,5,dishwasher,empirical,empirical,73,0.6007,0.3364,
extractor hood,217,6,refrigerator,empirical,empirical,94,0.5986,0.4332,
extractor hood,217,7,kettle,empirical,empirical,40,0.5856,0.1843,
extractor hood,217,8,microwave,empirical,empirical,77,0.5663,0.3548,
extractor hood,217,9,toaster,empirical,empirical,24,0.541,0.1106,
extractor hood,217,10,open plan,empirical,empirical,12,0.5297,0.0553,
eyeglass,11,1,mug,empirical,empirical,3,0.4184,0.2727,
eyeglass,11,2,bag,empirical,empirical,3,0.3084,0.2727,
eyeglass,11,3,basket,empirical,empirical,3,0.2522,0.2727,
eyeglass,11,4,book,empirical,empirical,4,0.2482,0.3636,
eyeglass,11,5,picture,empirical,empirical,4,0.2028,0.3636,
eyeglass,11,6,person,empirical,empirical,4,0.1174,0.3636,
eyeglass,11,7,cabinet,empirical,empirical,3,0.0846,0.2727,
eyeglass,11,8,plant,empirical,empirical,3,0.0746,0.2727,
eyeglass,11,9,chair,empirical,empirical,3,0.063,0.2727,
eyeglass,11,10,wall,empirical,empirical,9,0.0464,0.8182,
factory,11,1,fence,empirical,empirical,3,0.1991,0.2727,
factory,11,2,road,empirical,empirical,6,0.1944,0.5455,
factory,11,3,sign,empirical,empirical,3,0.1811,0.2727,
factory,11,4,grass,empirical,empirical,4,0.1575,0.3636,
factory,11,5,ground,empirical,empirical,3,0.1512,0.2727,
factory,11,6,sky,empirical,empirical,11,0.134,1.0,
factory,11,7,tree,empirical,empirical,5,0.0691,0.4545,
factory,11,8,building,empirical,empirical,3,0.0316,0.2727,
fan,46,1,wastepaper basket,empirical,empirical,4,0.4397,0.087,
fan,46,2,folder,empirical,empirical,4,0.3826,0.087,
fan,46,3,music system,empirical,empirical,3,0.3725,0.0652,
fan,46,4,pen,empirical,empirical,3,0.3492,0.0652,
fan,46,5,printer,empirical,empirical,3,0.3131,0.0652,
fan,46,6,swivel chair,empirical,empirical,7,0.2916,0.1522,
fan,46,7,heater,empirical,empirical,3,0.2777,0.0652,
fan,46,8,laptop,empirical,empirical,3,0.2655,0.0652,
fan,46,9,fluorescent tube,empirical,empirical,7,0.2567,0.1522,
fan,46,10,air conditioning,empirical,empirical,3,0.2556,0.0652,
faucet,772,1,sink,empirical,empirical,452,0.7775,0.5855,
faucet,772,2,worktop,empirical,empirical,336,0.6533,0.4352,
faucet,772,3,washbasin,empirical,empirical,229,0.6418,0.2966,
faucet,772,4,stove,empirical,empirical,258,0.5907,0.3342,
faucet,772,5,countertop,empirical,empirical,149,0.5796,0.193,
faucet,772,6,toilet,empirical,empirical,178,0.5761,0.2306,
faucet,772,7,dishwasher,empirical,empirical,150,0.5755,0.1943,
faucet,772,8,bathtube,empirical,empirical,118,0.5575,0.1528,
faucet,772,9,towel,empirical,empirical,190,0.5549,0.2461,
faucet,772,10,soap dispenser,empirical,empirical,65,0.537,0.0842,
fence,751,1,ice rink,empirical,empirical,13,0.3637,0.0173,
fence,751,2,car rear,empirical,empirical,28,0.3378,0.0373,
fence,751,3,tennis court,empirical,empirical,8,0.333,0.0107,
fence,751,4,bridge,empirical,empirical,48,0.3207,0.0639,
fence,751,5,pitch,empirical,empirical,10,0.3148,0.0133,
fence,751,6,road,empirical,empirical,301,0.3103,0.4008,
fence,751,7,hill urban,empirical,empirical,9,0.303,0.012,
fence,751,8,horse,empirical,empirical,12,0.3012,0.016,
fence,751,9,grass,empirical,empirical,254,0.2999,0.3382,
fence,751,10,lamppost,empirical,empirical,22,0.2861,0.0293,
field,388,1,hay roll,empirical,empirical,9,0.4785,0.0232,
field,388,2,hill,empirical,empirical,52,0.4372,0.134,
field,388,3,field grass,empirical,empirical,19,0.3999,0.049,
field,388,4,vineyard,empirical,empirical,5,0.3581,0.0129,
field,388,5,village,empirical,empirical,5,0.3372,0.0129,
field,388,6,sheep,empirical,empirical,4,0.3329,0.0103,
field,388,7,mountain,empirical,empirical,127,0.2967,0.3273,
field,388,8,van rear,empirical,empirical,3,0.2767,0.0077,
field,388,9,windmill,empirical,empirical,5,0.266,0.0129,
field,388,10,cloudy sky,empirical,empirical,6,0.2659,0.0155,
field grass,51,1,sheep,empirical,empirical,3,0.5261,0.0588,
field grass,51,2,cow,empirical,empirical,4,0.4381,0.0784,
field grass,51,3,hill,empirical,empirical,12,0.4263,0.2353,
field grass,51,4,field,empirical,empirical,19,0.3999,0.3725,
field grass,51,5,path,empirical,empirical,8,0.258,0.1569,
field grass,51,6,tree,empirical,empirical,35,0.1592,0.6863,
field grass,51,7,sky,empirical,empirical,47,0.1536,0.9216,
field grass,51,8,river water,empirical,empirical,3,0.1496,0.0588,
field grass,51,9,stone,empirical,empirical,3,0.1459,0.0588,
field grass,51,10,house,empirical,empirical,5,0.1324,0.098,
figure,11,1,cpu,empirical,empirical,3,0.4358,0.2727,
figure,11,2,mouse,empirical,empirical,3,0.4236,0.2727,
figure,11,3,keyboard,empirical,empirical,3,0.3521,0.2727,
figure,11,4,telephone,empirical,empirical,3,0.3321,0.2727,
figure,11,5,door frame,empirical,empirical,3,0.3214,0.2727,
figure,11,6,microwave,empirical,empirical,3,0.3197,0.2727,
figure,11,7,worktop,empirical,empirical,5,0.3154,0.4545,
figure,11,8,tray,empirical,empirical,3,0.31,0.2727,
figure,11,9,refrigerator,empirical,empirical,3,0.3022,0.2727,
figure,11,10,switch,empirical,empirical,3,0.3022,0.2727,
file,13,1,file cabinet,empirical,empirical,3,0.6865,0.2308,
file,13,2,binder,empirical,empirical,3,0.6112,0.2308,
file,13,3,object,empirical,empirical,4,0.5968,0.3077,
file,13,4,filing cabinet,empirical,empirical,3,0.5268,0.2308,
file,13,5,paper,empirical,empirical,10,0.4907,0.7692,
file,13,6,mouse,empirical,empirical,4,0.453,0.3077,
file,13,7,keyboard,empirical,empirical,5,0.4175,0.3846,
file,13,8,bookcase,empirical,empirical,4,0.397,0.3077,
file,13,9,screen,empirical,empirical,7,0.39,0.5385,
file,13,10,desk,empirical,empirical,7,0.3492,0.5385,
file cabinet,10,1,file,empirical,empirical,3,0.6865,0.3,
file cabinet,10,2,phone,empirical,empirical,3,0.5215,0.3,
file cabinet,10,3,cpu,empirical,empirical,4,0.4976,0.4,
file cabinet,10,4,notebook,empirical,empirical,4,0.4905,0.4,
file cabinet,10,5,keyboard,empirical,empirical,4,0.411,0.4,
file cabinet,10,6,desk,empirical,empirical,6,0.3562,0.6,
file cabinet,10,7,swivel chair,empirical,empirical,3,0.3423,0.3,
file cabinet,10,8,screen,empirical,empirical,4,0.3273,0.4,
file cabinet,10,9,paper,empirical,empirical,3,0.3108,0.3,
file cabinet,10,10,book,empirical,empirical,5,0.2949,0.5,
filing cabinet,39,1,binder,empirical,empirical,6,0.6135,0.1538,
filing cabinet,39,2,file,empirical,empirical,3,0.5268,0.0769,
filing cabinet,39,3,mouse pad,empirical,empirical,3,0.5024,0.0769,
filing cabinet,39,4,paper,empirical,empirical,20,0.4809,0.5128,
filing cabinet,39,5,calendar,empirical,empirical,3,0.45,0.0769,
filing cabinet,39,6,screen,empirical,empirical,19,0.4333,0.4872,
filing cabinet,39,7,cpu,empirical,empirical,7,0.4294,0.1795,
filing cabinet,39,8,keyboard,empirical,empirical,11,0.4202,0.2821,
filing cabinet,39,9,wastepaper basket,empirical,empirical,3,0.4105,0.0769,
filing cabinet,39,10,folder,empirical,empirical,4,0.4027,0.1026,
finger,24,1,runway,empirical,empirical,23,0.7992,0.9583,
finger,24,2,airplane,empirical,empirical,23,0.79,0.9583,
finger,24,3,baggage cart,empirical,empirical,13,0.781,0.5417,
finger,24,4,truck,empirical,empirical,8,0.422,0.3333,
finger,24,5,conveyor belt,empirical,empirical,3,0.4082,0.125,
finger,24,6,van,empirical,empirical,7,0.3979,0.2917,
finger,24,7,bus,empirical,empirical,3,0.3566,0.125,
finger,24,8,car,empirical,empirical,14,0.2764,0.5833,
finger,24,9,pane,empirical,empirical,3,0.2658,0.125,
finger,24,10,staircase,empirical,empirical,5,0.255,0.2083,
fire escape,19,1,balcony,empirical,empirical,4,0.3249,0.2105,
fire escape,19,2,building,empirical,empirical,19,0.2351,1.0,
fire escape,19,3,streetlight,empirical,empirical,3,0.1701,0.1579,
fire escape,19,4,car,empirical,empirical,5,0.1415,0.2632,
fire escape,19,5,sidewalk,empirical,empirical,4,0.137,0.2105,
fire escape,19,6,road,empirical,empirical,5,0.099,0.2632,
fire escape,19,7,window,empirical,empirical,12,0.0893,0.6316,
fire escape,19,8,sky,empirical,empirical,13,0.0834,0.6842,
fire escape,19,9,door,empirical,empirical,7,0.0811,0.3684,
fire escape,19,10,person,empirical,empirical,4,0.051,0.2105,
fire extinguisher,42,1,table tennis,empirical,empirical,3,0.4239,0.0714,
fire extinguisher,42,2,vending machine,empirical,empirical,4,0.4004,0.0952,
fire extinguisher,42,3,step,empirical,empirical,6,0.3181,0.1429,
fire extinguisher,42,4,trash can,empirical,empirical,4,0.3162,0.0952,
fire extinguisher,42,5,speaker,empirical,empirical,3,0.3155,0.0714,
fire extinguisher,42,6,fluorescent tube,empirical,empirical,7,0.2685,0.1667,
fire extinguisher,42,7,billiard table,empirical,empirical,4,0.2588,0.0952,
fire extinguisher,42,8,bucket,empirical,empirical,4,0.2199,0.0952,
fire extinguisher,42,9,board,empirical,empirical,3,0.2128,0.0714,
fire extinguisher,42,10,pane,empirical,empirical,3,0.2001,0.0714,
fire hydrant,16,1,shop window,empirical,empirical,5,0.4469,0.3125,
fire hydrant,16,2,traffic light,empirical,empirical,3,0.4109,0.1875,
fire hydrant,16,3,sidewalk,empirical,empirical,12,0.3362,0.75,
fire hydrant,16,4,sign,empirical,empirical,9,0.3054,0.5625,
fire hydrant,16,5,road,empirical,empirical,13,0.2722,0.8125,
fire hydrant,16,6,pole,empirical,empirical,4,0.2711,0.25,
fire hydrant,16,7,streetlight,empirical,empirical,4,0.2318,0.25,
fire hydrant,16,8,car,empirical,empirical,7,0.2139,0.4375,
fire hydrant,16,9,building,empirical,empirical,14,0.2056,0.875,
fire hydrant,16,10,house,empirical,empirical,3,0.2006,0.1875,
fireplace,180,1,sofa,empirical,empirical,79,0.4698,0.4389,
fireplace,180,2,candleholder,empirical,empirical,22,0.4384,0.1222,
fireplace,180,3,coffee table,empirical,empirical,49,0.4293,0.2722,
fireplace,180,4,armchair,empirical,empirical,75,0.425,0.4167,
fireplace,180,5,ottoman,empirical,empirical,24,0.4004,0.1333,
fireplace,180,6,small table,empirical,empirical,17,0.3837,0.0944,
fireplace,180,7,candle,empirical,empirical,20,0.3798,0.1111,
fireplace,180,8,vase,empirical,empirical,70,0.3786,0.3889,
fireplace,180,9,painting,empirical,empirical,104,0.3634,0.5778,
fireplace,180,10,console table,empirical,empirical,10,0.3622,0.0556,
fish,32,1,aquarium,empirical,empirical,8,0.7517,0.25,
fish,32,2,stall,empirical,empirical,4,0.4588,0.125,
fish,32,3,scale,empirical,empirical,3,0.4558,0.0938,
fish,32,4,rock,empirical,empirical,9,0.3364,0.2812,
fish,32,5,water,empirical,empirical,12,0.3272,0.375,
fish,32,6,bag,empirical,empirical,4,0.2244,0.125,
fish,32,7,stone,empirical,empirical,3,0.2006,0.0938,
fish,32,8,text,empirical,empirical,3,0.1654,0.0938,
fish,32,9,bottle,empirical,empirical,4,0.1281,0.125,
fish,32,10,person,empirical,empirical,11,0.1261,0.3438,
flag,222,1,big top,empirical,empirical,6,0.4611,0.027,
flag,222,2,headstone,empirical,empirical,3,0.3422,0.0135,
flag,222,3,mast,empirical,empirical,3,0.3422,0.0135,
flag,222,4,ice rink,empirical,empirical,4,0.3165,0.018,
flag,222,5,sand trap,empirical,empirical,4,0.3165,0.018,
flag,222,6,microphone,empirical,empirical,6,0.293,0.027,
flag,222,7,castle,empirical,empirical,3,0.278,0.0135,
flag,222,8,cannon,empirical,empirical,3,0.2663,0.0135,
flag,222,9,aerial,empirical,empirical,6,0.2554,0.027,
flag,222,10,stage,empirical,empirical,8,0.2553,0.036,
float,11,1,boat,empirical,empirical,4,0.4024,0.3636,
float,11,2,handrail,empirical,empirical,3,0.3259,0.2727,
float,11,3,water,empirical,empirical,4,0.2798,0.3636,
float,11,4,sea water,empirical,empirical,4,0.2706,0.3636,
float,11,5,person,empirical,empirical,5,0.1486,0.4545,
float,11,6,building,empirical,empirical,3,0.0316,0.2727,
float,11,7,floor,empirical,empirical,6,0.0141,0.5455,
float,11,8,wall,empirical,empirical,7,0.0121,0.6364,
floor,7337,1,wall,empirical,empirical,7102,0.6838,0.968,
floor,7337,2,ceiling,empirical,empirical,4541,0.5167,0.6189,
floor,7337,3,ceiling lamp,empirical,empirical,2299,0.3296,0.3133,
floor,7337,4,chair,empirical,empirical,2184,0.3237,0.2977,
floor,7337,5,cabinet,empirical,empirical,1826,0.2986,0.2489,
floor,7337,6,table,empirical,empirical,1715,0.2839,0.2337,
floor,7337,7,painting,empirical,empirical,1335,0.2693,0.182,
floor,7337,8,curtain,empirical,empirical,1400,0.2678,0.1908,
floor,7337,9,desk lamp,empirical,empirical,1166,0.2515,0.1589,
floor,7337,10,bed,empirical,empirical,1225,0.2473,0.167,
floor lamp,258,1,coffee table,empirical,empirical,66,0.4414,0.2558,
floor lamp,258,2,sofa,empirical,empirical,87,0.4275,0.3372,
floor lamp,258,3,armchair,empirical,empirical,91,0.4085,0.3527,
floor lamp,258,4,cushion,empirical,empirical,94,0.3767,0.3643,
floor lamp,258,5,painting,empirical,empirical,115,0.3177,0.4457,
floor lamp,258,6,ottoman,empirical,empirical,20,0.3075,0.0775,
floor lamp,258,7,small table,empirical,empirical,15,0.3066,0.0581,
floor lamp,258,8,television stand,empirical,empirical,6,0.294,0.0233,
floor lamp,258,9,piano,empirical,empirical,6,0.2904,0.0233,
floor lamp,258,10,side table,empirical,empirical,23,0.288,0.0891,
flower,758,1,vase,empirical,empirical,483,0.7351,0.6372,
flower,758,2,napkin,empirical,empirical,43,0.3591,0.0567,
flower,758,3,plate,empirical,empirical,101,0.3555,0.1332,
flower,758,4,spoon,empirical,empirical,16,0.3545,0.0211,
flower,758,5,candleholder,empirical,empirical,42,0.3521,0.0554,
flower,758,6,chandelier,empirical,empirical,92,0.347,0.1214,
flower,758,7,candlestick,empirical,empirical,7,0.3428,0.0092,
flower,758,8,cup,empirical,empirical,57,0.3325,0.0752,
flower,758,9,bread,empirical,empirical,10,0.3279,0.0132,
flower,758,10,fireplace,empirical,empirical,52,0.3079,0.0686,
fluorescent tube,319,1,merchandise,empirical,empirical,10,0.3719,0.0313,
fluorescent tube,319,2,pallet,empirical,empirical,7,0.3362,0.0219,
fluorescent tube,319,3,hand trolley,empirical,empirical,3,0.3108,0.0094,
fluorescent tube,319,4,tool,empirical,empirical,3,0.3108,0.0094,
fluorescent tube,319,5,wheelchair,empirical,empirical,3,0.3108,0.0094,
fluorescent tube,319,6,workbench,empirical,empirical,5,0.3079,0.0157,
fluorescent tube,319,7,cash register,empirical,empirical,8,0.2975,0.0251,
fluorescent tube,319,8,ticket counter,empirical,empirical,3,0.2894,0.0094,
fluorescent tube,319,9,extractor fan,empirical,empirical,3,0.28,0.0094,
fluorescent tube,319,10,number,empirical,empirical,5,0.28,0.0157,
fog bank,13,1,snowy mountain,empirical,empirical,5,0.3749,0.3846,
fog bank,13,2,mountain,empirical,empirical,11,0.3277,0.8462,
fog bank,13,3,sky,empirical,empirical,12,0.1245,0.9231,
fog bank,13,4,tree,empirical,empirical,4,0.0198,0.3077,
folder,56,1,paper filer,empirical,empirical,6,0.626,0.1071,
folder,56,2,mouse,empirical,empirical,15,0.5196,0.2679,
folder,56,3,briefcase,empirical,empirical,7,0.5191,0.125,
folder,56,4,laptop,empirical,empirical,14,0.5167,0.25,
folder,56,5,keyboard,empirical,empirical,22,0.5156,0.3929,
folder,56,6,desk,empirical,empirical,38,0.4867,0.6786,
folder,56,7,paper,empirical,empirical,26,0.4851,0.4643,
folder,56,8,roll,empirical,empirical,3,0.4756,0.0536,
folder,56,9,map,empirical,empirical,4,0.4617,0.0714,
folder,56,10,book,empirical,empirical,40,0.4585,0.7143,
folding door,19,1,flower,empirical,empirical,5,0.2062,0.2632,
folding door,19,2,vase,empirical,empirical,5,0.2051,0.2632,
folding door,19,3,mirror,empirical,empirical,3,0.1264,0.1579,
folding door,19,4,ceiling,empirical,empirical,13,0.1019,0.6842,
folding door,19,5,floor,empirical,empirical,18,0.0984,0.9474,
folding door,19,6,picture,empirical,empirical,3,0.098,0.1579,
folding door,19,7,table,empirical,empirical,5,0.0917,0.2632,
folding door,19,8,cabinet,empirical,empirical,5,0.0856,0.2632,
folding door,19,9,wall,empirical,empirical,19,0.0816,1.0,
folding door,19,10,ceiling lamp,empirical,empirical,6,0.08,0.3158,
folding screen,12,1,armchair,empirical,empirical,4,0.2465,0.3333,
folding screen,12,2,desk lamp,empirical,empirical,6,0.2286,0.5,
folding screen,12,3,cushion,empirical,empirical,4,0.2214,0.3333,
folding screen,12,4,bed,empirical,empirical,5,0.1916,0.4167,
folding screen,12,5,flower,empirical,empirical,3,0.1878,0.25,
folding screen,12,6,chair,empirical,empirical,7,0.1691,0.5833,
folding screen,12,7,table,empirical,empirical,5,0.1491,0.4167,
folding screen,12,8,curtain,empirical,empirical,4,0.145,0.3333,
folding screen,12,9,ceiling,empirical,empirical,10,0.1252,0.8333,
folding screen,12,10,painting,empirical,empirical,3,0.1138,0.25,
food processor,24,1,knife set,empirical,empirical,4,0.5503,0.1667,
food processor,24,2,toaster,empirical,empirical,6,0.5494,0.25,
food processor,24,3,hotpl,empirical,empirical,3,0.5392,0.125,
food processor,24,4,microwave,empirical,empirical,15,0.5142,0.625,
food processor,24,5,worktop,empirical,empirical,21,0.484,0.875,
food processor,24,6,tin,empirical,empirical,4,0.4684,0.1667,
food processor,24,7,coffee maker,empirical,empirical,8,0.4663,0.3333,
food processor,24,8,stove,empirical,empirical,17,0.4646,0.7083,
food processor,24,9,sink,empirical,empirical,19,0.4534,0.7917,
food processor,24,10,dishwasher,empirical,empirical,9,0.4459,0.375,
footbridge,61,1,water,empirical,empirical,23,0.3609,0.377,
footbridge,61,2,embankment,empirical,empirical,4,0.2854,0.0656,
footbridge,61,3,glass wall,empirical,empirical,3,0.2639,0.0492,
footbridge,61,4,boat,empirical,empirical,5,0.2276,0.082,
footbridge,61,5,railing,empirical,empirical,8,0.1915,0.1311,
footbridge,61,6,person walking,empirical,empirical,8,0.1798,0.1311,
footbridge,61,7,handrail,empirical,empirical,4,0.1642,0.0656,
footbridge,61,8,tree trunk,empirical,empirical,4,0.1481,0.0656,
footbridge,61,9,skyscraper,empirical,empirical,4,0.1339,0.0656,
footbridge,61,10,path,empirical,empirical,4,0.1303,0.0656,
forecourt,47,1,temple,empirical,empirical,9,0.6915,0.1915,
forecourt,47,2,entrance,empirical,empirical,7,0.3846,0.1489,
forecourt,47,3,tower,empirical,empirical,4,0.3279,0.0851,
forecourt,47,4,streetlight,empirical,empirical,10,0.2388,0.2128,
forecourt,47,5,palm tree,empirical,empirical,3,0.199,0.0638,
forecourt,47,6,building,empirical,empirical,33,0.1985,0.7021,
forecourt,47,7,plant pot,empirical,empirical,8,0.1907,0.1702,
forecourt,47,8,plant,empirical,empirical,23,0.1882,0.4894,
forecourt,47,9,person walking,empirical,empirical,6,0.1697,0.1277,
forecourt,47,10,sky,empirical,empirical,45,0.1591,0.9574,
fork,36,1,knife,empirical,empirical,18,0.7131,0.5,
fork,36,2,spoon,empirical,empirical,11,0.7063,0.3056,
fork,36,3,napkin,empirical,empirical,21,0.6746,0.5833,
fork,36,4,plate,empirical,empirical,20,0.4842,0.5556,
fork,36,5,pitcher,empirical,empirical,9,0.4821,0.25,
fork,36,6,glass,empirical,empirical,16,0.4753,0.4444,
fork,36,7,place mat,empirical,empirical,5,0.4518,0.1389,
fork,36,8,cup,empirical,empirical,9,0.4117,0.25,
fork,36,9,bowl,empirical,empirical,9,0.3651,0.25,
fork,36,10,mug,empirical,empirical,5,0.3608,0.1389,
forklift,14,1,merchandise,empirical,empirical,6,0.6819,0.4286,
forklift,14,2,pallet,empirical,empirical,4,0.6251,0.2857,
forklift,14,3,fluorescent tube,empirical,empirical,3,0.2713,0.2143,
forklift,14,4,box,empirical,empirical,7,0.2702,0.5,
forklift,14,5,shelf,empirical,empirical,6,0.2337,0.4286,
forklift,14,6,person sitting,empirical,empirical,3,0.17,0.2143,
forklift,14,7,ceiling,empirical,empirical,10,0.1041,0.7143,
forklift,14,8,floor,empirical,empirical,11,0.0658,0.7857,
forklift,14,9,ceiling lamp,empirical,empirical,4,0.0639,0.2857,
forklift,14,10,wall,empirical,empirical,9,0.0139,0.6429,
frame,37,1,object,empirical,empirical,4,0.4697,0.1081,
frame,37,2,piano,empirical,empirical,3,0.4134,0.0811,
frame,37,3,picture frame,empirical,empirical,3,0.3658,0.0811,
frame,37,4,easel,empirical,empirical,3,0.3477,0.0811,
frame,37,5,beam,empirical,empirical,4,0.3058,0.1081,
frame,37,6,jar,empirical,empirical,5,0.2763,0.1351,
frame,37,7,board,empirical,empirical,4,0.2706,0.1081,
frame,37,8,cup,empirical,empirical,4,0.2693,0.1081,
frame,37,9,can,empirical,empirical,3,0.2599,0.0811,
frame,37,10,pot,empirical,empirical,6,0.2497,0.1622,
french bread,24,1,loaf,empirical,empirical,15,0.8469,0.625,
french bread,24,2,price,empirical,empirical,7,0.7587,0.2917,
french bread,24,3,bread roll,empirical,empirical,7,0.7237,0.2917,
french bread,24,4,cake,empirical,empirical,11,0.6878,0.4583,
french bread,24,5,showcase,empirical,empirical,17,0.6322,0.7083,
french bread,24,6,cooky,empirical,empirical,3,0.5931,0.125,
french bread,24,7,counter,empirical,empirical,11,0.4363,0.4583,
french bread,24,8,shelf,empirical,empirical,16,0.3317,0.6667,
french bread,24,9,bulletin board,empirical,empirical,4,0.3191,0.1667,
french bread,24,10,basket,empirical,empirical,6,0.2634,0.25,
fruit,76,1,banana,empirical,empirical,6,0.5424,0.0789,
fruit,76,2,bowl,empirical,empirical,32,0.5252,0.4211,
fruit,76,3,apple,empirical,empirical,6,0.4616,0.0789,
fruit,76,4,grape,empirical,empirical,3,0.4578,0.0395,
fruit,76,5,kitchen island,empirical,empirical,9,0.4267,0.1184,
fruit,76,6,fruit bowl,empirical,empirical,4,0.4148,0.0526,
fruit,76,7,tray,empirical,empirical,22,0.4138,0.2895,
fruit,76,8,worktop,empirical,empirical,34,0.4121,0.4474,
fruit,76,9,oven,empirical,empirical,16,0.4093,0.2105,
fruit,76,10,kettle,empirical,empirical,9,0.4082,0.1184,
fruit bowl,26,1,cutting board,empirical,empirical,3,0.4976,0.1154,
fruit bowl,26,2,bouquet,empirical,empirical,8,0.463,0.3077,
fruit bowl,26,3,plate,empirical,empirical,13,0.4397,0.5,
fruit bowl,26,4,oven,empirical,empirical,8,0.422,0.3077,
fruit bowl,26,5,fruit,empirical,empirical,4,0.4148,0.1538,
fruit bowl,26,6,dishcloth,empirical,empirical,4,0.4086,0.1538,
fruit bowl,26,7,place mat,empirical,empirical,3,0.4029,0.1154,
fruit bowl,26,8,bowl,empirical,empirical,8,0.387,0.3077,
fruit bowl,26,9,worktop,empirical,empirical,14,0.3863,0.5385,
fruit bowl,26,10,microwave,empirical,empirical,8,0.3773,0.3077,
frying pan,26,1,saucepan,empirical,empirical,12,0.7032,0.4615,
frying pan,26,2,casserole,empirical,empirical,5,0.6569,0.1923,
frying pan,26,3,pepper,empirical,empirical,4,0.6042,0.1538,
frying pan,26,4,bread,empirical,empirical,4,0.5898,0.1538,
frying pan,26,5,mug,empirical,empirical,10,0.5343,0.3846,
frying pan,26,6,utensils canister,empirical,empirical,3,0.5074,0.1154,
frying pan,26,7,stove,empirical,empirical,21,0.4995,0.8077,
frying pan,26,8,knife set,empirical,empirical,3,0.4885,0.1154,
frying pan,26,9,worktop,empirical,empirical,22,0.4823,0.8462,
frying pan,26,10,dishcloth,empirical,empirical,6,0.4816,0.2308,
garage door,52,1,house,empirical,empirical,27,0.4314,0.5192,
garage door,52,2,bin,empirical,empirical,3,0.3553,0.0577,
garage door,52,3,chimney,empirical,empirical,5,0.325,0.0962,
garage door,52,4,balcony,empirical,empirical,7,0.2903,0.1346,
garage door,52,5,car,empirical,empirical,15,0.1773,0.2885,
garage door,52,6,road,empirical,empirical,20,0.177,0.3846,
garage door,52,7,grass,empirical,empirical,16,0.165,0.3077,
garage door,52,8,flag,empirical,empirical,3,0.1598,0.0577,
garage door,52,9,sidewalk,empirical,empirical,11,0.1568,0.2115,
garage door,52,10,bucket,empirical,empirical,3,0.1537,0.0577,
gas pump,10,1,service station,empirical,empirical,6,0.8359,0.6,
gas pump,10,2,road,empirical,empirical,9,0.2725,0.9,
gas pump,10,3,car,empirical,empirical,5,0.2216,0.5,
gas pump,10,4,fence,empirical,empirical,3,0.2103,0.3,
gas pump,10,5,building,empirical,empirical,9,0.1972,0.9,
gas pump,10,6,grass,empirical,empirical,4,0.1691,0.4,
gas pump,10,7,sky,empirical,empirical,10,0.1323,1.0,
gas pump,10,8,tree,empirical,empirical,7,0.1284,0.7,
gas pump,10,9,door,empirical,empirical,4,0.0856,0.4,
gas pump,10,10,window,empirical,empirical,4,0.0219,0.4,
gate,169,1,grandstand,empirical,empirical,22,0.4238,0.1302,
gate,169,2,conveyor belt,empirical,empirical,12,0.4082,0.071,
gate,169,3,bowling alley,empirical,empirical,3,0.3854,0.0178,
gate,169,4,check-in-desk,empirical,empirical,4,0.3846,0.0237,
gate,169,5,glass wall,empirical,empirical,10,0.3326,0.0592,
gate,169,6,horse,empirical,empirical,4,0.3087,0.0237,
gate,169,7,suitcase,empirical,empirical,8,0.3038,0.0473,
gate,169,8,court,empirical,empirical,6,0.295,0.0355,
gate,169,9,scoreboard,empirical,empirical,3,0.2732,0.0178,
gate,169,10,platform,empirical,empirical,5,0.2632,0.0296,
gazebo,19,1,pillar,empirical,empirical,3,0.5606,0.1579,
gazebo,19,2,path,empirical,empirical,9,0.411,0.4737,
gazebo,19,3,grass,empirical,empirical,17,0.3238,0.8947,
gazebo,19,4,stone,empirical,empirical,3,0.2618,0.1579,
gazebo,19,5,house,empirical,empirical,5,0.2557,0.2632,
gazebo,19,6,steps,empirical,empirical,5,0.2474,0.2632,
gazebo,19,7,tree trunk,empirical,empirical,3,0.2463,0.1579,
gazebo,19,8,ground,empirical,empirical,8,0.2285,0.4211,
gazebo,19,9,plant,empirical,empirical,13,0.2205,0.6842,
gazebo,19,10,tree,empirical,empirical,18,0.1914,0.9474,
glass,258,1,napkin,empirical,empirical,39,0.5179,0.1512,
glass,258,2,fork,empirical,empirical,16,0.4753,0.062,
glass,258,3,plate,empirical,empirical,67,0.4519,0.2597,
glass,258,4,knife,empirical,empirical,20,0.4429,0.0775,
glass,258,5,frying pan,empirical,empirical,9,0.4047,0.0349,
glass,258,6,spoon,empirical,empirical,9,0.3948,0.0349,
glass,258,7,pepper,empirical,empirical,6,0.394,0.0233,
glass,258,8,pitcher,empirical,empirical,22,0.3833,0.0853,
glass,258,9,bottle,empirical,empirical,82,0.3815,0.3178,
glass,258,10,wine glass,empirical,empirical,5,0.3789,0.0194,
glass ceiling,17,1,glass wall,empirical,empirical,7,0.5701,0.4118,
glass ceiling,17,2,person walking,empirical,empirical,6,0.2997,0.3529,
glass ceiling,17,3,column,empirical,empirical,7,0.2961,0.4118,
glass ceiling,17,4,person sitting,empirical,empirical,3,0.1472,0.1765,
glass ceiling,17,5,plant,empirical,empirical,7,0.1365,0.4118,
glass ceiling,17,6,person,empirical,empirical,5,0.0942,0.2941,
glass ceiling,17,7,floor,empirical,empirical,15,0.0856,0.8824,
glass ceiling,17,8,door,empirical,empirical,6,0.074,0.3529,
glass ceiling,17,9,wall,empirical,empirical,15,0.0607,0.8824,
glass ceiling,17,10,window,empirical,empirical,8,0.0454,0.4706,
glass door,28,1,stall shower,empirical,empirical,5,0.5455,0.1786,
glass door,28,2,washbasin,empirical,empirical,14,0.4596,0.5,
glass door,28,3,countertop,empirical,empirical,10,0.4497,0.3571,
glass door,28,4,soap dispenser,empirical,empirical,4,0.4193,0.1429,
glass door,28,5,bathtube,empirical,empirical,7,0.4163,0.25,
glass door,28,6,soap,empirical,empirical,4,0.4124,0.1429,
glass door,28,7,shower screen,empirical,empirical,4,0.3951,0.1429,
glass door,28,8,towel,empirical,empirical,9,0.3628,0.3214,
glass door,28,9,shower,empirical,empirical,3,0.3273,0.1071,
glass door,28,10,mirror,empirical,empirical,14,0.3195,0.5,
glass wall,78,1,glass ceiling,empirical,empirical,7,0.5701,0.0897,
glass wall,78,2,check-in-desk,empirical,empirical,5,0.5197,0.0641,
glass wall,78,3,elevator,empirical,empirical,4,0.3656,0.0513,
glass wall,78,4,gate,empirical,empirical,10,0.3326,0.1282,
glass wall,78,5,platform,empirical,empirical,4,0.3229,0.0513,
glass wall,78,6,train,empirical,empirical,3,0.3195,0.0385,
glass wall,78,7,person walking,empirical,empirical,17,0.2746,0.2179,
glass wall,78,8,conveyor belt,empirical,empirical,3,0.2698,0.0385,
glass wall,78,9,footbridge,empirical,empirical,3,0.2639,0.0385,
glass wall,78,10,monitor,empirical,empirical,3,0.2444,0.0385,
glasses,35,1,utensil,empirical,empirical,3,0.5227,0.0857,
glasses,35,2,pitcher,empirical,empirical,7,0.4372,0.2,
glasses,35,3,jar,empirical,empirical,10,0.4049,0.2857,
glasses,35,4,knife,empirical,empirical,4,0.4035,0.1143,
glasses,35,5,bowl,empirical,empirical,9,0.3689,0.2571,
glasses,35,6,bar,empirical,empirical,5,0.3436,0.1429,
glasses,35,7,glass,empirical,empirical,8,0.3434,0.2286,
glasses,35,8,kitchen island,empirical,empirical,3,0.3337,0.0857,
glasses,35,9,plate,empirical,empirical,9,0.3283,0.2571,
glasses,35,10,mug,empirical,empirical,4,0.3273,0.1143,
globe,16,1,book,empirical,empirical,12,0.3879,0.75,
globe,16,2,bookcase,empirical,empirical,3,0.3255,0.1875,
globe,16,3,desk,empirical,empirical,7,0.3222,0.4375,
globe,16,4,clock,empirical,empirical,5,0.2842,0.3125,
globe,16,5,screen,empirical,empirical,3,0.2273,0.1875,
globe,16,6,desk lamp,empirical,empirical,7,0.2158,0.4375,
globe,16,7,pillow,empirical,empirical,4,0.2136,0.25,
globe,16,8,armchair,empirical,empirical,4,0.2116,0.25,
globe,16,9,picture,empirical,empirical,5,0.1895,0.3125,
globe,16,10,shelf,empirical,empirical,4,0.1567,0.25,
grand piano,29,1,stage,empirical,empirical,15,0.6641,0.5172,
grand piano,29,2,mezzanine,empirical,empirical,3,0.4757,0.1034,
grand piano,29,3,stool,empirical,empirical,13,0.4302,0.4483,
grand piano,29,4,seat,empirical,empirical,14,0.3903,0.4828,
grand piano,29,5,chandelier,empirical,empirical,6,0.2941,0.2069,
grand piano,29,6,spotlight,empirical,empirical,3,0.2877,0.1034,
grand piano,29,7,double door,empirical,empirical,3,0.1987,0.1034,
grand piano,29,8,staircase,empirical,empirical,4,0.198,0.1379,
grand piano,29,9,column,empirical,empirical,5,0.1749,0.1724,
grand piano,29,10,curtain,empirical,empirical,10,0.1678,0.3448,
grandstand,123,1,pitch,empirical,empirical,11,0.5828,0.0894,
grandstand,123,2,court,empirical,empirical,16,0.527,0.1301,
grandstand,123,3,track,empirical,empirical,10,0.4979,0.0813,
grandstand,123,4,scoreboard,empirical,empirical,8,0.4811,0.065,
grandstand,123,5,ice rink,empirical,empirical,5,0.4269,0.0407,
grandstand,123,6,gate,empirical,empirical,22,0.4238,0.1789,
grandstand,123,7,basketball hoop,empirical,empirical,6,0.4127,0.0488,
grandstand,123,8,stage,empirical,empirical,7,0.3104,0.0569,
grandstand,123,9,fence,empirical,empirical,32,0.2681,0.2602,
grandstand,123,10,projection screen,empirical,empirical,5,0.2586,0.0407,
grape,12,1,wine glass,empirical,empirical,4,0.7143,0.3333,
grape,12,2,apple,empirical,empirical,6,0.6975,0.5,
grape,12,3,banana,empirical,empirical,4,0.6907,0.3333,
grape,12,4,cheese,empirical,empirical,3,0.6745,0.25,
grape,12,5,orange,empirical,empirical,4,0.671,0.3333,
grape,12,6,bread,empirical,empirical,3,0.6269,0.25,
grape,12,7,knife,empirical,empirical,3,0.4817,0.25,
grape,12,8,fruit,empirical,empirical,3,0.4578,0.25,
grape,12,9,mug,empirical,empirical,4,0.4574,0.3333,
grape,12,10,kettle,empirical,empirical,3,0.4433,0.25,
grass,1494,1,tree,empirical,empirical,1217,0.4523,0.8146,
grass,1494,2,path,empirical,empirical,201,0.4152,0.1345,
grass,1494,3,house,empirical,empirical,221,0.3488,0.1479,
grass,1494,4,sand trap,empirical,empirical,20,0.3485,0.0134,
grass,1494,5,gazebo,empirical,empirical,17,0.3238,0.0114,
grass,1494,6,headstone,empirical,empirical,10,0.3025,0.0067,
grass,1494,7,sky,empirical,empirical,1211,0.3009,0.8106,
grass,1494,8,fence,empirical,empirical,254,0.2999,0.17,
grass,1494,9,curb,empirical,empirical,31,0.2835,0.0207,
grass,1494,10,hedge,empirical,empirical,63,0.2797,0.0422,
greenhouse,16,1,plant pot,empirical,empirical,6,0.2847,0.375,
greenhouse,16,2,grass,empirical,empirical,9,0.2335,0.5625,
greenhouse,16,3,plant,empirical,empirical,10,0.2002,0.625,
greenhouse,16,4,fence,empirical,empirical,3,0.1551,0.1875,
greenhouse,16,5,flower,empirical,empirical,3,0.1541,0.1875,
greenhouse,16,6,tree,empirical,empirical,10,0.1192,0.625,
greenhouse,16,7,door,empirical,empirical,6,0.0818,0.375,
greenhouse,16,8,sky,empirical,empirical,8,0.0364,0.5,
grille,177,1,kennel,empirical,empirical,3,0.38,0.0169,
grille,177,2,henhouse,empirical,empirical,3,0.3688,0.0169,
grille,177,3,sprinkler,empirical,empirical,5,0.3267,0.0282,
grille,177,4,brochure,empirical,empirical,5,0.283,0.0282,
grille,177,5,ceiling fan,empirical,empirical,16,0.2805,0.0904,
grille,177,6,wheel,empirical,empirical,3,0.2678,0.0169,
grille,177,7,door frame,empirical,empirical,15,0.2271,0.0847,
grille,177,8,curtain rod,empirical,empirical,3,0.2264,0.0169,
grille,177,9,switch,empirical,empirical,17,0.2257,0.096,
grille,177,10,remote control,empirical,empirical,4,0.2168,0.0226,
grille door,12,1,kennel,empirical,empirical,3,0.6959,0.25,
grille door,12,2,cage,empirical,empirical,4,0.6772,0.3333,
grille door,12,3,dog,empirical,empirical,4,0.5355,0.3333,
grille door,12,4,door,empirical,empirical,6,0.1185,0.5,
grille door,12,5,floor,empirical,empirical,10,0.073,0.8333,
grille door,12,6,wall,empirical,empirical,11,0.0634,0.9167,
grille door,12,7,ceiling,empirical,empirical,6,0.0517,0.5,
grille door,12,8,ceiling lamp,empirical,empirical,3,0.0461,0.25,
ground,1130,1,excavator,empirical,empirical,11,0.3584,0.0097,
ground,1130,2,trench,empirical,empirical,13,0.3374,0.0115,
ground,1130,3,tree,empirical,empirical,792,0.3352,0.7009,
ground,1130,4,embankment,empirical,empirical,43,0.3082,0.0381,
ground,1130,5,house,empirical,empirical,154,0.3034,0.1363,
ground,1130,6,hut,empirical,empirical,30,0.302,0.0265,
ground,1130,7,bush,empirical,empirical,117,0.2985,0.1035,
ground,1130,8,stone,empirical,empirical,88,0.2963,0.0779,
ground,1130,9,junk,empirical,empirical,9,0.2798,0.008,
ground,1130,10,fence,empirical,empirical,188,0.2744,0.1664,
guitar,24,1,synthesizer,empirical,empirical,3,0.575,0.125,
guitar,24,2,microphone,empirical,empirical,5,0.5413,0.2083,
guitar,24,3,piano,empirical,empirical,3,0.4642,0.125,
guitar,24,4,speaker,empirical,empirical,4,0.4295,0.1667,
guitar,24,5,swivel chair,empirical,empirical,4,0.2828,0.1667,
guitar,24,6,keyboard,empirical,empirical,3,0.2605,0.125,
guitar,24,7,screen,empirical,empirical,4,0.221,0.1667,
guitar,24,8,stool,empirical,empirical,3,0.2062,0.125,
guitar,24,9,plant pot,empirical,empirical,5,0.2048,0.2083,
guitar,24,10,sconce,empirical,empirical,5,0.189,0.2083,
hair dryer,14,1,swivel chair,empirical,empirical,6,0.4182,0.4286,
hair dryer,14,2,countertop,empirical,empirical,4,0.3725,0.2857,
hair dryer,14,3,mirror,empirical,empirical,11,0.3714,0.7857,
hair dryer,14,4,washbasin,empirical,empirical,5,0.3585,0.3571,
hair dryer,14,5,towel,empirical,empirical,4,0.3128,0.2857,
hair dryer,14,6,toilet,empirical,empirical,3,0.2913,0.2143,
hair dryer,14,7,faucet,empirical,empirical,5,0.2421,0.3571,
hair dryer,14,8,outlet,empirical,empirical,4,0.2203,0.2857,
hair dryer,14,9,shelf,empirical,empirical,5,0.2056,0.3571,
hair dryer,14,10,sink,empirical,empirical,3,0.2018,0.2143,
hairbrush,10,1,tissue box,empirical,empirical,3,0.4976,0.3,
hairbrush,10,2,countertop,empirical,empirical,5,0.4528,0.5,
hairbrush,10,3,towel,empirical,empirical,3,0.3079,0.3,
hairbrush,10,4,mirror,empirical,empirical,5,0.2784,0.5,
hairbrush,10,5,bottle,empirical,empirical,4,0.2694,0.4,
hairbrush,10,6,box,empirical,empirical,5,0.2588,0.5,
hairbrush,10,7,faucet,empirical,empirical,3,0.2071,0.3,
hairbrush,10,8,shelf,empirical,empirical,3,0.1728,0.3,
hairbrush,10,9,cabinet,empirical,empirical,5,0.1657,0.5,
hairbrush,10,10,desk lamp,empirical,empirical,3,0.15,0.3,
hand trolley,10,1,merchandise,empirical,empirical,5,0.6856,0.5,
hand trolley,10,2,check-in-desk,empirical,empirical,3,0.6697,0.3,
hand trolley,10,3,pallet,empirical,empirical,4,0.666,0.4,
hand trolley,10,4,suitcase,empirical,empirical,4,0.5375,0.4,
hand trolley,10,5,fluorescent tube,empirical,empirical,3,0.3108,0.3,
hand trolley,10,6,shelf,empirical,empirical,6,0.2767,0.6,
hand trolley,10,7,column,empirical,empirical,3,0.2295,0.3,
hand trolley,10,8,box,empirical,empirical,4,0.2247,0.4,
hand trolley,10,9,sign,empirical,empirical,3,0.1922,0.3,
hand trolley,10,10,ceiling,empirical,empirical,8,0.116,0.8,
handle,81,1,tile,empirical,empirical,10,0.5732,0.1235,
handle,81,2,knob,empirical,empirical,6,0.5421,0.0741,
handle,81,3,stove,empirical,empirical,31,0.4102,0.3827,
handle,81,4,canister,empirical,empirical,3,0.4095,0.037,
handle,81,5,refrigerator,empirical,empirical,23,0.4035,0.284,
handle,81,6,worktop,empirical,empirical,34,0.4016,0.4198,
handle,81,7,dish rack,empirical,empirical,4,0.3981,0.0494,
handle,81,8,knife,empirical,empirical,7,0.3965,0.0864,
handle,81,9,toilet lid,empirical,empirical,3,0.3964,0.037,
handle,81,10,oven,empirical,empirical,15,0.3869,0.1852,
handle door,38,1,toilet brush,empirical,empirical,3,0.5054,0.0789,
handle door,38,2,bathtube,empirical,empirical,13,0.4974,0.3421,
handle door,38,3,shower screen,empirical,empirical,7,0.4571,0.1842,
handle door,38,4,toilet,empirical,empirical,13,0.4183,0.3421,
handle door,38,5,washbasin,empirical,empirical,13,0.4009,0.3421,
handle door,38,6,soap dish,empirical,empirical,3,0.4008,0.0789,
handle door,38,7,door frame,empirical,empirical,11,0.3875,0.2895,
handle door,38,8,shower,empirical,empirical,4,0.3366,0.1053,
handle door,38,9,soap dispenser,empirical,empirical,3,0.3356,0.0789,
handle door,38,10,cuddly toy,empirical,empirical,4,0.3354,0.1053,
handrail,255,1,jacuzzi,empirical,empirical,24,0.5159,0.0941,
handrail,255,2,staircase,empirical,empirical,86,0.4888,0.3373,
handrail,255,3,porch,empirical,empirical,5,0.4105,0.0196,
handrail,255,4,pool,empirical,empirical,7,0.3945,0.0275,
handrail,255,5,ramp,empirical,empirical,5,0.3897,0.0196,
handrail,255,6,steps,empirical,empirical,63,0.3504,0.2471,
handrail,255,7,float,empirical,empirical,3,0.3259,0.0118,
handrail,255,8,track,empirical,empirical,6,0.3069,0.0235,
handrail,255,9,railing,empirical,empirical,33,0.2337,0.1294,
handrail,255,10,deck chair,empirical,empirical,6,0.2164,0.0235,
hanger,58,1,trousers,empirical,empirical,22,0.7226,0.3793,
hanger,58,2,dress,empirical,empirical,24,0.7156,0.4138,
hanger,58,3,shirt,empirical,empirical,24,0.7012,0.4138,
hanger,58,4,sweater,empirical,empirical,11,0.656,0.1897,
hanger,58,5,skirt,empirical,empirical,5,0.5954,0.0862,
hanger,58,6,jacket,empirical,empirical,18,0.5935,0.3103,
hanger,58,7,closet,empirical,empirical,7,0.5811,0.1207,
hanger,58,8,shoe,empirical,empirical,19,0.5809,0.3276,
hanger,58,9,coat,empirical,empirical,5,0.5487,0.0862,
hanger,58,10,t-shirt,empirical,empirical,8,0.534,0.1379,
hat,64,1,cap,empirical,empirical,9,0.5488,0.1406,
hat,64,2,trousers,empirical,empirical,11,0.5436,0.1719,
hat,64,3,skirt,empirical,empirical,4,0.5402,0.0625,
hat,64,4,shirt,empirical,empirical,13,0.5394,0.2031,
hat,64,5,closet,empirical,empirical,5,0.5024,0.0781,
hat,64,6,dress,empirical,empirical,10,0.4968,0.1562,
hat,64,7,hanger,empirical,empirical,9,0.4845,0.1406,
hat,64,8,shoe,empirical,empirical,12,0.4652,0.1875,
hat,64,9,purse,empirical,empirical,12,0.4448,0.1875,
hat,64,10,t-shirt,empirical,empirical,5,0.4317,0.0781,
hay roll,10,1,field,empirical,empirical,9,0.4785,0.9,
hay roll,10,2,tree,empirical,empirical,6,0.1062,0.6,
hay roll,10,3,sky,empirical,empirical,8,0.0988,0.8,
headboard,35,1,alarm clock,empirical,empirical,8,0.653,0.2286,
headboard,35,2,phone,empirical,empirical,5,0.4622,0.1429,
headboard,35,3,dresser,empirical,empirical,4,0.4479,0.1143,
headboard,35,4,night table,empirical,empirical,26,0.4162,0.7429,
headboard,35,5,telephone,empirical,empirical,11,0.4115,0.3143,
headboard,35,6,bed,empirical,empirical,34,0.3909,0.9714,
headboard,35,7,pen,empirical,empirical,3,0.3813,0.0857,
headboard,35,8,pillow,empirical,empirical,18,0.3686,0.5143,
headboard,35,9,heater,empirical,empirical,3,0.3097,0.0857,
headboard,35,10,desk lamp,empirical,empirical,20,0.2903,0.5714,
headstone,11,1,flag,empirical,empirical,3,0.3422,0.2727,
headstone,11,2,tree trunk,empirical,empirical,3,0.3104,0.2727,
headstone,11,3,grass,empirical,empirical,10,0.3025,0.9091,
headstone,11,4,tree,empirical,empirical,10,0.1704,0.9091,
heated swimming pool,17,1,deck chair,empirical,empirical,5,0.5269,0.2941,
heated swimming pool,17,2,column,empirical,empirical,3,0.1672,0.1765,
heated swimming pool,17,3,ceiling lamp,empirical,empirical,7,0.1162,0.4118,
heated swimming pool,17,4,floor,empirical,empirical,17,0.1056,1.0,
heated swimming pool,17,5,ceiling,empirical,empirical,12,0.1051,0.7059,
heated swimming pool,17,6,door,empirical,empirical,7,0.0956,0.4118,
heated swimming pool,17,7,person,empirical,empirical,5,0.0942,0.2941,
heated swimming pool,17,8,plant,empirical,empirical,5,0.0888,0.2941,
heated swimming pool,17,9,wall,empirical,empirical,16,0.0707,0.9412,
heated swimming pool,17,10,window,empirical,empirical,9,0.062,0.5294,
heater,92,1,headboard,empirical,empirical,3,0.3097,0.0326,
heater,92,2,fan,empirical,empirical,3,0.2777,0.0326,
heater,92,3,toilet paper,empirical,empirical,5,0.266,0.0543,
heater,92,4,television,empirical,empirical,12,0.2439,0.1304,
heater,92,5,bed,empirical,empirical,33,0.2262,0.3587,
heater,92,6,shutter,empirical,empirical,3,0.2251,0.0326,
heater,92,7,curtain,empirical,empirical,36,0.2243,0.3913,
heater,92,8,trash can,empirical,empirical,4,0.2209,0.0435,
heater,92,9,washing machine,empirical,empirical,3,0.2157,0.0326,
heater,92,10,blanket,empirical,empirical,4,0.2142,0.0435,
hedge,137,1,carport,empirical,empirical,7,0.4464,0.0511,
hedge,137,2,topiary,empirical,empirical,3,0.3989,0.0219,
hedge,137,3,water fountain,empirical,empirical,7,0.346,0.0511,
hedge,137,4,path,empirical,empirical,24,0.3191,0.1752,
hedge,137,5,attic,empirical,empirical,4,0.285,0.0292,
hedge,137,6,grass,empirical,empirical,63,0.2797,0.4599,
hedge,137,7,house,empirical,empirical,24,0.2548,0.1752,
hedge,137,8,palm tree,empirical,empirical,10,0.2501,0.073,
hedge,137,9,tree,empirical,empirical,119,0.2482,0.8686,
hedge,137,10,road,empirical,empirical,60,0.2357,0.438,
helicopter,23,1,aircraft carrier,empirical,empirical,4,0.5511,0.1739,
helicopter,23,2,runway,empirical,empirical,5,0.4616,0.2174,
helicopter,23,3,airplane,empirical,empirical,3,0.3669,0.1304,
helicopter,23,4,sea water,empirical,empirical,6,0.2421,0.2609,
helicopter,23,5,grass,empirical,empirical,9,0.1846,0.3913,
helicopter,23,6,person,empirical,empirical,8,0.1223,0.3478,
helicopter,23,7,person standing,empirical,empirical,3,0.1203,0.1304,
helicopter,23,8,fence,empirical,empirical,3,0.1125,0.1304,
helicopter,23,9,sky,empirical,empirical,18,0.1074,0.7826,
helicopter,23,10,ground,empirical,empirical,4,0.1018,0.1739,
hen,15,1,henhouse,empirical,empirical,3,0.6585,0.2,
hen,15,2,fence,empirical,empirical,6,0.2657,0.4,
hen,15,3,house,empirical,empirical,3,0.2082,0.2,
hen,15,4,grass,empirical,empirical,6,0.1778,0.4,
hen,15,5,ground,empirical,empirical,3,0.1148,0.2,
hen,15,6,person,empirical,empirical,3,0.0433,0.2,
hen,15,7,plant,empirical,empirical,3,0.0382,0.2,
hen,15,8,door,empirical,empirical,4,0.0363,0.2667,
hen,15,9,tree,empirical,empirical,5,0.0303,0.3333,
henhouse,11,1,hen,empirical,empirical,3,0.6585,0.2727,
henhouse,11,2,grille,empirical,empirical,3,0.3688,0.2727,
henhouse,11,3,house,empirical,empirical,4,0.2881,0.3636,
henhouse,11,4,grass,empirical,empirical,7,0.2419,0.6364,
henhouse,11,5,fence,empirical,empirical,4,0.241,0.3636,
henhouse,11,6,ground,empirical,empirical,5,0.2246,0.4545,
henhouse,11,7,door,empirical,empirical,8,0.1728,0.7273,
henhouse,11,8,tree,empirical,empirical,9,0.1538,0.8182,
henhouse,11,9,sky,empirical,empirical,7,0.0672,0.6364,
henhouse,11,10,window,empirical,empirical,5,0.0385,0.4545,
hill,169,1,plain,empirical,empirical,9,0.4783,0.0533,
hill,169,2,field,empirical,empirical,52,0.4372,0.3077,
hill,169,3,sheep,empirical,empirical,4,0.4338,0.0237,
hill,169,4,field grass,empirical,empirical,12,0.4263,0.071,
hill,169,5,water lake,empirical,empirical,5,0.4075,0.0296,
hill,169,6,vineyard,empirical,empirical,3,0.3742,0.0178,
hill,169,7,cloudy sky,empirical,empirical,6,0.3721,0.0355,
hill,169,8,valley,empirical,empirical,5,0.3698,0.0296,
hill,169,9,cow,empirical,empirical,5,0.3285,0.0296,
hill,169,10,castle,empirical,empirical,3,0.3101,0.0178,
hill urban,19,1,car rear,empirical,empirical,5,0.5092,0.2632,
hill urban,19,2,fence,empirical,empirical,9,0.303,0.4737,
hill urban,19,3,streetlight,empirical,empirical,7,0.2993,0.3684,
hill urban,19,4,balcony,empirical,empirical,3,0.2802,0.1579,
hill urban,19,5,road,empirical,empirical,15,0.2737,0.7895,
hill urban,19,6,sidewalk,empirical,empirical,8,0.2415,0.4211,
hill urban,19,7,sign,empirical,empirical,6,0.2158,0.3158,
hill urban,19,8,car,empirical,empirical,8,0.2126,0.4211,
hill urban,19,9,field,empirical,empirical,3,0.2125,0.1579,
hill urban,19,10,mountain,empirical,empirical,6,0.1764,0.3158,
horse,28,1,sand floor,empirical,empirical,3,0.5965,0.1071,
horse,28,2,gate,empirical,empirical,4,0.3087,0.1429,
horse,28,3,fence,empirical,empirical,12,0.3012,0.4286,
horse,28,4,ground,empirical,empirical,8,0.177,0.2857,
horse,28,5,house,empirical,empirical,4,0.1745,0.1429,
horse,28,6,bush,empirical,empirical,3,0.1741,0.1071,
horse,28,7,person,empirical,empirical,12,0.1586,0.4286,
horse,28,8,person sitting,empirical,empirical,5,0.1581,0.1786,
horse,28,9,grass,empirical,empirical,8,0.14,0.2857,
horse,28,10,person walking,empirical,empirical,3,0.1353,0.1071,
hose,20,1,dog,empirical,empirical,3,0.4237,0.15,
hose,20,2,bucket,empirical,empirical,3,0.2658,0.15,
hose,20,3,shelf,empirical,empirical,5,0.161,0.25,
hose,20,4,plant pot,empirical,empirical,3,0.1539,0.15,
hose,20,5,box,empirical,empirical,4,0.1405,0.2,
hose,20,6,ground,empirical,empirical,4,0.1188,0.2,
hose,20,7,plant,empirical,empirical,6,0.0934,0.3,
hose,20,8,person,empirical,empirical,5,0.0739,0.25,
hose,20,9,car,empirical,empirical,3,0.067,0.15,
hose,20,10,floor,empirical,empirical,13,0.0405,0.65,
hotpl,19,1,baseboard,empirical,empirical,6,0.6703,0.3158,
hotpl,19,2,knife set,empirical,empirical,6,0.6605,0.3158,
hotpl,19,3,oven,empirical,empirical,17,0.6262,0.8947,
hotpl,19,4,utensils canister,empirical,empirical,3,0.5442,0.1579,
hotpl,19,5,food processor,empirical,empirical,3,0.5392,0.1579,
hotpl,19,6,worktop,empirical,empirical,19,0.4967,1.0,
hotpl,19,7,kettle,empirical,empirical,5,0.478,0.2632,
hotpl,19,8,extractor hood,empirical,empirical,9,0.4703,0.4737,
hotpl,19,9,kitchen island,empirical,empirical,4,0.4546,0.2105,
hotpl,19,10,dishwasher,empirical,empirical,8,0.4543,0.4211,
hous,56,1,house,empirical,empirical,32,0.4589,0.5714,
hous,56,2,chimney,empirical,empirical,5,0.3157,0.0893,
hous,56,3,snow,empirical,empirical,3,0.2625,0.0536,
hous,56,4,mountain,empirical,empirical,20,0.227,0.3571,
hous,56,5,fence,empirical,empirical,13,0.2177,0.2321,
hous,56,6,pole,empirical,empirical,7,0.2006,0.125,
hous,56,7,land,empirical,empirical,3,0.1972,0.0536,
hous,56,8,tree,empirical,empirical,44,0.1887,0.7857,
hous,56,9,sand beach,empirical,empirical,3,0.1832,0.0536,
hous,56,10,steps,empirical,empirical,8,0.1818,0.1429,
house,510,1,hous,empirical,empirical,32,0.4589,0.0627,
house,510,2,garage door,empirical,empirical,27,0.4314,0.0529,
house,510,3,chimney,empirical,empirical,40,0.4046,0.0784,
house,510,4,carport,empirical,empirical,14,0.4017,0.0275,
house,510,5,lighthouse,empirical,empirical,10,0.3547,0.0196,
house,510,6,grass,empirical,empirical,221,0.3488,0.4333,
house,510,7,tree,empirical,empirical,439,0.3373,0.8608,
house,510,8,inflatable bounce game,empirical,empirical,5,0.324,0.0098,
house,510,9,snowy ground,empirical,empirical,17,0.3203,0.0333,
house,510,10,pavilion,empirical,empirical,6,0.3152,0.0118,
hut,61,1,stick,empirical,empirical,3,0.3685,0.0492,
hut,61,2,ground,empirical,empirical,30,0.302,0.4918,
hut,61,3,snowy ground,empirical,empirical,3,0.3007,0.0492,
hut,61,4,dirt track,empirical,empirical,3,0.2654,0.0492,
hut,61,5,tree trunk,empirical,empirical,8,0.2537,0.1311,
hut,61,6,chimney,empirical,empirical,3,0.2268,0.0492,
hut,61,7,bush,empirical,empirical,8,0.2236,0.1311,
hut,61,8,tree,empirical,empirical,51,0.2045,0.8361,
hut,61,9,grass,empirical,empirical,22,0.1974,0.3607,
hut,61,10,stone,empirical,empirical,5,0.1966,0.082,
ice,31,1,iceberg,empirical,empirical,3,0.5092,0.0968,
ice,31,2,mountain,empirical,empirical,21,0.3261,0.6774,
ice,31,3,water,empirical,empirical,11,0.3156,0.3548,
ice,31,4,snowy mountain,empirical,empirical,6,0.2959,0.1935,
ice,31,5,sea water,empirical,empirical,8,0.2499,0.2581,
ice,31,6,sky,empirical,empirical,21,0.088,0.6774,
ice,31,7,person standing,empirical,empirical,3,0.0853,0.0968,
ice,31,8,ground,empirical,empirical,3,0.0295,0.0968,
ice rink,20,1,grandstand,empirical,empirical,5,0.4269,0.25,
ice rink,20,2,fence,empirical,empirical,13,0.3637,0.65,
ice rink,20,3,flag,empirical,empirical,4,0.3165,0.2,
ice rink,20,4,person,empirical,empirical,10,0.1757,0.5,
ice rink,20,5,ceiling lamp,empirical,empirical,10,0.1485,0.5,
ice rink,20,6,person standing,empirical,empirical,3,0.1367,0.15,
ice rink,20,7,ceiling,empirical,empirical,13,0.0946,0.65,
ice rink,20,8,wall,empirical,empirical,15,0.0372,0.75,
iceberg,19,1,ice,empirical,empirical,3,0.5092,0.1579,
iceberg,19,2,sea water,empirical,empirical,18,0.4734,0.9474,
iceberg,19,3,land,empirical,empirical,4,0.3703,0.2105,
iceberg,19,4,mountain,empirical,empirical,7,0.2,0.3684,
iceberg,19,5,sky,empirical,empirical,18,0.1358,0.9474,
igloo,11,1,snowy ground,empirical,empirical,6,0.6348,0.5455,
igloo,11,2,person,empirical,empirical,4,0.1174,0.3636,
igloo,11,3,sky,empirical,empirical,9,0.1034,0.8182,
igloo,11,4,tree,empirical,empirical,5,0.0691,0.4545,
inflatable bounce game,11,1,house,empirical,empirical,5,0.324,0.4545,
inflatable bounce game,11,2,grass,empirical,empirical,8,0.2639,0.7273,
inflatable bounce game,11,3,person,empirical,empirical,5,0.1486,0.4545,
inflatable bounce game,11,4,car,empirical,empirical,3,0.1372,0.2727,
inflatable bounce game,11,5,tree,empirical,empirical,7,0.116,0.6364,
inflatable bounce game,11,6,sky,empirical,empirical,8,0.0861,0.7273,
instrument panel,16,1,rudder,empirical,empirical,6,0.8094,0.375,
instrument panel,16,2,screen,empirical,empirical,12,0.4659,0.75,
instrument panel,16,3,swivel chair,empirical,empirical,4,0.3321,0.25,
instrument panel,16,4,person sitting,empirical,empirical,4,0.1947,0.25,
instrument panel,16,5,window,empirical,empirical,14,0.138,0.875,
instrument panel,16,6,person,empirical,empirical,5,0.1018,0.3125,
instrument panel,16,7,floor,empirical,empirical,14,0.0835,0.875,
instrument panel,16,8,ceiling lamp,empirical,empirical,5,0.0769,0.3125,
instrument panel,16,9,ceiling,empirical,empirical,7,0.0353,0.4375,
instrument panel,16,10,chair,empirical,empirical,3,0.019,0.1875,
island,18,1,sea water,empirical,empirical,9,0.3431,0.5,
island,18,2,dishwasher,empirical,empirical,3,0.2932,0.1667,
island,18,3,river water,empirical,empirical,3,0.2719,0.1667,
island,18,4,microwave,empirical,empirical,3,0.2618,0.1667,
island,18,5,refrigerator,empirical,empirical,3,0.2444,0.1667,
island,18,6,stove,empirical,empirical,4,0.2421,0.2222,
island,18,7,mountain,empirical,empirical,7,0.207,0.3889,
island,18,8,worktop,empirical,empirical,3,0.1787,0.1667,
island,18,9,outlet,empirical,empirical,3,0.1496,0.1667,
island,18,10,flower,empirical,empirical,3,0.1402,0.1667,
jacket,86,1,shirt,empirical,empirical,35,0.7421,0.407,
jacket,86,2,trousers,empirical,empirical,24,0.6847,0.2791,
jacket,86,3,sweater,empirical,empirical,14,0.6568,0.1628,
jacket,86,4,dress,empirical,empirical,23,0.6435,0.2674,
jacket,86,5,hanger,empirical,empirical,18,0.5935,0.2093,
jacket,86,6,t-shirt,empirical,empirical,13,0.5838,0.1512,
jacket,86,7,skirt,empirical,empirical,6,0.5823,0.0698,
jacket,86,8,closet,empirical,empirical,9,0.5816,0.1047,
jacket,86,9,shoe,empirical,empirical,20,0.5336,0.2326,
jacket,86,10,purse,empirical,empirical,19,0.5,0.2209,
jacuzzi,51,1,pool,empirical,empirical,5,0.5368,0.098,
jacuzzi,51,2,handrail,empirical,empirical,24,0.5159,0.4706,
jacuzzi,51,3,water,empirical,empirical,39,0.5117,0.7647,
jacuzzi,51,4,deck chair,empirical,empirical,6,0.422,0.1176,
jacuzzi,51,5,towel,empirical,empirical,11,0.3176,0.2157,
jacuzzi,51,6,plant pot,empirical,empirical,16,0.2994,0.3137,
jacuzzi,51,7,bulletin board,empirical,empirical,6,0.2912,0.1176,
jacuzzi,51,8,step,empirical,empirical,5,0.2638,0.098,
jacuzzi,51,9,plant,empirical,empirical,31,0.2324,0.6078,
jacuzzi,51,10,steps,empirical,empirical,8,0.1942,0.1569,
jar,222,1,pantry,empirical,empirical,10,0.5302,0.045,
jar,222,2,potted plant,empirical,empirical,7,0.5029,0.0315,
jar,222,3,cutting board,empirical,empirical,12,0.488,0.0541,
jar,222,4,canister,empirical,empirical,9,0.4823,0.0405,
jar,222,5,tin,empirical,empirical,19,0.4778,0.0856,
jar,222,6,bowl,empirical,empirical,54,0.4765,0.2432,
jar,222,7,bottle,empirical,empirical,101,0.4691,0.455,
jar,222,8,sink,empirical,empirical,90,0.4605,0.4054,
jar,222,9,decorative plate,empirical,empirical,9,0.4604,0.0405,
jar,222,10,bread,empirical,empirical,8,0.4515,0.036,
jug,12,1,teapot,empirical,empirical,3,0.4433,0.25,
jug,12,2,plate,empirical,empirical,6,0.3963,0.5,
jug,12,3,oven,empirical,empirical,4,0.3962,0.3333,
jug,12,4,candle,empirical,empirical,3,0.3904,0.25,
jug,12,5,cup,empirical,empirical,3,0.3586,0.25,
jug,12,6,dishwasher,empirical,empirical,3,0.3408,0.25,
jug,12,7,pot,empirical,empirical,4,0.325,0.3333,
jug,12,8,bowl,empirical,empirical,3,0.318,0.25,
jug,12,9,glass,empirical,empirical,3,0.3143,0.25,
jug,12,10,microwave,empirical,empirical,3,0.3094,0.25,
junk,15,1,bucket,empirical,empirical,3,0.2996,0.2,
junk,15,2,ground,empirical,empirical,9,0.2798,0.6,
junk,15,3,pole,empirical,empirical,3,0.2358,0.2,
junk,15,4,house,empirical,empirical,3,0.2082,0.2,
junk,15,5,sign,empirical,empirical,3,0.1446,0.2,
junk,15,6,tree,empirical,empirical,11,0.1429,0.7333,
junk,15,7,mountain,empirical,empirical,3,0.1084,0.2,
junk,15,8,sky,empirical,empirical,12,0.1044,0.8,
junk,15,9,car,empirical,empirical,3,0.1008,0.2,
junk,15,10,door,empirical,empirical,4,0.0363,0.2667,
kennel,10,1,grille door,empirical,empirical,3,0.6959,0.3,
kennel,10,2,dog,empirical,empirical,6,0.6384,0.6,
kennel,10,3,grille,empirical,empirical,3,0.38,0.3,
kennel,10,4,grass,empirical,empirical,8,0.2766,0.8,
kennel,10,5,house,empirical,empirical,3,0.2557,0.3,
kennel,10,6,ground,empirical,empirical,4,0.203,0.4,
kennel,10,7,tree,empirical,empirical,8,0.1484,0.8,
kennel,10,8,plant,empirical,empirical,4,0.1237,0.4,
kennel,10,9,door,empirical,empirical,5,0.1158,0.5,
kennel,10,10,sky,empirical,empirical,6,0.0584,0.6,
kettle,86,1,stove,empirical,empirical,70,0.613,0.814,
kettle,86,2,worktop,empirical,empirical,78,0.6115,0.907,
kettle,86,3,extractor hood,empirical,empirical,40,0.5856,0.4651,
kettle,86,4,wine glass,empirical,empirical,6,0.5515,0.0698,
kettle,86,5,bowl,empirical,empirical,38,0.5483,0.4419,
kettle,86,6,utensils canister,empirical,empirical,8,0.5448,0.093,
kettle,86,7,baseboard,empirical,empirical,8,0.5338,0.093,
kettle,86,8,oven,empirical,empirical,29,0.5236,0.3372,
kettle,86,9,knife set,empirical,empirical,8,0.5235,0.093,
kettle,86,10,dishwasher,empirical,empirical,30,0.5206,0.3488,
key,12,1,paper,empirical,empirical,4,0.3345,0.3333,
key,12,2,switch,empirical,empirical,3,0.292,0.25,
key,12,3,desk,empirical,empirical,4,0.2672,0.3333,
key,12,4,outlet,empirical,empirical,4,0.239,0.3333,
key,12,5,book,empirical,empirical,4,0.2376,0.3333,
key,12,6,bottle,empirical,empirical,3,0.2052,0.25,
key,12,7,desk lamp,empirical,empirical,5,0.2006,0.4167,
key,12,8,table,empirical,empirical,5,0.1491,0.4167,
key,12,9,cabinet,empirical,empirical,5,0.1429,0.4167,
key,12,10,bed,empirical,empirical,3,0.1202,0.25,
keyboard,204,1,mouse,empirical,empirical,96,0.8221,0.4706,
keyboard,204,2,screen,empirical,empirical,192,0.8143,0.9412,
keyboard,204,3,cpu,empirical,empirical,85,0.7994,0.4167,
keyboard,204,4,desk,empirical,empirical,168,0.6908,0.8235,
keyboard,204,5,printer,empirical,empirical,45,0.6688,0.2206,
keyboard,204,6,mouse pad,empirical,empirical,14,0.5969,0.0686,
keyboard,204,7,swivel chair,empirical,empirical,75,0.5886,0.3676,
keyboard,204,8,desk mat,empirical,empirical,9,0.5652,0.0441,
keyboard,204,9,desk organizer,empirical,empirical,16,0.5412,0.0784,
keyboard,204,10,loudspeaker,empirical,empirical,25,0.5325,0.1225,
kiosk,16,1,trash can,empirical,empirical,4,0.4334,0.25,
kiosk,16,2,magazine,empirical,empirical,3,0.3381,0.1875,
kiosk,16,3,balcony,empirical,empirical,3,0.3003,0.1875,
kiosk,16,4,sidewalk,empirical,empirical,9,0.2844,0.5625,
kiosk,16,5,text,empirical,empirical,3,0.2468,0.1875,
kiosk,16,6,bottle,empirical,empirical,4,0.2123,0.25,
kiosk,16,7,ground,empirical,empirical,6,0.2053,0.375,
kiosk,16,8,streetlight,empirical,empirical,3,0.1902,0.1875,
kiosk,16,9,sign,empirical,empirical,4,0.1768,0.25,
kiosk,16,10,person,empirical,empirical,8,0.1705,0.5,
kitchen island,75,1,oven,empirical,empirical,38,0.6154,0.5067,
kitchen island,75,2,knife set,empirical,empirical,10,0.5887,0.1333,
kitchen island,75,3,worktop,empirical,empirical,65,0.5827,0.8667,
kitchen island,75,4,dishwasher,empirical,empirical,34,0.5743,0.4533,
kitchen island,75,5,stove,empirical,empirical,56,0.5731,0.7467,
kitchen island,75,6,cutting board,empirical,empirical,8,0.5519,0.1067,
kitchen island,75,7,refrigerator,empirical,empirical,38,0.5342,0.5067,
kitchen island,75,8,sink,empirical,empirical,56,0.5306,0.7467,
kitchen island,75,9,extractor hood,empirical,empirical,26,0.4997,0.3467,
kitchen island,75,10,kettle,empirical,empirical,14,0.4993,0.1867,
knife,62,1,fork,empirical,empirical,18,0.7131,0.2903,
knife,62,2,cutting board,empirical,empirical,8,0.5772,0.129,
knife,62,3,plate,empirical,empirical,33,0.5168,0.5323,
knife,62,4,wine glass,empirical,empirical,4,0.5148,0.0645,
knife,62,5,orange,empirical,empirical,5,0.5125,0.0806,
knife,62,6,cup,empirical,empirical,20,0.4998,0.3226,
knife,62,7,paper towel,empirical,empirical,3,0.4919,0.0484,
knife,62,8,bread,empirical,empirical,4,0.4843,0.0645,
knife,62,9,napkin,empirical,empirical,13,0.4836,0.2097,
knife,62,10,cheese,empirical,empirical,3,0.4817,0.0484,
knife set,27,1,hotpl,empirical,empirical,6,0.6605,0.2222,
knife set,27,2,utensils canister,empirical,empirical,5,0.5988,0.1852,
knife set,27,3,toaster,empirical,empirical,8,0.5929,0.2963,
knife set,27,4,spice rack,empirical,empirical,3,0.5895,0.1111,
knife set,27,5,kitchen island,empirical,empirical,10,0.5887,0.3704,
knife set,27,6,salt,empirical,empirical,3,0.5793,0.1111,
knife set,27,7,casserole,empirical,empirical,3,0.5531,0.1111,
knife set,27,8,food processor,empirical,empirical,4,0.5503,0.1481,
knife set,27,9,oven,empirical,empirical,15,0.5459,0.5556,
knife set,27,10,microwave,empirical,empirical,18,0.5377,0.6667,
knob,16,1,tile,empirical,empirical,7,0.7115,0.4375,
knob,16,2,handle,empirical,empirical,6,0.5421,0.375,
knob,16,3,oven,empirical,empirical,7,0.4605,0.4375,
knob,16,4,drawer,empirical,empirical,9,0.4291,0.5625,
knob,16,5,washing machine,empirical,empirical,3,0.421,0.1875,
knob,16,6,worktop,empirical,empirical,10,0.3889,0.625,
knob,16,7,pitcher,empirical,empirical,3,0.3861,0.1875,
knob,16,8,extractor hood,empirical,empirical,5,0.3839,0.3125,
knob,16,9,plate,empirical,empirical,6,0.3595,0.375,
knob,16,10,stove,empirical,empirical,7,0.3481,0.4375,
labyrinth,11,1,ground,empirical,empirical,6,0.2531,0.5455,
labyrinth,11,2,grass,empirical,empirical,4,0.1575,0.3636,
labyrinth,11,3,person,empirical,empirical,5,0.1486,0.4545,
labyrinth,11,4,tree,empirical,empirical,5,0.0691,0.4545,
labyrinth,11,5,sky,empirical,empirical,6,0.0462,0.5455,
ladder,89,1,broom,empirical,empirical,3,0.4299,0.0337,
ladder,89,2,bunk bed,empirical,empirical,7,0.4122,0.0787,
ladder,89,3,brush,empirical,empirical,3,0.3681,0.0337,
ladder,89,4,billboard,empirical,empirical,3,0.3629,0.0337,
ladder,89,5,pallet,empirical,empirical,3,0.3531,0.0337,
ladder,89,6,tin,empirical,empirical,4,0.3091,0.0449,
ladder,89,7,bucket,empirical,empirical,10,0.2701,0.1124,
ladder,89,8,teddy bear,empirical,empirical,3,0.2428,0.0337,
ladder,89,9,board,empirical,empirical,6,0.2243,0.0674,
ladder,89,10,bicycle,empirical,empirical,3,0.2196,0.0337,
lamppost,68,1,excavator,empirical,empirical,3,0.4811,0.0441,
lamppost,68,2,service station,empirical,empirical,3,0.4615,0.0441,
lamppost,68,3,pickup,empirical,empirical,4,0.4151,0.0588,
lamppost,68,4,pole,empirical,empirical,16,0.3172,0.2353,
lamppost,68,5,vending machine,empirical,empirical,3,0.2965,0.0441,
lamppost,68,6,fence,empirical,empirical,22,0.2861,0.3235,
lamppost,68,7,road,empirical,empirical,41,0.2747,0.6029,
lamppost,68,8,embankment,empirical,empirical,4,0.2722,0.0588,
lamppost,68,9,truck,empirical,empirical,7,0.2615,0.1029,
lamppost,68,10,house,empirical,empirical,13,0.245,0.1912,
land,150,1,iceberg,empirical,empirical,4,0.3703,0.0267,
land,150,2,sea water,empirical,empirical,44,0.345,0.2933,
land,150,3,volcano,empirical,empirical,3,0.3371,0.02,
land,150,4,sun,empirical,empirical,5,0.3156,0.0333,
land,150,5,river water,empirical,empirical,18,0.2954,0.12,
land,150,6,boat,empirical,empirical,15,0.2925,0.1,
land,150,7,ship,empirical,empirical,4,0.2656,0.0267,
land,150,8,baggage cart,empirical,empirical,3,0.2593,0.02,
land,150,9,runway,empirical,empirical,6,0.256,0.04,
land,150,10,mountain,empirical,empirical,50,0.2514,0.3333,
laptop,102,1,desk,empirical,empirical,66,0.5275,0.6471,
laptop,102,2,printer,empirical,empirical,16,0.518,0.1569,
laptop,102,3,folder,empirical,empirical,14,0.5167,0.1373,
laptop,102,4,desk organizer,empirical,empirical,9,0.5151,0.0882,
laptop,102,5,mouse,empirical,empirical,21,0.5062,0.2059,
laptop,102,6,pen,empirical,empirical,12,0.4998,0.1176,
laptop,102,7,paper filer,empirical,empirical,4,0.473,0.0392,
laptop,102,8,notebook,empirical,empirical,17,0.4661,0.1667,
laptop,102,9,wastepaper basket,empirical,empirical,7,0.4409,0.0686,
laptop,102,10,paper,empirical,empirical,30,0.4228,0.2941,
large window,38,1,carpet,empirical,empirical,8,0.4107,0.2105,
large window,38,2,sofa,empirical,empirical,11,0.2839,0.2895,
large window,38,3,floor lamp,empirical,empirical,6,0.2835,0.1579,
large window,38,4,cushion,empirical,empirical,13,0.2621,0.3421,
large window,38,5,pane,empirical,empirical,4,0.2543,0.1053,
large window,38,6,bed,empirical,empirical,13,0.1896,0.3421,
large window,38,7,telephone,empirical,empirical,3,0.1865,0.0789,
large window,38,8,television,empirical,empirical,4,0.1853,0.1053,
large window,38,9,coffee table,empirical,empirical,4,0.1832,0.1053,
large window,38,10,desk lamp,empirical,empirical,11,0.1721,0.2895,
leaf,10,1,tree trunk,empirical,empirical,4,0.3678,0.4,
leaf,10,2,table,empirical,empirical,3,0.1016,0.3,
leaf,10,3,plant,empirical,empirical,3,0.0858,0.3,
leaf,10,4,tree,empirical,empirical,5,0.081,0.5,
leaf,10,5,ceiling lamp,empirical,empirical,3,0.0675,0.3,
lectern,13,1,pulpit,empirical,empirical,6,0.7043,0.4615,
lectern,13,2,cloth,empirical,empirical,3,0.5744,0.2308,
lectern,13,3,altar,empirical,empirical,3,0.4686,0.2308,
lectern,13,4,bench,empirical,empirical,5,0.3369,0.3846,
lectern,13,5,railing,empirical,empirical,4,0.279,0.3077,
lectern,13,6,steps,empirical,empirical,3,0.2172,0.2308,
lectern,13,7,armchair,empirical,empirical,3,0.195,0.2308,
lectern,13,8,sconce,empirical,empirical,3,0.1896,0.2308,
lectern,13,9,flower,empirical,empirical,3,0.1784,0.2308,
lectern,13,10,vase,empirical,empirical,3,0.1774,0.2308,
ledge,10,1,shower screen,empirical,empirical,3,0.4689,0.3,
ledge,10,2,countertop,empirical,empirical,4,0.4134,0.4,
ledge,10,3,washbasin,empirical,empirical,4,0.3625,0.4,
ledge,10,4,towel,empirical,empirical,3,0.3079,0.3,
ledge,10,5,faucet,empirical,empirical,4,0.2493,0.4,
ledge,10,6,mirror,empirical,empirical,3,0.2017,0.3,
ledge,10,7,box,empirical,empirical,3,0.1833,0.3,
ledge,10,8,mountain,empirical,empirical,3,0.156,0.3,
ledge,10,9,ceiling,empirical,empirical,4,0.022,0.4,
license plate,10,1,weighbridge,empirical,empirical,3,0.6959,0.3,
license plate,10,2,windshield,empirical,empirical,4,0.6399,0.4,
license plate,10,3,truck,empirical,empirical,4,0.4086,0.4,
license plate,10,4,car,empirical,empirical,6,0.2501,0.6,
license plate,10,5,road,empirical,empirical,7,0.2308,0.7,
license plate,10,6,mirror,empirical,empirical,3,0.2017,0.3,
license plate,10,7,sign,empirical,empirical,3,0.1922,0.3,
license plate,10,8,building,empirical,empirical,6,0.1352,0.6,
license plate,10,9,tree,empirical,empirical,5,0.081,0.5,
license plate,10,10,window,empirical,empirical,6,0.0748,0.6,
light,11,1,person,empirical,empirical,5,0.1486,0.4545,
light,11,2,chair,empirical,empirical,5,0.1308,0.4545,
light,11,3,table,empirical,empirical,4,0.1285,0.3636,
light,11,4,door,empirical,empirical,5,0.1039,0.4545,
light,11,5,floor,empirical,empirical,9,0.0695,0.8182,
light,11,6,ceiling,empirical,empirical,6,0.0628,0.5455,
light,11,7,wall,empirical,empirical,10,0.0614,0.9091,
light,11,8,ceiling lamp,empirical,empirical,3,0.0563,0.2727,
light,11,9,window,empirical,empirical,4,0.0103,0.3636,
lighthouse,22,1,rock,empirical,empirical,9,0.3869,0.4091,
lighthouse,22,2,sea water,empirical,empirical,13,0.3846,0.5909,
lighthouse,22,3,house,empirical,empirical,10,0.3547,0.4545,
lighthouse,22,4,railing,empirical,empirical,7,0.3037,0.3182,
lighthouse,22,5,bush,empirical,empirical,5,0.2792,0.2273,
lighthouse,22,6,mountain,empirical,empirical,6,0.1576,0.2727,
lighthouse,22,7,fence,empirical,empirical,4,0.1568,0.1818,
lighthouse,22,8,sky,empirical,empirical,22,0.1483,1.0,
lighthouse,22,9,ground,empirical,empirical,5,0.138,0.2273,
lighthouse,22,10,grass,empirical,empirical,4,0.0733,0.1818,
litter bin,44,1,mouse pad,empirical,empirical,3,0.4882,0.0682,
litter bin,44,2,phone,empirical,empirical,3,0.3476,0.0682,
litter bin,44,3,keyboard,empirical,empirical,7,0.3208,0.1591,
litter bin,44,4,brand name,empirical,empirical,3,0.295,0.0682,
litter bin,44,5,person walking,empirical,empirical,11,0.2771,0.25,
litter bin,44,6,screen,empirical,empirical,9,0.2727,0.2045,
litter bin,44,7,desk,empirical,empirical,11,0.2648,0.25,
litter bin,44,8,poster,empirical,empirical,6,0.2623,0.1364,
litter bin,44,9,mouse,empirical,empirical,3,0.2608,0.0682,
litter bin,44,10,bookcase,empirical,empirical,4,0.2489,0.0909,
loaf,27,1,french bread,empirical,empirical,15,0.8469,0.5556,
loaf,27,2,price,empirical,empirical,6,0.709,0.2222,
loaf,27,3,bread roll,empirical,empirical,6,0.6747,0.2222,
loaf,27,4,cooky,empirical,empirical,4,0.6345,0.1481,
loaf,27,5,cake,empirical,empirical,8,0.6009,0.2963,
loaf,27,6,showcase,empirical,empirical,16,0.6005,0.5926,
loaf,27,7,tray,empirical,empirical,5,0.2815,0.1852,
loaf,27,8,counter,empirical,empirical,5,0.2802,0.1852,
loaf,27,9,shelf,empirical,empirical,12,0.2615,0.4444,
loaf,27,10,bulletin board,empirical,empirical,3,0.2608,0.1111,
locker,14,1,bench,empirical,empirical,8,0.4104,0.5714,
locker,14,2,fluorescent tube,empirical,empirical,3,0.2713,0.2143,
locker,14,3,door,empirical,empirical,7,0.1209,0.5,
locker,14,4,ceiling,empirical,empirical,10,0.1041,0.7143,
locker,14,5,ceiling lamp,empirical,empirical,5,0.0936,0.3571,
locker,14,6,floor,empirical,empirical,13,0.0911,0.9286,
locker,14,7,wall,empirical,empirical,13,0.0667,0.9286,
loudspeaker,61,1,desk organizer,empirical,empirical,10,0.6072,0.1639,
loudspeaker,61,2,mouse,empirical,empirical,23,0.6067,0.377,
loudspeaker,61,3,printer,empirical,empirical,16,0.5931,0.2623,
loudspeaker,61,4,dvd,empirical,empirical,7,0.5685,0.1148,
loudspeaker,61,5,cpu,empirical,empirical,16,0.5367,0.2623,
loudspeaker,61,6,keyboard,empirical,empirical,25,0.5325,0.4098,
loudspeaker,61,7,music system,empirical,empirical,7,0.4873,0.1148,
loudspeaker,61,8,paper filer,empirical,empirical,3,0.4836,0.0492,
loudspeaker,61,9,screen,empirical,empirical,29,0.4587,0.4754,
loudspeaker,61,10,projection screen,empirical,empirical,9,0.4528,0.1475,
machine,37,1,airplane,empirical,empirical,3,0.3111,0.0811,
machine,37,2,fluorescent tube,empirical,empirical,6,0.2597,0.1622,
machine,37,3,keyboard,empirical,empirical,4,0.252,0.1081,
machine,37,4,bulletin board,empirical,empirical,3,0.2238,0.0811,
machine,37,5,box,empirical,empirical,10,0.1993,0.2703,
machine,37,6,shelf,empirical,empirical,9,0.1701,0.2432,
machine,37,7,person,empirical,empirical,16,0.1666,0.4324,
machine,37,8,field,empirical,empirical,3,0.1343,0.0811,
machine,37,9,screen,empirical,empirical,3,0.1289,0.0811,
machine,37,10,person standing,empirical,empirical,4,0.1017,0.1081,
machinery,15,1,workbench,empirical,empirical,5,0.6897,0.3333,
machinery,15,2,fluorescent tube,empirical,empirical,3,0.2632,0.2,
machinery,15,3,box,empirical,empirical,6,0.2363,0.4,
machinery,15,4,shelf,empirical,empirical,6,0.2248,0.4,
machinery,15,5,person,empirical,empirical,5,0.1099,0.3333,
machinery,15,6,ceiling,empirical,empirical,10,0.0946,0.6667,
machinery,15,7,ceiling lamp,empirical,empirical,5,0.085,0.3333,
machinery,15,8,floor,empirical,empirical,12,0.0691,0.8,
machinery,15,9,wall,empirical,empirical,14,0.0682,0.9333,
machinery,15,10,door,empirical,empirical,4,0.0363,0.2667,
magazine,158,1,newsstand,empirical,empirical,5,0.4822,0.0316,
magazine,158,2,brochure,empirical,empirical,13,0.4729,0.0823,
magazine,158,3,coffee table,empirical,empirical,49,0.4521,0.3101,
magazine,158,4,newspaper,empirical,empirical,8,0.4203,0.0506,
magazine,158,5,magazine rack,empirical,empirical,4,0.4101,0.0253,
magazine,158,6,side table,empirical,empirical,28,0.4064,0.1772,
magazine,158,7,printer,empirical,empirical,12,0.3954,0.0759,
magazine,158,8,candy,empirical,empirical,3,0.3821,0.019,
magazine,158,9,sofa,empirical,empirical,50,0.3748,0.3165,
magazine,158,10,armchair,empirical,empirical,53,0.3605,0.3354,
magazine rack,13,1,magazine,empirical,empirical,4,0.4101,0.3077,
magazine rack,13,2,side table,empirical,empirical,3,0.3308,0.2308,
magazine rack,13,3,sofa,empirical,empirical,5,0.2914,0.3846,
magazine rack,13,4,armchair,empirical,empirical,5,0.2713,0.3846,
magazine rack,13,5,outlet,empirical,empirical,5,0.2635,0.3846,
magazine rack,13,6,cushion,empirical,empirical,5,0.2455,0.3846,
magazine rack,13,7,rug,empirical,empirical,3,0.2404,0.2308,
magazine rack,13,8,book,empirical,empirical,4,0.2279,0.3077,
magazine rack,13,9,vase,empirical,empirical,4,0.2185,0.3077,
magazine rack,13,10,curtain,empirical,empirical,7,0.2181,0.5385,
manhole,13,1,manhole cover,empirical,empirical,7,0.7095,0.5385,
manhole,13,2,road,empirical,empirical,10,0.255,0.7692,
manhole,13,3,sidewalk,empirical,empirical,4,0.1831,0.3077,
manhole,13,4,person,empirical,empirical,6,0.154,0.4615,
manhole,13,5,building,empirical,empirical,3,0.012,0.2308,
manhole cover,35,1,manhole,empirical,empirical,7,0.7095,0.2,
manhole cover,35,2,crosswalk,empirical,empirical,4,0.4035,0.1143,
manhole cover,35,3,road,empirical,empirical,29,0.3103,0.8286,
manhole cover,35,4,sidewalk,empirical,empirical,18,0.3004,0.5143,
manhole cover,35,5,person walking,empirical,empirical,7,0.2317,0.2,
manhole cover,35,6,text,empirical,empirical,5,0.2286,0.1429,
manhole cover,35,7,streetlight,empirical,empirical,7,0.2196,0.2,
manhole cover,35,8,sign,empirical,empirical,6,0.1378,0.1714,
manhole cover,35,9,pole,empirical,empirical,3,0.1363,0.0857,
manhole cover,35,10,building,empirical,empirical,18,0.1343,0.5143,
map,24,1,folder,empirical,empirical,4,0.4617,0.1667,
map,24,2,printer,empirical,empirical,4,0.4381,0.1667,
map,24,3,blackboard,empirical,empirical,3,0.428,0.125,
map,24,4,cpu,empirical,empirical,4,0.3912,0.1667,
map,24,5,mouse,empirical,empirical,4,0.3785,0.1667,
map,24,6,keyboard,empirical,empirical,6,0.3722,0.25,
map,24,7,desk,empirical,empirical,12,0.3652,0.5,
map,24,8,toy,empirical,empirical,4,0.338,0.1667,
map,24,9,screen,empirical,empirical,8,0.3333,0.3333,
map,24,10,swivel chair,empirical,empirical,5,0.3186,0.2083,
mast,11,1,boat,empirical,empirical,6,0.4751,0.5455,
mast,11,2,skyscraper,empirical,empirical,8,0.4655,0.7273,
mast,11,3,flag,empirical,empirical,3,0.3422,0.2727,
mast,11,4,sea water,empirical,empirical,3,0.2277,0.2727,
mast,11,5,building,empirical,empirical,6,0.123,0.5455,
mast,11,6,sky,empirical,empirical,10,0.1193,0.9091,
mast,11,7,tree,empirical,empirical,4,0.0401,0.3636,
mat,13,1,ceiling fan,empirical,empirical,3,0.3354,0.2308,
mat,13,2,vase,empirical,empirical,3,0.1774,0.2308,
mat,13,3,mirror,empirical,empirical,3,0.1709,0.2308,
mat,13,4,painting,empirical,empirical,4,0.143,0.3077,
mat,13,5,table,empirical,empirical,5,0.1391,0.3846,
mat,13,6,ceiling lamp,empirical,empirical,5,0.1028,0.3846,
mat,13,7,floor,empirical,empirical,13,0.1016,1.0,
mat,13,8,person,empirical,empirical,4,0.0971,0.3077,
mat,13,9,ceiling,empirical,empirical,8,0.0812,0.6154,
mat,13,10,chair,empirical,empirical,4,0.0798,0.3077,
mattress,13,1,radiator,empirical,empirical,3,0.3938,0.2308,
mattress,13,2,bottle,empirical,empirical,4,0.2375,0.3077,
mattress,13,3,bed,empirical,empirical,6,0.2091,0.4615,
mattress,13,4,vase,empirical,empirical,3,0.1774,0.2308,
mattress,13,5,night table,empirical,empirical,3,0.1734,0.2308,
mattress,13,6,curtain,empirical,empirical,5,0.1669,0.3846,
mattress,13,7,desk lamp,empirical,empirical,4,0.1584,0.3077,
mattress,13,8,shelf,empirical,empirical,3,0.142,0.2308,
mattress,13,9,table,empirical,empirical,5,0.1391,0.3846,
mattress,13,10,chair,empirical,empirical,5,0.1099,0.3846,
merchandise,31,1,pallet,empirical,empirical,15,0.821,0.4839,
merchandise,31,2,hand trolley,empirical,empirical,5,0.6856,0.1613,
merchandise,31,3,forklift,empirical,empirical,6,0.6819,0.1935,
merchandise,31,4,fluorescent tube,empirical,empirical,10,0.3719,0.3226,
merchandise,31,5,shelf,empirical,empirical,21,0.3479,0.6774,
merchandise,31,6,box,empirical,empirical,18,0.3304,0.5806,
merchandise,31,7,ceiling,empirical,empirical,28,0.1585,0.9032,
merchandise,31,8,floor,empirical,empirical,29,0.1039,0.9355,
merchandise,31,9,ceiling lamp,empirical,empirical,10,0.0885,0.3226,
merchandise,31,10,wall,empirical,empirical,24,0.0448,0.7742,
metal shutter,38,1,motorbike,empirical,empirical,3,0.3671,0.0789,
metal shutter,38,2,balcony,empirical,empirical,6,0.305,0.1579,
metal shutter,38,3,spotlight,empirical,empirical,3,0.2559,0.0789,
metal shutter,38,4,van,empirical,empirical,4,0.247,0.1053,
metal shutter,38,5,road,empirical,empirical,22,0.2423,0.5789,
metal shutter,38,6,sidewalk,empirical,empirical,13,0.2287,0.3421,
metal shutter,38,7,car,empirical,empirical,14,0.2106,0.3684,
metal shutter,38,8,building,empirical,empirical,27,0.1941,0.7105,
metal shutter,38,9,text,empirical,empirical,4,0.1853,0.1053,
metal shutter,38,10,box,empirical,empirical,7,0.14,0.1842,
mezzanine,27,1,stage,empirical,empirical,8,0.5348,0.2963,
mezzanine,27,2,grand piano,empirical,empirical,3,0.4757,0.1111,
mezzanine,27,3,vault,empirical,empirical,3,0.438,0.1111,
mezzanine,27,4,staircase,empirical,empirical,8,0.3176,0.2963,
mezzanine,27,5,sculpture,empirical,empirical,4,0.3146,0.1481,
mezzanine,27,6,seat,empirical,empirical,8,0.2965,0.2963,
mezzanine,27,7,spotlight,empirical,empirical,3,0.2961,0.1111,
mezzanine,27,8,chandelier,empirical,empirical,5,0.2736,0.1852,
mezzanine,27,9,railing,empirical,empirical,6,0.2519,0.2222,
mezzanine,27,10,column,empirical,empirical,7,0.2358,0.2593,
microphone,41,1,guitar,empirical,empirical,5,0.5413,0.122,
microphone,41,2,stand,empirical,empirical,14,0.3985,0.3415,
microphone,41,3,loudspeaker,empirical,empirical,4,0.3862,0.0976,
microphone,41,4,conference table,empirical,empirical,3,0.3433,0.0732,
microphone,41,5,speaker,empirical,empirical,3,0.3183,0.0732,
microphone,41,6,paper,empirical,empirical,8,0.2942,0.1951,
microphone,41,7,flag,empirical,empirical,6,0.293,0.1463,
microphone,41,8,spotlight,empirical,empirical,4,0.2906,0.0976,
microphone,41,9,screen,empirical,empirical,9,0.2823,0.2195,
microphone,41,10,mouse,empirical,empirical,3,0.2691,0.0732,
microwave,269,1,worktop,empirical,empirical,207,0.7125,0.7695,
microwave,269,2,stove,empirical,empirical,185,0.7102,0.6877,
microwave,269,3,refrigerator,empirical,empirical,134,0.6732,0.4981,
microwave,269,4,dishwasher,empirical,empirical,95,0.6416,0.3532,
microwave,269,5,coffee maker,empirical,empirical,73,0.6212,0.2714,
microwave,269,6,sink,empirical,empirical,163,0.6098,0.6059,
microwave,269,7,oven,empirical,empirical,79,0.5973,0.2937,
microwave,269,8,toaster,empirical,empirical,32,0.5781,0.119,
microwave,269,9,extractor hood,empirical,empirical,77,0.5663,0.2862,
microwave,269,10,dishcloth,empirical,empirical,38,0.5482,0.1413,
mirror,808,1,washbasin,empirical,empirical,218,0.6119,0.2698,
mirror,808,2,countertop,empirical,empirical,150,0.572,0.1856,
mirror,808,3,towel,empirical,empirical,159,0.484,0.1968,
mirror,808,4,toilet,empirical,empirical,137,0.4785,0.1696,
mirror,808,5,soap,empirical,empirical,51,0.4534,0.0631,
mirror,808,6,bathtube,empirical,empirical,85,0.4499,0.1052,
mirror,808,7,cistern,empirical,empirical,37,0.4467,0.0458,
mirror,808,8,faucet,empirical,empirical,253,0.4425,0.3131,
mirror,808,9,soap dispenser,empirical,empirical,42,0.4151,0.052,
mirror,808,10,soap dish,empirical,empirical,28,0.4123,0.0347,
mobile,15,1,cradle,empirical,empirical,12,0.7255,0.8,
mobile,15,2,cuddly toy,empirical,empirical,6,0.5234,0.4,
mobile,15,3,teddy bear,empirical,empirical,3,0.4518,0.2,
mobile,15,4,toy,empirical,empirical,5,0.434,0.3333,
mobile,15,5,blanket,empirical,empirical,3,0.3861,0.2,
mobile,15,6,basket,empirical,empirical,4,0.2583,0.2667,
mobile,15,7,picture,empirical,empirical,7,0.2501,0.4667,
mobile,15,8,armchair,empirical,empirical,3,0.1782,0.2,
mobile,15,9,book,empirical,empirical,3,0.1696,0.2,
mobile,15,10,shelf,empirical,empirical,4,0.1645,0.2667,
monitor,72,1,ticket counter,empirical,empirical,3,0.4642,0.0417,
monitor,72,2,check-in-desk,empirical,empirical,3,0.438,0.0417,
monitor,72,3,people sitting,empirical,empirical,3,0.4102,0.0417,
monitor,72,4,video,empirical,empirical,3,0.3985,0.0417,
monitor,72,5,suitcase,empirical,empirical,7,0.3923,0.0972,
monitor,72,6,conveyor belt,empirical,empirical,5,0.3608,0.0694,
monitor,72,7,slot machine,empirical,empirical,3,0.3566,0.0417,
monitor,72,8,exit sign,empirical,empirical,3,0.3528,0.0417,
monitor,72,9,person sitting,empirical,empirical,20,0.258,0.2778,
monitor,72,10,stand,empirical,empirical,10,0.2571,0.1389,
mosque,12,1,dome,empirical,empirical,4,0.5205,0.3333,
mosque,12,2,person walking,empirical,empirical,3,0.2348,0.25,
mosque,12,3,person,empirical,empirical,6,0.1642,0.5,
mosque,12,4,sidewalk,empirical,empirical,3,0.1525,0.25,
mosque,12,5,grass,empirical,empirical,4,0.1469,0.3333,
mosque,12,6,tree,empirical,empirical,8,0.1242,0.6667,
mosque,12,7,sky,empirical,empirical,11,0.122,0.9167,
mosque,12,8,plant,empirical,empirical,4,0.1016,0.3333,
mosque,12,9,road,empirical,empirical,3,0.087,0.25,
motorbike,52,1,bicycle,empirical,empirical,7,0.4243,0.1346,
motorbike,52,2,metal shutter,empirical,empirical,3,0.3671,0.0577,
motorbike,52,3,shutter,empirical,empirical,3,0.292,0.0577,
motorbike,52,4,road,empirical,empirical,34,0.2796,0.6538,
motorbike,52,5,car,empirical,empirical,26,0.2791,0.5,
motorbike,52,6,sidewalk,empirical,empirical,18,0.2415,0.3462,
motorbike,52,7,person walking,empirical,empirical,10,0.2376,0.1923,
motorbike,52,8,balcony,empirical,empirical,5,0.2361,0.0962,
motorbike,52,9,streetlight,empirical,empirical,10,0.225,0.1923,
motorbike,52,10,van,empirical,empirical,4,0.2089,0.0769,
mountain,1193,1,sky,empirical,empirical,1104,0.341,0.9254,
mountain,1193,2,valley,empirical,empirical,18,0.3401,0.0151,
mountain,1193,3,fog bank,empirical,empirical,11,0.3277,0.0092,
mountain,1193,4,ice,empirical,empirical,21,0.3261,0.0176,
mountain,1193,5,sea water,empirical,empirical,189,0.3191,0.1584,
mountain,1193,6,village,empirical,empirical,10,0.3104,0.0084,
mountain,1193,7,snowy mountain,empirical,empirical,104,0.3052,0.0872,
mountain,1193,8,slope,empirical,empirical,17,0.3052,0.0142,
mountain,1193,9,field,empirical,empirical,127,0.2967,0.1065,
mountain,1193,10,snow,empirical,empirical,38,0.287,0.0319,
mountain pass,12,1,rocky mountain,empirical,empirical,6,0.4871,0.5,
mountain pass,12,2,snowy mountain,empirical,empirical,6,0.4172,0.5,
mountain pass,12,3,mountain,empirical,empirical,5,0.207,0.4167,
mountain pass,12,4,sky,empirical,empirical,11,0.122,0.9167,
mouse,111,1,keyboard,empirical,empirical,96,0.8221,0.8649,
mouse,111,2,cpu,empirical,empirical,58,0.7851,0.5225,
mouse,111,3,screen,empirical,empirical,101,0.703,0.9099,
mouse,111,4,mouse pad,empirical,empirical,14,0.6841,0.1261,
mouse,111,5,desk organizer,empirical,empirical,17,0.6447,0.1532,
mouse,111,6,desk,empirical,empirical,99,0.6339,0.8919,
mouse,111,7,printer,empirical,empirical,26,0.6206,0.2342,
mouse,111,8,loudspeaker,empirical,empirical,23,0.6067,0.2072,
mouse,111,9,pen,empirical,empirical,15,0.536,0.1351,
mouse,111,10,folder,empirical,empirical,15,0.5196,0.1351,
mouse pad,16,1,mouse,empirical,empirical,14,0.6841,0.875,
mouse pad,16,2,keyboard,empirical,empirical,14,0.5969,0.875,
mouse pad,16,3,cpu,empirical,empirical,8,0.573,0.5,
mouse pad,16,4,printer,empirical,empirical,6,0.5644,0.375,
mouse pad,16,5,filing cabinet,empirical,empirical,3,0.5024,0.1875,
mouse pad,16,6,screen,empirical,empirical,14,0.4983,0.875,
mouse pad,16,7,litter bin,empirical,empirical,3,0.4882,0.1875,
mouse pad,16,8,desk,empirical,empirical,16,0.4819,1.0,
mouse pad,16,9,cup,empirical,empirical,7,0.4711,0.4375,
mouse pad,16,10,phone,empirical,empirical,3,0.4664,0.1875,
mug,116,1,bread,empirical,empirical,8,0.5376,0.069,
mug,116,2,frying pan,empirical,empirical,10,0.5343,0.0862,
mug,116,3,potted plant,empirical,empirical,5,0.5208,0.0431,
mug,116,4,decorative plate,empirical,empirical,6,0.4676,0.0517,
mug,116,5,dish,empirical,empirical,7,0.4629,0.0603,
mug,116,6,grape,empirical,empirical,4,0.4574,0.0345,
mug,116,7,plate,empirical,empirical,39,0.4542,0.3362,
mug,116,8,object,empirical,empirical,8,0.4533,0.069,
mug,116,9,wine glass,empirical,empirical,4,0.4387,0.0345,
mug,116,10,kettle,empirical,empirical,14,0.4368,0.1207,
music system,41,1,dvd,empirical,empirical,4,0.5101,0.0976,
music system,41,2,loudspeaker,empirical,empirical,7,0.4873,0.1707,
music system,41,3,briefcase,empirical,empirical,3,0.4046,0.0732,
music system,41,4,fan,empirical,empirical,3,0.3725,0.0732,
music system,41,5,chest,empirical,empirical,4,0.3611,0.0976,
music system,41,6,teddy bear,empirical,empirical,3,0.3338,0.0732,
music system,41,7,cuddly toy,empirical,empirical,4,0.3262,0.0976,
music system,41,8,ceiling fan,empirical,empirical,6,0.3069,0.1463,
music system,41,9,pillow,empirical,empirical,14,0.2967,0.3415,
music system,41,10,book,empirical,empirical,15,0.2966,0.3659,
napkin,104,1,fork,empirical,empirical,21,0.6746,0.2019,
napkin,104,2,place mat,empirical,empirical,20,0.5955,0.1923,
napkin,104,3,plate,empirical,empirical,61,0.5921,0.5865,
napkin,104,4,spoon,empirical,empirical,12,0.5784,0.1154,
napkin,104,5,glass,empirical,empirical,39,0.5179,0.375,
napkin,104,6,potted plant,empirical,empirical,4,0.4928,0.0385,
napkin,104,7,knife,empirical,empirical,13,0.4836,0.125,
napkin,104,8,cup,empirical,empirical,23,0.4524,0.2212,
napkin,104,9,saltcellar,empirical,empirical,4,0.4436,0.0385,
napkin,104,10,pitcher,empirical,empirical,15,0.4381,0.1442,
napkin ring,12,1,saltcellar,empirical,empirical,3,0.6483,0.25,
napkin ring,12,2,jar,empirical,empirical,4,0.3785,0.3333,
napkin ring,12,3,bulletin board,empirical,empirical,3,0.356,0.25,
napkin ring,12,4,pot,empirical,empirical,4,0.325,0.3333,
napkin ring,12,5,bottle,empirical,empirical,5,0.282,0.4167,
napkin ring,12,6,stove,empirical,empirical,3,0.2477,0.25,
napkin ring,12,7,flower,empirical,empirical,4,0.2293,0.3333,
napkin ring,12,8,worktop,empirical,empirical,3,0.2263,0.25,
napkin ring,12,9,picture,empirical,empirical,5,0.2254,0.4167,
napkin ring,12,10,table,empirical,empirical,7,0.1995,0.5833,
net,63,1,tennis court,empirical,empirical,11,0.7351,0.1746,
net,63,2,court,empirical,empirical,15,0.6096,0.2381,
net,63,3,racket,empirical,empirical,4,0.5537,0.0635,
net,63,4,person player,empirical,empirical,4,0.4823,0.0635,
net,63,5,basketball hoop,empirical,empirical,4,0.4244,0.0635,
net,63,6,table tennis,empirical,empirical,4,0.4244,0.0635,
net,63,7,scoreboard,empirical,empirical,3,0.3891,0.0476,
net,63,8,ball,empirical,empirical,11,0.3848,0.1746,
net,63,9,table football,empirical,empirical,4,0.3737,0.0635,
net,63,10,grandstand,empirical,empirical,3,0.2066,0.0476,
newspaper,32,1,magazine,empirical,empirical,8,0.4203,0.25,
newspaper,32,2,bag,empirical,empirical,7,0.3137,0.2188,
newspaper,32,3,person sitting,empirical,empirical,10,0.2496,0.3125,
newspaper,32,4,book,empirical,empirical,8,0.2213,0.25,
newspaper,32,5,paper,empirical,empirical,4,0.2153,0.125,
newspaper,32,6,seat,empirical,empirical,5,0.1992,0.1562,
newspaper,32,7,box,empirical,empirical,8,0.183,0.25,
newspaper,32,8,bottle,empirical,empirical,4,0.1281,0.125,
newspaper,32,9,table,empirical,empirical,10,0.1239,0.3125,
newspaper,32,10,person,empirical,empirical,9,0.0957,0.2812,
newsstand,10,1,magazine,empirical,empirical,5,0.4822,0.5,
newsstand,10,2,sidewalk,empirical,empirical,10,0.3672,1.0,
newsstand,10,3,person walking,empirical,empirical,3,0.2562,0.3,
newsstand,10,4,car,empirical,empirical,6,0.2501,0.6,
newsstand,10,5,road,empirical,empirical,7,0.2308,0.7,
newsstand,10,6,person standing,empirical,empirical,3,0.2181,0.3,
newsstand,10,7,book,empirical,empirical,3,0.2172,0.3,
newsstand,10,8,building,empirical,empirical,9,0.1972,0.9,
newsstand,10,9,sign,empirical,empirical,3,0.1922,0.3,
newsstand,10,10,tree,empirical,empirical,8,0.1484,0.8,
night table,791,1,bed,empirical,empirical,784,0.8132,0.9912,
night table,791,2,pillow,empirical,empirical,421,0.7033,0.5322,
night table,791,3,desk lamp,empirical,empirical,612,0.6954,0.7737,
night table,791,4,cushion,empirical,empirical,327,0.5325,0.4134,
night table,791,5,curtain,empirical,empirical,381,0.4249,0.4817,
night table,791,6,telephone,empirical,empirical,105,0.4249,0.1327,
night table,791,7,alarm clock,empirical,empirical,21,0.4213,0.0265,
night table,791,8,headboard,empirical,empirical,26,0.4162,0.0329,
night table,791,9,painting,empirical,empirical,326,0.3836,0.4121,
night table,791,10,chest of drawer,empirical,empirical,34,0.3428,0.043,
notebook,106,1,pen,empirical,empirical,15,0.5427,0.1415,
notebook,106,2,printer,empirical,empirical,16,0.5123,0.1509,
notebook,106,3,file cabinet,empirical,empirical,4,0.4905,0.0377,
notebook,106,4,desk organizer,empirical,empirical,8,0.4863,0.0755,
notebook,106,5,keyboard,empirical,empirical,29,0.4805,0.2736,
notebook,106,6,cpu,empirical,empirical,17,0.469,0.1604,
notebook,106,7,laptop,empirical,empirical,17,0.4661,0.1604,
notebook,106,8,mouse,empirical,empirical,18,0.466,0.1698,
notebook,106,9,desk,empirical,empirical,52,0.4564,0.4906,
notebook,106,10,paper,empirical,empirical,35,0.4526,0.3302,
number,25,1,fluorescent tube,empirical,empirical,5,0.28,0.2,
number,25,2,sign,empirical,empirical,6,0.1808,0.24,
number,25,3,ground,empirical,empirical,4,0.0917,0.16,
number,25,4,plant,empirical,empirical,7,0.0862,0.28,
number,25,5,box,empirical,empirical,3,0.0758,0.12,
number,25,6,table,empirical,empirical,5,0.0574,0.2,
number,25,7,building,empirical,empirical,8,0.0569,0.32,
number,25,8,person,empirical,empirical,5,0.0461,0.2,
number,25,9,door,empirical,empirical,7,0.0453,0.28,
number,25,10,road,empirical,empirical,4,0.0358,0.16,
object,34,1,vent,empirical,empirical,5,0.6621,0.1471,
object,34,2,potted plant,empirical,empirical,4,0.6287,0.1176,
object,34,3,doorway,empirical,empirical,4,0.6065,0.1176,
object,34,4,file,empirical,empirical,4,0.5968,0.1176,
object,34,5,decorative plate,empirical,empirical,5,0.5875,0.1471,
object,34,6,whiteboard,empirical,empirical,3,0.5114,0.0882,
object,34,7,binder,empirical,empirical,3,0.4983,0.0882,
object,34,8,orange,empirical,empirical,3,0.4923,0.0882,
object,34,9,apple,empirical,empirical,4,0.4873,0.1176,
object,34,10,frame,empirical,empirical,4,0.4697,0.1176,
open plan,19,1,blender,empirical,empirical,3,0.5797,0.1579,
open plan,19,2,extractor hood,empirical,empirical,12,0.5297,0.6316,
open plan,19,3,coffee maker,empirical,empirical,6,0.4422,0.3158,
open plan,19,4,place mat,empirical,empirical,3,0.4397,0.1579,
open plan,19,5,dishwasher,empirical,empirical,7,0.429,0.3684,
open plan,19,6,microwave,empirical,empirical,8,0.4189,0.4211,
open plan,19,7,stove,empirical,empirical,11,0.4087,0.5789,
open plan,19,8,sink,empirical,empirical,13,0.4083,0.6842,
open plan,19,9,refrigerator,empirical,empirical,8,0.3992,0.4211,
open plan,19,10,kettle,empirical,empirical,3,0.3894,0.1579,
orange,20,1,banana,empirical,empirical,5,0.674,0.25,
orange,20,2,grape,empirical,empirical,4,0.671,0.2,
orange,20,3,apple,empirical,empirical,6,0.6322,0.3,
orange,20,4,knife,empirical,empirical,5,0.5125,0.25,
orange,20,5,object,empirical,empirical,3,0.4923,0.15,
orange,20,6,kitchen island,empirical,empirical,5,0.4887,0.25,
orange,20,7,teapot,empirical,empirical,5,0.4716,0.25,
orange,20,8,oven,empirical,empirical,8,0.4568,0.4,
orange,20,9,bowl,empirical,empirical,8,0.4218,0.4,
orange,20,10,fruit,empirical,empirical,3,0.3979,0.15,
organ,18,1,stage,empirical,empirical,4,0.4548,0.2222,
organ,18,2,seat,empirical,empirical,7,0.3268,0.3889,
organ,18,3,stand,empirical,empirical,4,0.2856,0.2222,
organ,18,4,bench,empirical,empirical,4,0.2611,0.2222,
organ,18,5,stool,empirical,empirical,3,0.24,0.1667,
organ,18,6,column,empirical,empirical,3,0.1605,0.1667,
organ,18,7,sconce,empirical,empirical,3,0.1514,0.1667,
organ,18,8,book,empirical,empirical,3,0.1482,0.1667,
organ,18,9,ceiling lamp,empirical,empirical,7,0.1088,0.3889,
organ,18,10,ceiling,empirical,empirical,12,0.0971,0.6667,
ottoman,152,1,cushion,empirical,empirical,87,0.4588,0.5724,
ottoman,152,2,blanket,empirical,empirical,21,0.4441,0.1382,
ottoman,152,3,armchair,empirical,empirical,71,0.442,0.4671,
ottoman,152,4,small table,empirical,empirical,19,0.4322,0.125,
ottoman,152,5,sofa,empirical,empirical,54,0.4005,0.3553,
ottoman,152,6,fireplace,empirical,empirical,24,0.4004,0.1579,
ottoman,152,7,coffee table,empirical,empirical,35,0.3779,0.2303,
ottoman,152,8,end table,empirical,empirical,3,0.3671,0.0197,
ottoman,152,9,closet,empirical,empirical,4,0.3566,0.0263,
ottoman,152,10,cradle,empirical,empirical,9,0.3465,0.0592,
outlet,700,1,worktop,empirical,empirical,206,0.4875,0.2943,
outlet,700,2,sink,empirical,empirical,205,0.473,0.2929,
outlet,700,3,faucet,empirical,empirical,237,0.4543,0.3386,
outlet,700,4,stove,empirical,empirical,153,0.4308,0.2186,
outlet,700,5,dishwasher,empirical,empirical,86,0.4247,0.1229,
outlet,700,6,switch,empirical,empirical,106,0.401,0.1514,
outlet,700,7,microwave,empirical,empirical,93,0.3941,0.1329,
outlet,700,8,coffee maker,empirical,empirical,59,0.3862,0.0843,
outlet,700,9,cabinet,empirical,empirical,383,0.3862,0.5471,
outlet,700,10,knife set,empirical,empirical,16,0.3715,0.0229,
oven,192,1,worktop,empirical,empirical,165,0.7011,0.8594,
oven,192,2,stove,empirical,empirical,126,0.6433,0.6562,
oven,192,3,extractor hood,empirical,empirical,79,0.6382,0.4115,
oven,192,4,hotpl,empirical,empirical,17,0.6262,0.0885,
oven,192,5,kitchen island,empirical,empirical,38,0.6154,0.1979,
oven,192,6,microwave,empirical,empirical,79,0.5973,0.4115,
oven,192,7,refrigerator,empirical,empirical,85,0.5912,0.4427,
oven,192,8,sink,empirical,empirical,124,0.5883,0.6458,
oven,192,9,dishwasher,empirical,empirical,59,0.5613,0.3073,
oven,192,10,knife set,empirical,empirical,15,0.5459,0.0781,
pack,33,1,pantry,empirical,empirical,4,0.5914,0.1212,
pack,33,2,tin,empirical,empirical,7,0.534,0.2121,
pack,33,3,cash register,empirical,empirical,4,0.4639,0.1212,
pack,33,4,jar,empirical,empirical,11,0.4316,0.3333,
pack,33,5,bag,empirical,empirical,11,0.3917,0.3333,
pack,33,6,box,empirical,empirical,25,0.3889,0.7576,
pack,33,7,can,empirical,empirical,6,0.3862,0.1818,
pack,33,8,showcase,empirical,empirical,5,0.343,0.1515,
pack,33,9,bottle,empirical,empirical,13,0.3123,0.3939,
pack,33,10,stand,empirical,empirical,7,0.3004,0.2121,
paintbrush,17,1,easel,empirical,empirical,8,0.6262,0.4706,
paintbrush,17,2,pot,empirical,empirical,9,0.4228,0.5294,
paintbrush,17,3,jar,empirical,empirical,5,0.3735,0.2941,
paintbrush,17,4,can,empirical,empirical,3,0.3512,0.1765,
paintbrush,17,5,person sitting,empirical,empirical,9,0.3171,0.5294,
paintbrush,17,6,painting,empirical,empirical,12,0.2815,0.7059,
paintbrush,17,7,table,empirical,empirical,13,0.2554,0.7647,
paintbrush,17,8,paper,empirical,empirical,3,0.2485,0.1765,
paintbrush,17,9,person,empirical,empirical,11,0.2137,0.6471,
paintbrush,17,10,bottle,empirical,empirical,3,0.1643,0.1765,
painting,1424,1,desk lamp,empirical,empirical,516,0.4352,0.3624,
painting,1424,2,armchair,empirical,empirical,295,0.3953,0.2072,
painting,1424,3,night table,empirical,empirical,326,0.3836,0.2289,
painting,1424,4,sofa,empirical,empirical,249,0.3769,0.1749,
painting,1424,5,bed,empirical,empirical,469,0.3748,0.3294,
painting,1424,6,fireplace,empirical,empirical,104,0.3634,0.073,
painting,1424,7,bouquet,empirical,empirical,85,0.3575,0.0597,
painting,1424,8,cushion,empirical,empirical,305,0.3542,0.2142,
painting,1424,9,easel,empirical,empirical,46,0.3526,0.0323,
painting,1424,10,small table,empirical,empirical,67,0.3522,0.0471,
pallet,25,1,merchandise,empirical,empirical,15,0.821,0.6,
pallet,25,2,hand trolley,empirical,empirical,4,0.666,0.16,
pallet,25,3,forklift,empirical,empirical,4,0.6251,0.16,
pallet,25,4,ladder,empirical,empirical,3,0.3531,0.12,
pallet,25,5,fluorescent tube,empirical,empirical,7,0.3362,0.28,
pallet,25,6,can,empirical,empirical,3,0.306,0.12,
pallet,25,7,box,empirical,empirical,13,0.2995,0.52,
pallet,25,8,shelf,empirical,empirical,11,0.2569,0.44,
pallet,25,9,ceiling,empirical,empirical,18,0.1144,0.72,
pallet,25,10,sign,empirical,empirical,3,0.0847,0.12,
palm tree,176,1,swimming pool,empirical,empirical,9,0.4283,0.0511,
palm tree,176,2,deck chair,empirical,empirical,11,0.3698,0.0625,
palm tree,176,3,terrace,empirical,empirical,4,0.3644,0.0227,
palm tree,176,4,sand beach,empirical,empirical,21,0.3592,0.1193,
palm tree,176,5,sand,empirical,empirical,8,0.2948,0.0455,
palm tree,176,6,sand dune,empirical,empirical,3,0.2829,0.017,
palm tree,176,7,cloudy sky,empirical,empirical,3,0.2557,0.017,
palm tree,176,8,sea water,empirical,empirical,33,0.2556,0.1875,
palm tree,176,9,crane,empirical,empirical,3,0.2517,0.017,
palm tree,176,10,hedge,empirical,empirical,10,0.2501,0.0568,
pane,195,1,bow window,empirical,empirical,11,0.4826,0.0564,
pane,195,2,shop window,empirical,empirical,24,0.4111,0.1231,
pane,195,3,brand name,empirical,empirical,13,0.3531,0.0667,
pane,195,4,double door,empirical,empirical,32,0.3501,0.1641,
pane,195,5,badge,empirical,empirical,3,0.3378,0.0154,
pane,195,6,covered balcony,empirical,empirical,4,0.3322,0.0205,
pane,195,7,sidewalk,empirical,empirical,60,0.2728,0.3077,
pane,195,8,finger,empirical,empirical,3,0.2658,0.0154,
pane,195,9,large window,empirical,empirical,4,0.2543,0.0205,
pane,195,10,wall spotlight,empirical,empirical,5,0.2408,0.0256,
pantry,14,1,tin,empirical,empirical,9,0.7015,0.6429,
pantry,14,2,pack,empirical,empirical,4,0.5914,0.2857,
pantry,14,3,jar,empirical,empirical,10,0.5302,0.7143,
pantry,14,4,can,empirical,empirical,4,0.4221,0.2857,
pantry,14,5,bottle,empirical,empirical,12,0.4178,0.8571,
pantry,14,6,box,empirical,empirical,12,0.3662,0.8571,
pantry,14,7,bag,empirical,empirical,5,0.3618,0.3571,
pantry,14,8,basket,empirical,empirical,7,0.359,0.5,
pantry,14,9,tray,empirical,empirical,4,0.3265,0.2857,
pantry,14,10,pot,empirical,empirical,4,0.3062,0.2857,
paper,319,1,pen,empirical,empirical,30,0.5375,0.094,
paper,319,2,printer,empirical,empirical,31,0.4959,0.0972,
paper,319,3,file,empirical,empirical,10,0.4907,0.0313,
paper,319,4,folder,empirical,empirical,26,0.4851,0.0815,
paper,319,5,filing cabinet,empirical,empirical,20,0.4809,0.0627,
paper,319,6,desk,empirical,empirical,115,0.4675,0.3605,
paper,319,7,keyboard,empirical,empirical,56,0.4576,0.1755,
paper,319,8,paper filer,empirical,empirical,8,0.4572,0.0251,
paper,319,9,notebook,empirical,empirical,35,0.4526,0.1097,
paper,319,10,mouse,empirical,empirical,36,0.4518,0.1129,
paper cup,32,1,bread,empirical,empirical,3,0.5118,0.0938,
paper cup,32,2,bulletin board,empirical,empirical,7,0.3779,0.2188,
paper cup,32,3,coffee maker,empirical,empirical,5,0.3443,0.1562,
paper cup,32,4,mug,empirical,empirical,4,0.3382,0.125,
paper cup,32,5,can,empirical,empirical,4,0.3216,0.125,
paper cup,32,6,bag,empirical,empirical,7,0.3137,0.2188,
paper cup,32,7,showcase,empirical,empirical,4,0.3103,0.125,
paper cup,32,8,person sitting,empirical,empirical,13,0.2961,0.4062,
paper cup,32,9,bar,empirical,empirical,3,0.2735,0.0938,
paper cup,32,10,plate,empirical,empirical,6,0.2709,0.1875,
paper filer,12,1,desk organizer,empirical,empirical,6,0.7101,0.5,
paper filer,12,2,folder,empirical,empirical,6,0.626,0.5,
paper filer,12,3,printer,empirical,empirical,4,0.5223,0.3333,
paper filer,12,4,cpu,empirical,empirical,5,0.5166,0.4167,
paper filer,12,5,loudspeaker,empirical,empirical,3,0.4836,0.25,
paper filer,12,6,laptop,empirical,empirical,4,0.473,0.3333,
paper filer,12,7,mouse,empirical,empirical,4,0.4628,0.3333,
paper filer,12,8,paper,empirical,empirical,8,0.4572,0.6667,
paper filer,12,9,keyboard,empirical,empirical,5,0.4275,0.4167,
paper filer,12,10,desk,empirical,empirical,9,0.4057,0.75,
paper roll,61,1,salt,empirical,empirical,5,0.5783,0.082,
paper roll,61,2,pepper,empirical,empirical,5,0.5424,0.082,
paper roll,61,3,baseboard,empirical,empirical,6,0.5213,0.0984,
paper roll,61,4,worktop,empirical,empirical,40,0.4879,0.6557,
paper roll,61,5,knife set,empirical,empirical,5,0.477,0.082,
paper roll,61,6,soap dispenser,empirical,empirical,9,0.4695,0.1475,
paper roll,61,7,coffee maker,empirical,empirical,15,0.4646,0.2459,
paper roll,61,8,kettle,empirical,empirical,10,0.4586,0.1639,
paper roll,61,9,casserole,empirical,empirical,3,0.4574,0.0492,
paper roll,61,10,utensils canister,empirical,empirical,4,0.4564,0.0656,
paper towel,11,1,knife,empirical,empirical,3,0.4919,0.2727,
paper towel,11,2,refrigerator,empirical,empirical,5,0.3853,0.4545,
paper towel,11,3,sink,empirical,empirical,7,0.3659,0.6364,
paper towel,11,4,oven,empirical,empirical,3,0.3592,0.2727,
paper towel,11,5,dishwasher,empirical,empirical,3,0.351,0.2727,
paper towel,11,6,worktop,empirical,empirical,6,0.3461,0.5455,
paper towel,11,7,extractor hood,empirical,empirical,3,0.3449,0.2727,
paper towel,11,8,jar,empirical,empirical,3,0.3422,0.2727,
paper towel,11,9,bowl,empirical,empirical,3,0.3283,0.2727,
paper towel,11,10,faucet,empirical,empirical,7,0.328,0.6364,
partition wall,10,1,stove,empirical,empirical,3,0.2691,0.3,
partition wall,10,2,cabinet,empirical,empirical,6,0.1929,0.6,
partition wall,10,3,chair,empirical,empirical,5,0.1427,0.5,
partition wall,10,4,door,empirical,empirical,6,0.1418,0.6,
partition wall,10,5,table,empirical,empirical,4,0.1401,0.4,
partition wall,10,6,floor,empirical,empirical,10,0.0979,1.0,
partition wall,10,7,ceiling,empirical,empirical,7,0.0966,0.7,
partition wall,10,8,ceiling lamp,empirical,empirical,3,0.0675,0.3,
partition wall,10,9,wall,empirical,empirical,9,0.0592,0.9,
path,337,1,grass,empirical,empirical,201,0.4152,0.5964,
path,337,2,gazebo,empirical,empirical,9,0.411,0.0267,
path,337,3,sand trap,empirical,empirical,6,0.3314,0.0178,
path,337,4,hedge,empirical,empirical,24,0.3191,0.0712,
path,337,5,chimney,empirical,empirical,19,0.31,0.0564,
path,337,6,tomb,empirical,empirical,3,0.3044,0.0089,
path,337,7,tree,empirical,empirical,283,0.2938,0.8398,
path,337,8,vineyard,empirical,empirical,3,0.2932,0.0089,
path,337,9,curb,empirical,empirical,10,0.2885,0.0297,
path,337,10,attic,empirical,empirical,8,0.2837,0.0237,
pavilion,15,1,truck,empirical,empirical,4,0.3593,0.2667,
pavilion,15,2,house,empirical,empirical,6,0.3152,0.4,
pavilion,15,3,fence,empirical,empirical,5,0.2369,0.3333,
pavilion,15,4,ground,empirical,empirical,6,0.2135,0.4,
pavilion,15,5,water,empirical,empirical,3,0.2001,0.2,
pavilion,15,6,grass,empirical,empirical,5,0.151,0.3333,
pavilion,15,7,tree,empirical,empirical,11,0.1429,0.7333,
pavilion,15,8,building,empirical,empirical,9,0.1425,0.6,
pavilion,15,9,sky,empirical,empirical,14,0.1288,0.9333,
pavilion,15,10,mountain,empirical,empirical,3,0.1084,0.2,
pedestal,24,1,sculpture,empirical,empirical,15,0.5832,0.625,
pedestal,24,2,painting,empirical,empirical,11,0.2182,0.4583,
pedestal,24,3,rug,empirical,empirical,3,0.1685,0.125,
pedestal,24,4,ceiling lamp,empirical,empirical,11,0.1384,0.4583,
pedestal,24,5,vase,empirical,empirical,3,0.1054,0.125,
pedestal,24,6,grass,empirical,empirical,5,0.0923,0.2083,
pedestal,24,7,ceiling,empirical,empirical,14,0.0801,0.5833,
pedestal,24,8,table,empirical,empirical,5,0.0625,0.2083,
pedestal,24,9,floor,empirical,empirical,17,0.0548,0.7083,
pedestal,24,10,desk lamp,empirical,empirical,3,0.0473,0.125,
pen,50,1,desk organizer,empirical,empirical,8,0.586,0.16,
pen,50,2,phone,empirical,empirical,11,0.5724,0.22,
pen,50,3,notebook,empirical,empirical,15,0.5427,0.3,
pen,50,4,paper,empirical,empirical,30,0.5375,0.6,
pen,50,5,mouse,empirical,empirical,15,0.536,0.3,
pen,50,6,laptop,empirical,empirical,12,0.4998,0.24,
pen,50,7,dvd,empirical,empirical,4,0.486,0.08,
pen,50,8,printer,empirical,empirical,8,0.4729,0.16,
pen,50,9,alarm clock,empirical,empirical,4,0.4705,0.08,
pen,50,10,keyboard,empirical,empirical,16,0.4616,0.32,
people sitting,19,1,monitor,empirical,empirical,3,0.4102,0.1579,
people sitting,19,2,person sitting,empirical,empirical,13,0.37,0.6842,
people sitting,19,3,bench,empirical,empirical,3,0.2122,0.1579,
people sitting,19,4,person,empirical,empirical,11,0.1983,0.5789,
people sitting,19,5,seat,empirical,empirical,3,0.1885,0.1579,
people sitting,19,6,person standing,empirical,empirical,4,0.1827,0.2105,
people sitting,19,7,person walking,empirical,empirical,3,0.1809,0.1579,
people sitting,19,8,ceiling lamp,empirical,empirical,6,0.08,0.3158,
people sitting,19,9,table,empirical,empirical,4,0.0621,0.2105,
people sitting,19,10,ceiling,empirical,empirical,9,0.0472,0.4737,
pepper,16,1,salt,empirical,empirical,6,0.7861,0.375,
pepper,16,2,frying pan,empirical,empirical,4,0.6042,0.25,
pepper,16,3,paper roll,empirical,empirical,5,0.5424,0.3125,
pepper,16,4,kettle,empirical,empirical,4,0.4588,0.25,
pepper,16,5,teapot,empirical,empirical,4,0.4588,0.25,
pepper,16,6,stove,empirical,empirical,12,0.4499,0.75,
pepper,16,7,jar,empirical,empirical,7,0.4416,0.4375,
pepper,16,8,worktop,empirical,empirical,13,0.4405,0.8125,
pepper,16,9,bowl,empirical,empirical,7,0.4261,0.4375,
pepper,16,10,kitchen island,empirical,empirical,3,0.4256,0.1875,
person,2077,1,person sitting,empirical,empirical,377,0.3481,0.1815,
person,2077,2,person standing,empirical,empirical,316,0.3053,0.1521,
person,2077,3,stall,empirical,empirical,34,0.2862,0.0164,
person,2077,4,cash register,empirical,empirical,30,0.272,0.0144,
person,2077,5,club,empirical,empirical,13,0.2602,0.0063,
person,2077,6,baby carriage,empirical,empirical,11,0.2509,0.0053,
person,2077,7,bag,empirical,empirical,129,0.2413,0.0621,
person,2077,8,escalator,empirical,empirical,26,0.2395,0.0125,
person,2077,9,cap,empirical,empirical,23,0.2361,0.0111,
person,2077,10,stand,empirical,empirical,134,0.2361,0.0645,
person player,18,1,racket,empirical,empirical,4,0.7059,0.2222,
person player,18,2,pitch,empirical,empirical,3,0.5669,0.1667,
person player,18,3,net,empirical,empirical,4,0.4823,0.2222,
person player,18,4,court,empirical,empirical,3,0.4525,0.1667,
person player,18,5,person standing,empirical,empirical,8,0.2986,0.4444,
person player,18,6,ground,empirical,empirical,6,0.1902,0.3333,
person player,18,7,fence,empirical,empirical,4,0.1812,0.2222,
person player,18,8,person,empirical,empirical,7,0.1348,0.3889,
person player,18,9,grass,empirical,empirical,3,0.0606,0.1667,
person player,18,10,wall,empirical,empirical,13,0.0311,0.7222,
person sitting,756,1,people sitting,empirical,empirical,13,0.37,0.0172,
person sitting,756,2,sidewalk cafe,empirical,empirical,12,0.3546,0.0159,
person sitting,756,3,person,empirical,empirical,377,0.3481,0.4987,
person sitting,756,4,slot machine,empirical,empirical,15,0.3323,0.0198,
person sitting,756,5,paintbrush,empirical,empirical,9,0.3171,0.0119,
person sitting,756,6,paper cup,empirical,empirical,13,0.2961,0.0172,
person sitting,756,7,separation,empirical,empirical,21,0.295,0.0278,
person sitting,756,8,cubicle,empirical,empirical,10,0.2889,0.0132,
person sitting,756,9,wheelchair,empirical,empirical,5,0.2867,0.0066,
person sitting,756,10,baby carriage,empirical,empirical,6,0.2832,0.0079,
person standing,703,1,person walking,empirical,empirical,133,0.3642,0.1892,
person standing,703,2,check-in-desk,empirical,empirical,9,0.3438,0.0128,
person standing,703,3,podium,empirical,empirical,10,0.3382,0.0142,
person standing,703,4,person,empirical,empirical,316,0.3053,0.4495,
person standing,703,5,person player,empirical,empirical,8,0.2986,0.0114,
person standing,703,6,shop,empirical,empirical,8,0.2846,0.0114,
person standing,703,7,rope bridge,empirical,empirical,5,0.2839,0.0071,
person standing,703,8,person sitting,empirical,empirical,133,0.2801,0.1892,
person standing,703,9,ticket counter,empirical,empirical,5,0.273,0.0071,
person standing,703,10,deck,empirical,empirical,6,0.2659,0.0085,
person walking,508,1,sidewalk,empirical,empirical,237,0.4635,0.4665,
person walking,508,2,crosswalk,empirical,empirical,32,0.443,0.063,
person walking,508,3,check-in-desk,empirical,empirical,8,0.3659,0.0157,
person walking,508,4,person standing,empirical,empirical,133,0.3642,0.2618,
person walking,508,5,van side,empirical,empirical,7,0.3511,0.0138,
person walking,508,6,shop,empirical,empirical,9,0.3488,0.0177,
person walking,508,7,road,empirical,empirical,240,0.3331,0.4724,
person walking,508,8,car,empirical,empirical,177,0.3183,0.3484,
person walking,508,9,awning,empirical,empirical,43,0.3167,0.0846,
person walking,508,10,shop window,empirical,empirical,30,0.3077,0.0591,
phone,53,1,pen,empirical,empirical,11,0.5724,0.2075,
phone,53,2,alarm clock,empirical,empirical,6,0.5392,0.1132,
phone,53,3,desk mat,empirical,empirical,3,0.5215,0.0566,
phone,53,4,file cabinet,empirical,empirical,3,0.5215,0.0566,
phone,53,5,cpu,empirical,empirical,11,0.4764,0.2075,
phone,53,6,mouse pad,empirical,empirical,3,0.4664,0.0566,
phone,53,7,headboard,empirical,empirical,5,0.4622,0.0943,
phone,53,8,keyboard,empirical,empirical,16,0.4531,0.3019,
phone,53,9,picture frame,empirical,empirical,6,0.4408,0.1132,
phone,53,10,conference table,empirical,empirical,6,0.4295,0.1132,
photo machine,25,1,cap,empirical,empirical,3,0.4594,0.12,
photo machine,25,2,notebook,empirical,empirical,4,0.3792,0.16,
photo machine,25,3,cpu,empirical,empirical,3,0.3394,0.12,
photo machine,25,4,mouse,empirical,empirical,3,0.3272,0.12,
photo machine,25,5,bag,empirical,empirical,6,0.3194,0.24,
photo machine,25,6,keyboard,empirical,empirical,3,0.2557,0.12,
photo machine,25,7,screen,empirical,empirical,5,0.2499,0.2,
photo machine,25,8,swivel chair,empirical,empirical,3,0.2347,0.12,
photo machine,25,9,paper,empirical,empirical,3,0.2033,0.12,
photo machine,25,10,stool,empirical,empirical,3,0.2014,0.12,
piano,36,1,synthesizer,empirical,empirical,3,0.5274,0.0833,
piano,36,2,guitar,empirical,empirical,3,0.4642,0.0833,
piano,36,3,speaker,empirical,empirical,5,0.4187,0.1389,
piano,36,4,stool,empirical,empirical,14,0.4144,0.3889,
piano,36,5,frame,empirical,empirical,3,0.4134,0.0833,
piano,36,6,stage,empirical,empirical,5,0.4088,0.1389,
piano,36,7,floor lamp,empirical,empirical,6,0.2904,0.1667,
piano,36,8,seat,empirical,empirical,8,0.2584,0.2222,
piano,36,9,bench,empirical,empirical,6,0.2379,0.1667,
piano,36,10,chandelier,empirical,empirical,5,0.2377,0.1389,
pickup,29,1,baggage cart,empirical,empirical,3,0.4522,0.1034,
pickup,29,2,lamppost,empirical,empirical,4,0.4151,0.1379,
pickup,29,3,runway,empirical,empirical,4,0.3938,0.1379,
pickup,29,4,traffic light,empirical,empirical,3,0.3411,0.1034,
pickup,29,5,airplane,empirical,empirical,3,0.3397,0.1034,
pickup,29,6,car,empirical,empirical,21,0.3264,0.7241,
pickup,29,7,truck,empirical,empirical,4,0.2792,0.1379,
pickup,29,8,streetlight,empirical,empirical,7,0.2442,0.2414,
pickup,29,9,road,empirical,empirical,17,0.2349,0.5862,
pickup,29,10,pole,empirical,empirical,5,0.2323,0.1724,
picture,1029,1,desk lamp,empirical,empirical,320,0.3414,0.311,
picture,1029,2,bed,empirical,empirical,311,0.3129,0.3022,
picture,1029,3,cushion,empirical,empirical,210,0.3119,0.2041,
picture,1029,4,television table,empirical,empirical,10,0.3111,0.0097,
picture,1029,5,pillow,empirical,empirical,174,0.3067,0.1691,
picture,1029,6,dvd,empirical,empirical,13,0.3055,0.0126,
picture,1029,7,billiard table,empirical,empirical,62,0.3046,0.0603,
picture,1029,8,printer,empirical,empirical,30,0.2996,0.0292,
picture,1029,9,book,empirical,empirical,181,0.298,0.1759,
picture,1029,10,night table,empirical,empirical,195,0.2947,0.1895,
picture frame,54,1,bouquet,empirical,empirical,17,0.5178,0.3148,
picture frame,54,2,decorative plate,empirical,empirical,4,0.4882,0.0741,
picture frame,54,3,small table,empirical,empirical,12,0.485,0.2222,
picture frame,54,4,statue,empirical,empirical,13,0.46,0.2407,
picture frame,54,5,phone,empirical,empirical,6,0.4408,0.1111,
picture frame,54,6,decoration,empirical,empirical,5,0.4104,0.0926,
picture frame,54,7,printer,empirical,empirical,5,0.3769,0.0926,
picture frame,54,8,frame,empirical,empirical,3,0.3658,0.0556,
picture frame,54,9,bookcase,empirical,empirical,9,0.3578,0.1667,
picture frame,54,10,conference table,empirical,empirical,4,0.3568,0.0741,
pillar,20,1,gazebo,empirical,empirical,3,0.5606,0.15,
pillar,20,2,ground,empirical,empirical,6,0.1767,0.3,
pillar,20,3,fence,empirical,empirical,4,0.1684,0.2,
pillar,20,4,grass,empirical,empirical,4,0.0848,0.2,
pillar,20,5,person,empirical,empirical,5,0.0739,0.25,
pillar,20,6,door,empirical,empirical,6,0.0532,0.3,
pillar,20,7,ceiling lamp,empirical,empirical,5,0.049,0.25,
pillar,20,8,plant,empirical,empirical,4,0.0395,0.2,
pillar,20,9,road,empirical,empirical,3,0.027,0.15,
pillar,20,10,ceiling,empirical,empirical,8,0.0241,0.4,
pillow,647,1,bed,empirical,empirical,595,0.7205,0.9196,
pillow,647,2,night table,empirical,empirical,421,0.7033,0.6507,
pillow,647,3,desk lamp,empirical,empirical,404,0.5562,0.6244,
pillow,647,4,cushion,empirical,empirical,251,0.4825,0.3879,
pillow,647,5,blanket,empirical,empirical,50,0.4098,0.0773,
pillow,647,6,curtain,empirical,empirical,307,0.3975,0.4745,
pillow,647,7,bunk bed,empirical,empirical,26,0.3917,0.0402,
pillow,647,8,dresser,empirical,empirical,23,0.3886,0.0355,
pillow,647,9,headboard,empirical,empirical,18,0.3686,0.0278,
pillow,647,10,ceiling fan,empirical,empirical,56,0.3356,0.0866,
pipe,154,1,toilet brush,empirical,empirical,5,0.4267,0.0325,
pipe,154,2,cistern,empirical,empirical,8,0.3727,0.0519,
pipe,154,3,workbench,empirical,empirical,4,0.3609,0.026,
pipe,154,4,bulb,empirical,empirical,3,0.3411,0.0195,
pipe,154,5,washbasin,empirical,empirical,25,0.3254,0.1623,
pipe,154,6,toilet,empirical,empirical,22,0.3182,0.1429,
pipe,154,7,tank,empirical,empirical,6,0.3069,0.039,
pipe,154,8,rail,empirical,empirical,5,0.2976,0.0325,
pipe,154,9,plank,empirical,empirical,4,0.2862,0.026,
pipe,154,10,washing machine,empirical,empirical,7,0.2828,0.0455,
pitch,20,1,grandstand,empirical,empirical,11,0.5828,0.55,
pitch,20,2,person player,empirical,empirical,3,0.5669,0.15,
pitch,20,3,scoreboard,empirical,empirical,3,0.5238,0.15,
pitch,20,4,fence,empirical,empirical,10,0.3148,0.5,
pitch,20,5,text,empirical,empirical,4,0.2633,0.2,
pitch,20,6,stand,empirical,empirical,3,0.2298,0.15,
pitch,20,7,person,empirical,empirical,11,0.1912,0.55,
pitch,20,8,person standing,empirical,empirical,4,0.1764,0.2,
pitch,20,9,building,empirical,empirical,13,0.1613,0.65,
pitch,20,10,sky,empirical,empirical,13,0.0761,0.65,
pitcher,105,1,decorative plate,empirical,empirical,7,0.5101,0.0667,
pitcher,105,2,bowl,empirical,empirical,37,0.5082,0.3524,
pitcher,105,3,cutting board,empirical,empirical,8,0.5073,0.0762,
pitcher,105,4,plate,empirical,empirical,42,0.4894,0.4,
pitcher,105,5,fork,empirical,empirical,9,0.4821,0.0857,
pitcher,105,6,spice rack,empirical,empirical,4,0.4801,0.0381,
pitcher,105,7,teapot,empirical,empirical,16,0.4794,0.1524,
pitcher,105,8,worktop,empirical,empirical,55,0.4756,0.5238,
pitcher,105,9,canister,empirical,empirical,5,0.467,0.0476,
pitcher,105,10,kettle,empirical,empirical,15,0.4656,0.1429,
place mat,56,1,napkin,empirical,empirical,20,0.5955,0.3571,
place mat,56,2,plate,empirical,empirical,26,0.476,0.4643,
place mat,56,3,bouquet,empirical,empirical,13,0.4549,0.2321,
place mat,56,4,fork,empirical,empirical,5,0.4518,0.0893,
place mat,56,5,open plan,empirical,empirical,3,0.4397,0.0536,
place mat,56,6,fruit bowl,empirical,empirical,3,0.4029,0.0536,
place mat,56,7,bowl,empirical,empirical,15,0.4021,0.2679,
place mat,56,8,candleholder,empirical,empirical,8,0.4003,0.1429,
place mat,56,9,spoon,empirical,empirical,3,0.3942,0.0536,
place mat,56,10,sideboard,empirical,empirical,5,0.3618,0.0893,
plain,23,1,hill,empirical,empirical,9,0.4783,0.3913,
plain,23,2,snowy mountain,empirical,empirical,6,0.334,0.2609,
plain,23,3,rocky mountain,empirical,empirical,3,0.2897,0.1304,
plain,23,4,mountain,empirical,empirical,11,0.2487,0.4783,
plain,23,5,stone,empirical,empirical,3,0.2393,0.1304,
plain,23,6,sky,empirical,empirical,23,0.1493,1.0,
plain,23,7,ground,empirical,empirical,4,0.1018,0.1739,
plain,23,8,tree,empirical,empirical,12,0.0969,0.5217,
plain,23,9,building,empirical,empirical,6,0.0287,0.2609,
plain,23,10,road,empirical,empirical,3,0.0106,0.1304,
plank,37,1,workbench,empirical,empirical,3,0.4824,0.0811,
plank,37,2,beam,empirical,empirical,7,0.4011,0.1892,
plank,37,3,pipe,empirical,empirical,4,0.2862,0.1081,
plank,37,4,fluorescent tube,empirical,empirical,3,0.1572,0.0811,
plank,37,5,fence,empirical,empirical,5,0.1241,0.1351,
plank,37,6,ground,empirical,empirical,6,0.0981,0.1622,
plank,37,7,ceiling,empirical,empirical,21,0.0808,0.5676,
plank,37,8,person,empirical,empirical,9,0.0761,0.2432,
plank,37,9,column,empirical,empirical,3,0.0759,0.0811,
plank,37,10,ceiling lamp,empirical,empirical,9,0.0492,0.2432,
plant,2170,1,plant pot,empirical,empirical,565,0.5679,0.2604,
plant,2170,2,decorative plate,empirical,empirical,16,0.25,0.0074,
plant,2170,3,curb,empirical,empirical,34,0.2417,0.0157,
plant,2170,4,planter,empirical,empirical,10,0.2395,0.0046,
plant,2170,5,small table,empirical,empirical,56,0.2335,0.0258,
plant,2170,6,bow window,empirical,empirical,18,0.2329,0.0083,
plant,2170,7,jacuzzi,empirical,empirical,31,0.2324,0.0143,
plant,2170,8,house,empirical,empirical,196,0.2254,0.0903,
plant,2170,9,gazebo,empirical,empirical,13,0.2205,0.006,
plant,2170,10,vase,empirical,empirical,268,0.22,0.1235,
plant pot,607,1,plant,empirical,empirical,565,0.5679,0.9308,
plant pot,607,2,jacuzzi,empirical,empirical,16,0.2994,0.0264,
plant pot,607,3,candleholder,empirical,empirical,27,0.2927,0.0445,
plant pot,607,4,greenhouse,empirical,empirical,6,0.2847,0.0099,
plant pot,607,5,pepper,empirical,empirical,6,0.2847,0.0099,
plant pot,607,6,console table,empirical,empirical,16,0.2781,0.0264,
plant pot,607,7,pottery,empirical,empirical,13,0.2611,0.0214,
plant pot,607,8,side table,empirical,empirical,36,0.2419,0.0593,
plant pot,607,9,coffee table,empirical,empirical,54,0.238,0.089,
plant pot,607,10,card,empirical,empirical,5,0.2276,0.0082,
planter,12,1,bench,empirical,empirical,3,0.2661,0.25,
planter,12,2,plant,empirical,empirical,10,0.2395,0.8333,
planter,12,3,sidewalk,empirical,empirical,5,0.226,0.4167,
planter,12,4,door,empirical,empirical,7,0.141,0.5833,
planter,12,5,building,empirical,empirical,7,0.1342,0.5833,
planter,12,6,person,empirical,empirical,3,0.0695,0.25,
planter,12,7,tree,empirical,empirical,5,0.0582,0.4167,
planter,12,8,window,empirical,empirical,6,0.0515,0.5,
planter,12,9,sky,empirical,empirical,6,0.0351,0.5,
planter,12,10,ceiling,empirical,empirical,5,0.0278,0.4167,
plastic bag,13,1,bag,empirical,empirical,4,0.3339,0.3077,
plastic bag,13,2,outlet,empirical,empirical,5,0.2635,0.3846,
plastic bag,13,3,bottle,empirical,empirical,4,0.2375,0.3077,
plastic bag,13,4,pillow,empirical,empirical,3,0.197,0.2308,
plastic bag,13,5,box,empirical,empirical,4,0.1928,0.3077,
plastic bag,13,6,curtain,empirical,empirical,5,0.1669,0.3846,
plastic bag,13,7,picture,empirical,empirical,3,0.1425,0.2308,
plastic bag,13,8,ceiling,empirical,empirical,10,0.1142,0.7692,
plastic bag,13,9,table,empirical,empirical,4,0.1082,0.3077,
plastic bag,13,10,cabinet,empirical,empirical,4,0.1022,0.3077,
plate,338,1,cup,empirical,empirical,87,0.5986,0.2574,
plate,338,2,napkin,empirical,empirical,61,0.5921,0.1805,
plate,338,3,bowl,empirical,empirical,94,0.555,0.2781,
plate,338,4,knife,empirical,empirical,33,0.5168,0.0976,
plate,338,5,pitcher,empirical,empirical,42,0.4894,0.1243,
plate,338,6,fork,empirical,empirical,20,0.4842,0.0592,
plate,338,7,place mat,empirical,empirical,26,0.476,0.0769,
plate,338,8,decorative plate,empirical,empirical,12,0.4603,0.0355,
plate,338,9,bread,empirical,empirical,11,0.4573,0.0325,
plate,338,10,mug,empirical,empirical,39,0.4542,0.1154,
platform,54,1,train,empirical,empirical,23,0.7909,0.4259,
platform,54,2,railway,empirical,empirical,15,0.7407,0.2778,
platform,54,3,track,empirical,empirical,5,0.471,0.0926,
platform,54,4,tunnel,empirical,empirical,3,0.4216,0.0556,
platform,54,5,canopy,empirical,empirical,3,0.3481,0.0556,
platform,54,6,glass wall,empirical,empirical,4,0.3229,0.0741,
platform,54,7,gate,empirical,empirical,5,0.2632,0.0926,
platform,54,8,sign,empirical,empirical,13,0.201,0.2407,
platform,54,9,bench,empirical,empirical,6,0.1861,0.1111,
platform,54,10,staircase,empirical,empirical,6,0.1806,0.1111,
plug,16,1,soap dish,empirical,empirical,3,0.5024,0.1875,
plug,16,2,bathtube,empirical,empirical,6,0.4599,0.375,
plug,16,3,washbasin,empirical,empirical,7,0.4006,0.4375,
plug,16,4,toilet,empirical,empirical,5,0.357,0.3125,
plug,16,5,faucet,empirical,empirical,10,0.3415,0.625,
plug,16,6,sink,empirical,empirical,5,0.2617,0.3125,
plug,16,7,towel,empirical,empirical,3,0.2527,0.1875,
plug,16,8,outlet,empirical,empirical,5,0.2376,0.3125,
plug,16,9,worktop,empirical,empirical,4,0.2342,0.25,
plug,16,10,stove,empirical,empirical,3,0.214,0.1875,
podium,18,1,trophy,empirical,empirical,5,0.7207,0.2778,
podium,18,2,person standing,empirical,empirical,10,0.3382,0.5556,
podium,18,3,seat,empirical,empirical,3,0.1948,0.1667,
podium,18,4,person,empirical,empirical,8,0.1549,0.4444,
podium,18,5,chair,empirical,empirical,5,0.0693,0.2778,
podium,18,6,ceiling lamp,empirical,empirical,5,0.0622,0.2778,
podium,18,7,curtain,empirical,empirical,3,0.0587,0.1667,
podium,18,8,floor,empirical,empirical,13,0.0554,0.7222,
podium,18,9,wall,empirical,empirical,15,0.0524,0.8333,
podium,18,10,ceiling,empirical,empirical,8,0.0381,0.4444,
pole,403,1,big top,empirical,empirical,6,0.3849,0.0149,
pole,403,2,telephone booth,empirical,empirical,5,0.3425,0.0124,
pole,403,3,shanty,empirical,empirical,5,0.3325,0.0124,
pole,403,4,car taxi,empirical,empirical,4,0.3283,0.0099,
pole,403,5,lamppost,empirical,empirical,16,0.3172,0.0397,
pole,403,6,road,empirical,empirical,183,0.3036,0.4541,
pole,403,7,cone,empirical,empirical,3,0.2834,0.0074,
pole,403,8,streetlight,empirical,empirical,66,0.2736,0.1638,
pole,403,9,traffic light,empirical,empirical,15,0.2726,0.0372,
pole,403,10,fire hydrant,empirical,empirical,4,0.2711,0.0099,
pond,13,1,water fountain,empirical,empirical,3,0.4885,0.2308,
pond,13,2,building,empirical,empirical,11,0.1941,0.8462,
pond,13,3,plant,empirical,empirical,8,0.1922,0.6154,
pond,13,4,person standing,empirical,empirical,3,0.1873,0.2308,
pond,13,5,grass,empirical,empirical,5,0.1689,0.3846,
pond,13,6,person,empirical,empirical,5,0.1277,0.3846,
pond,13,7,sky,empirical,empirical,12,0.1245,0.9231,
pond,13,8,tree,empirical,empirical,7,0.0942,0.5385,
pool,20,1,deck chair,empirical,empirical,6,0.5417,0.3,
pool,20,2,jacuzzi,empirical,empirical,5,0.5368,0.25,
pool,20,3,handrail,empirical,empirical,7,0.3945,0.35,
pool,20,4,water,empirical,empirical,5,0.2408,0.25,
pool,20,5,railing,empirical,empirical,4,0.2266,0.2,
pool,20,6,steps,empirical,empirical,3,0.1666,0.15,
pool,20,7,sea water,empirical,empirical,3,0.1575,0.15,
pool,20,8,person,empirical,empirical,6,0.0989,0.3,
pool,20,9,ceiling,empirical,empirical,11,0.0692,0.55,
pool,20,10,floor,empirical,empirical,14,0.0515,0.7,
porch,11,1,chimney,empirical,empirical,3,0.4279,0.2727,
porch,11,2,handrail,empirical,empirical,5,0.4105,0.4545,
porch,11,3,steps,empirical,empirical,5,0.3157,0.4545,
porch,11,4,house,empirical,empirical,4,0.2881,0.3636,
porch,11,5,sidewalk,empirical,empirical,5,0.2369,0.4545,
porch,11,6,grass,empirical,empirical,6,0.2175,0.5455,
porch,11,7,road,empirical,empirical,6,0.1944,0.5455,
porch,11,8,mountain,empirical,empirical,4,0.1848,0.3636,
porch,11,9,window,empirical,empirical,11,0.1519,1.0,
porch,11,10,building,empirical,empirical,7,0.1455,0.6364,
poster,263,1,video,empirical,empirical,6,0.3568,0.0228,
poster,263,2,brand name,empirical,empirical,16,0.3504,0.0608,
poster,263,3,shop window,empirical,empirical,22,0.3464,0.0837,
poster,263,4,whiteboard,empirical,empirical,4,0.3156,0.0152,
poster,263,5,toy,empirical,empirical,21,0.3113,0.0798,
poster,263,6,map,empirical,empirical,5,0.3092,0.019,
poster,263,7,exit sign,empirical,empirical,6,0.307,0.0228,
poster,263,8,drawing,empirical,empirical,8,0.2808,0.0304,
poster,263,9,billboard,empirical,empirical,4,0.2789,0.0152,
poster,263,10,mouse pad,empirical,empirical,3,0.2783,0.0114,
pot,345,1,stove,empirical,empirical,122,0.5105,0.3536,
pot,345,2,worktop,empirical,empirical,137,0.509,0.3971,
pot,345,3,toaster,empirical,empirical,26,0.4875,0.0754,
pot,345,4,coffee maker,empirical,empirical,50,0.47,0.1449,
pot,345,5,cutting board,empirical,empirical,14,0.4577,0.0406,
pot,345,6,oven,empirical,empirical,55,0.4498,0.1594,
pot,345,7,bowl,empirical,empirical,64,0.4417,0.1855,
pot,345,8,pitcher,empirical,empirical,34,0.4344,0.0986,
pot,345,9,dishwasher,empirical,empirical,54,0.4326,0.1565,
pot,345,10,microwave,empirical,empirical,64,0.4283,0.1855,
potted plant,10,1,object,empirical,empirical,4,0.6287,0.4,
potted plant,10,2,dishcloth,empirical,empirical,4,0.5247,0.4,
potted plant,10,3,mug,empirical,empirical,5,0.5208,0.5,
potted plant,10,4,jar,empirical,empirical,7,0.5029,0.7,
potted plant,10,5,napkin,empirical,empirical,4,0.4928,0.4,
potted plant,10,6,bowl,empirical,empirical,7,0.4874,0.7,
potted plant,10,7,dishwasher,empirical,empirical,5,0.4491,0.5,
potted plant,10,8,plate,empirical,empirical,6,0.4196,0.6,
potted plant,10,9,stove,empirical,empirical,6,0.3816,0.6,
potted plant,10,10,tray,empirical,empirical,4,0.3674,0.4,
pottery,51,1,ceramic figure,empirical,empirical,3,0.4233,0.0588,
pottery,51,2,chandelier,empirical,empirical,12,0.3407,0.2353,
pottery,51,3,bowl,empirical,empirical,10,0.3372,0.1961,
pottery,51,4,sideboard,empirical,empirical,4,0.3362,0.0784,
pottery,51,5,tray,empirical,empirical,11,0.3333,0.2157,
pottery,51,6,fruit,empirical,empirical,4,0.333,0.0784,
pottery,51,7,candle,empirical,empirical,5,0.2984,0.098,
pottery,51,8,plate,empirical,empirical,10,0.2959,0.1961,
pottery,51,9,shutter,empirical,empirical,3,0.2943,0.0588,
pottery,51,10,candleholder,empirical,empirical,4,0.2937,0.0784,
price,13,1,bread roll,empirical,empirical,6,0.7681,0.4615,
price,13,2,french bread,empirical,empirical,7,0.7587,0.5385,
price,13,3,loaf,empirical,empirical,6,0.709,0.4615,
price,13,4,cake,empirical,empirical,6,0.6355,0.4615,
price,13,5,showcase,empirical,empirical,10,0.5976,0.7692,
price,13,6,tray,empirical,empirical,3,0.2904,0.2308,
price,13,7,basket,empirical,empirical,4,0.2756,0.3077,
price,13,8,person,empirical,empirical,6,0.154,0.4615,
price,13,9,shelf,empirical,empirical,3,0.142,0.2308,
printer,68,1,cpu,empirical,empirical,30,0.6747,0.4412,
printer,68,2,keyboard,empirical,empirical,45,0.6688,0.6618,
printer,68,3,mouse,empirical,empirical,26,0.6206,0.3824,
printer,68,4,desk organizer,empirical,empirical,11,0.6134,0.1618,
printer,68,5,screen,empirical,empirical,55,0.6058,0.8088,
printer,68,6,desk,empirical,empirical,64,0.5931,0.9412,
printer,68,7,loudspeaker,empirical,empirical,16,0.5931,0.2353,
printer,68,8,wastepaper basket,empirical,empirical,10,0.5666,0.1471,
printer,68,9,mouse pad,empirical,empirical,6,0.5644,0.0882,
printer,68,10,paper filer,empirical,empirical,4,0.5223,0.0588,
projection screen,77,1,projector,empirical,empirical,18,0.7351,0.2338,
projection screen,77,2,whiteboard,empirical,empirical,5,0.5057,0.0649,
projection screen,77,3,loudspeaker,empirical,empirical,9,0.4528,0.1169,
projection screen,77,4,stage,empirical,empirical,10,0.4384,0.1299,
projection screen,77,5,conference table,empirical,empirical,7,0.4095,0.0909,
projection screen,77,6,seat,empirical,empirical,28,0.3882,0.3636,
projection screen,77,7,remote control,empirical,empirical,6,0.3862,0.0779,
projection screen,77,8,speaker,empirical,empirical,6,0.3546,0.0779,
projection screen,77,9,blackboard,empirical,empirical,4,0.3363,0.0519,
projection screen,77,10,grandstand,empirical,empirical,5,0.2586,0.0649,
projector,25,1,projection screen,empirical,empirical,18,0.7351,0.72,
projector,25,2,whiteboard,empirical,empirical,4,0.6015,0.16,
projector,25,3,conference table,empirical,empirical,4,0.4504,0.16,
projector,25,4,loudspeaker,empirical,empirical,4,0.4463,0.16,
projector,25,5,speaker,empirical,empirical,4,0.4245,0.16,
projector,25,6,seat,empirical,empirical,7,0.284,0.28,
projector,25,7,ceiling lamp,empirical,empirical,19,0.2255,0.76,
projector,25,8,desk,empirical,empirical,5,0.2109,0.2,
projector,25,9,outlet,empirical,empirical,6,0.2094,0.24,
projector,25,10,fluorescent tube,empirical,empirical,3,0.2033,0.12,
pulpit,28,1,lectern,empirical,empirical,6,0.7043,0.2143,
pulpit,28,2,altar,empirical,empirical,11,0.6266,0.3929,
pulpit,28,3,altarpiece,empirical,empirical,4,0.5565,0.1429,
pulpit,28,4,cloth,empirical,empirical,4,0.5362,0.1429,
pulpit,28,5,bench,empirical,empirical,18,0.4774,0.6429,
pulpit,28,6,vault,empirical,empirical,3,0.4337,0.1071,
pulpit,28,7,steps,empirical,empirical,16,0.4027,0.5714,
pulpit,28,8,cross,empirical,empirical,3,0.3804,0.1071,
pulpit,28,9,railing,empirical,empirical,12,0.3684,0.4286,
pulpit,28,10,sculpture,empirical,empirical,4,0.3102,0.1429,
purse,118,1,skirt,empirical,empirical,9,0.6261,0.0763,
purse,118,2,shoe,empirical,empirical,32,0.5994,0.2712,
purse,118,3,boot,empirical,empirical,15,0.5595,0.1271,
purse,118,4,trousers,empirical,empirical,17,0.5524,0.1441,
purse,118,5,shirt,empirical,empirical,20,0.5471,0.1695,
purse,118,6,dress,empirical,empirical,17,0.5237,0.1441,
purse,118,7,sweater,empirical,empirical,9,0.5155,0.0763,
purse,118,8,hanger,empirical,empirical,15,0.5057,0.1271,
purse,118,9,jacket,empirical,empirical,19,0.5,0.161,
purse,118,10,hat,empirical,empirical,12,0.4448,0.1017,
pylon,22,1,smoke,empirical,empirical,3,0.5558,0.1364,
pylon,22,2,chimney,empirical,empirical,3,0.3465,0.1364,
pylon,22,3,central reservation,empirical,empirical,3,0.321,0.1364,
pylon,22,4,truck,empirical,empirical,4,0.3128,0.1818,
pylon,22,5,fence,empirical,empirical,8,0.2632,0.3636,
pylon,22,6,field,empirical,empirical,4,0.2371,0.1818,
pylon,22,7,streetlight,empirical,empirical,5,0.2264,0.2273,
pylon,22,8,sign,empirical,empirical,7,0.2211,0.3182,
pylon,22,9,mountain,empirical,empirical,9,0.2209,0.4091,
pylon,22,10,road,empirical,empirical,12,0.2133,0.5455,
quay,10,1,river water,empirical,empirical,7,0.489,0.7,
quay,10,2,boat,empirical,empirical,5,0.4534,0.5,
quay,10,3,skyscraper,empirical,empirical,6,0.4238,0.6,
quay,10,4,building,empirical,empirical,7,0.158,0.7,
quay,10,5,sky,empirical,empirical,10,0.1323,1.0,
quay,10,6,tree,empirical,empirical,5,0.081,0.5,
rack,35,1,sponge,empirical,empirical,3,0.5703,0.0857,
rack,35,2,sink,empirical,empirical,15,0.3491,0.4286,
rack,35,3,magazine,empirical,empirical,5,0.3257,0.1429,
rack,35,4,cup,empirical,empirical,5,0.3116,0.1429,
rack,35,5,bathtub,empirical,empirical,3,0.311,0.0857,
rack,35,6,faucet,empirical,empirical,15,0.3069,0.4286,
rack,35,7,shower,empirical,empirical,3,0.3011,0.0857,
rack,35,8,countertop,empirical,empirical,5,0.2963,0.1429,
rack,35,9,pitcher,empirical,empirical,3,0.2942,0.0857,
rack,35,10,trash can,empirical,empirical,3,0.2931,0.0857,
racket,10,1,person player,empirical,empirical,4,0.7059,0.4,
racket,10,2,net,empirical,empirical,4,0.5537,0.4,
racket,10,3,person standing,empirical,empirical,3,0.2181,0.3,
racket,10,4,box,empirical,empirical,3,0.1833,0.3,
racket,10,5,tree,empirical,empirical,5,0.081,0.5,
racket,10,6,wall,empirical,empirical,6,0.0043,0.6,
racket,10,7,floor,empirical,empirical,5,0.0029,0.5,
racking chair,13,1,television,empirical,empirical,4,0.3156,0.3077,
racking chair,13,2,desk lamp,empirical,empirical,8,0.2649,0.6154,
racking chair,13,3,cushion,empirical,empirical,5,0.2455,0.3846,
racking chair,13,4,picture,empirical,empirical,6,0.2438,0.4615,
racking chair,13,5,rug,empirical,empirical,3,0.2404,0.2308,
racking chair,13,6,curtain,empirical,empirical,8,0.2396,0.6154,
racking chair,13,7,pillow,empirical,empirical,4,0.2389,0.3077,
racking chair,13,8,basket,empirical,empirical,3,0.2326,0.2308,
racking chair,13,9,clock,empirical,empirical,3,0.2316,0.2308,
racking chair,13,10,armchair,empirical,empirical,3,0.195,0.2308,
radiator,121,1,mattress,empirical,empirical,3,0.3938,0.0248,
radiator,121,2,bunk bed,empirical,empirical,7,0.3722,0.0579,
radiator,121,3,bed,empirical,empirical,58,0.3014,0.4793,
radiator,121,4,folder,empirical,empirical,5,0.3004,0.0413,
radiator,121,5,night table,empirical,empirical,37,0.2928,0.3058,
radiator,121,6,curtain,empirical,empirical,59,0.2841,0.4876,
radiator,121,7,handle door,empirical,empirical,3,0.2679,0.0248,
radiator,121,8,wardrobe,empirical,empirical,14,0.2673,0.1157,
radiator,121,9,tapestry,empirical,empirical,3,0.2619,0.0248,
radiator,121,10,music system,empirical,empirical,3,0.259,0.0248,
radio,19,1,laptop,empirical,empirical,4,0.4172,0.2105,
radio,19,2,mug,empirical,empirical,3,0.3542,0.1579,
radio,19,3,telephone,empirical,empirical,5,0.3488,0.2632,
radio,19,4,coffee maker,empirical,empirical,3,0.3248,0.1579,
radio,19,5,jar,empirical,empirical,3,0.278,0.1579,
radio,19,6,book,empirical,empirical,7,0.268,0.3684,
radio,19,7,basket,empirical,empirical,5,0.2638,0.2632,
radio,19,8,worktop,empirical,empirical,5,0.2472,0.2632,
radio,19,9,refrigerator,empirical,empirical,3,0.2381,0.1579,
radio,19,10,plate,empirical,empirical,3,0.2287,0.1579,
rail,45,1,cistern,empirical,empirical,8,0.5359,0.1778,
rail,45,2,bathtub,empirical,empirical,12,0.5306,0.2667,
rail,45,3,shower,empirical,empirical,11,0.5005,0.2444,
rail,45,4,toilet,empirical,empirical,15,0.4232,0.3333,
rail,45,5,washbasin,empirical,empirical,14,0.3916,0.3111,
rail,45,6,hanger,empirical,empirical,4,0.381,0.0889,
rail,45,7,curtain,empirical,empirical,31,0.3104,0.6889,
rail,45,8,pipe,empirical,empirical,5,0.2976,0.1111,
rail,45,9,handle,empirical,empirical,3,0.2952,0.0667,
rail,45,10,mirror,empirical,empirical,17,0.2873,0.3778,
railing,465,1,staircase,empirical,empirical,92,0.3906,0.1978,
railing,465,2,pulpit,empirical,empirical,12,0.3684,0.0258,
railing,465,3,shop,empirical,empirical,7,0.3161,0.0151,
railing,465,4,lighthouse,empirical,empirical,7,0.3037,0.0151,
railing,465,5,lectern,empirical,empirical,4,0.279,0.0086,
railing,465,6,skeleton,empirical,empirical,3,0.2666,0.0065,
railing,465,7,deck,empirical,empirical,4,0.2538,0.0086,
railing,465,8,mezzanine,empirical,empirical,6,0.2519,0.0129,
railing,465,9,column,empirical,empirical,74,0.2486,0.1591,
railing,465,10,terrace,empirical,empirical,4,0.2464,0.0086,
railway,25,1,train,empirical,empirical,15,0.7915,0.6,
railway,25,2,platform,empirical,empirical,15,0.7407,0.6,
railway,25,3,pole,empirical,empirical,5,0.2508,0.2,
railway,25,4,building,empirical,empirical,15,0.1531,0.6,
railway,25,5,streetlight,empirical,empirical,3,0.1378,0.12,
railway,25,6,sign,empirical,empirical,4,0.1226,0.16,
railway,25,7,sky,empirical,empirical,21,0.1207,0.84,
railway,25,8,grass,empirical,empirical,6,0.1125,0.24,
railway,25,9,tree,empirical,empirical,14,0.1092,0.56,
railway,25,10,car,empirical,empirical,5,0.1072,0.2,
ramp,13,1,handrail,empirical,empirical,5,0.3897,0.3846,
ramp,13,2,house,empirical,empirical,4,0.2678,0.3077,
ramp,13,3,steps,empirical,empirical,4,0.2597,0.3077,
ramp,13,4,sign,empirical,empirical,5,0.2355,0.3846,
ramp,13,5,grass,empirical,empirical,7,0.2201,0.5385,
ramp,13,6,car,empirical,empirical,5,0.1889,0.3846,
ramp,13,7,sidewalk,empirical,empirical,4,0.1831,0.3077,
ramp,13,8,ground,empirical,empirical,4,0.1711,0.3077,
ramp,13,9,door,empirical,empirical,9,0.1689,0.6923,
ramp,13,10,building,empirical,empirical,9,0.1618,0.6923,
refrigerator,312,1,worktop,empirical,empirical,212,0.6872,0.6795,
refrigerator,312,2,stove,empirical,empirical,189,0.6846,0.6058,
refrigerator,312,3,microwave,empirical,empirical,134,0.6732,0.4295,
refrigerator,312,4,extractor hood,empirical,empirical,94,0.5986,0.3013,
refrigerator,312,5,oven,empirical,empirical,85,0.5912,0.2724,
refrigerator,312,6,coffee maker,empirical,empirical,71,0.5851,0.2276,
refrigerator,312,7,sink,empirical,empirical,166,0.5834,0.5321,
refrigerator,312,8,dishwasher,empirical,empirical,79,0.5556,0.2532,
refrigerator,312,9,kitchen island,empirical,empirical,38,0.5342,0.1218,
refrigerator,312,10,dishcloth,empirical,empirical,38,0.5234,0.1218,
remote control,57,1,television,empirical,empirical,25,0.4614,0.4386,
remote control,57,2,alarm clock,empirical,empirical,4,0.4546,0.0702,
remote control,57,3,projection screen,empirical,empirical,6,0.3862,0.1053,
remote control,57,4,pen,empirical,empirical,4,0.3703,0.0702,
remote control,57,5,television stand,empirical,empirical,3,0.3659,0.0526,
remote control,57,6,loudspeaker,empirical,empirical,4,0.3462,0.0702,
remote control,57,7,laptop,empirical,empirical,5,0.3195,0.0877,
remote control,57,8,phone,empirical,empirical,3,0.3172,0.0526,
remote control,57,9,telephone,empirical,empirical,9,0.3076,0.1579,
remote control,57,10,magazine,empirical,empirical,6,0.2943,0.1053,
revolving door,10,1,door,empirical,empirical,6,0.1418,0.6,
revolving door,10,2,floor,empirical,empirical,8,0.0654,0.8,
revolving door,10,3,wall,empirical,empirical,9,0.0592,0.9,
rifle,13,1,embankment,empirical,empirical,3,0.4235,0.2308,
rifle,13,2,person sitting,empirical,empirical,3,0.1787,0.2308,
rifle,13,3,person,empirical,empirical,7,0.1772,0.5385,
rifle,13,4,ground,empirical,empirical,4,0.1711,0.3077,
rifle,13,5,cabinet,empirical,empirical,3,0.065,0.2308,
rifle,13,6,floor,empirical,empirical,10,0.0621,0.7692,
rifle,13,7,ceiling,empirical,empirical,6,0.0415,0.4615,
rifle,13,8,wall,empirical,empirical,8,0.0078,0.6154,
ring,16,1,stand,empirical,empirical,3,0.256,0.1875,
ring,16,2,fluorescent tube,empirical,empirical,3,0.2557,0.1875,
ring,16,3,steps,empirical,empirical,3,0.1928,0.1875,
ring,16,4,person,empirical,empirical,7,0.1501,0.4375,
ring,16,5,ceiling lamp,empirical,empirical,7,0.1241,0.4375,
ring,16,6,ceiling,empirical,empirical,9,0.0704,0.5625,
ring,16,7,floor,empirical,empirical,10,0.0337,0.625,
ring,16,8,wall,empirical,empirical,11,0.0235,0.6875,
river water,247,1,quay,empirical,empirical,7,0.489,0.0283,
river water,247,2,dock,empirical,empirical,18,0.4342,0.0729,
river water,247,3,tree trunk fallen,empirical,empirical,5,0.4145,0.0202,
river water,247,4,city,empirical,empirical,5,0.4036,0.0202,
river water,247,5,skyscraper,empirical,empirical,51,0.3957,0.2065,
river water,247,6,stone,empirical,empirical,33,0.337,0.1336,
river water,247,7,boat,empirical,empirical,27,0.3338,0.1093,
river water,247,8,valley,empirical,empirical,5,0.3224,0.0202,
river water,247,9,rock,empirical,empirical,37,0.3107,0.1498,
river water,247,10,bush,empirical,empirical,36,0.2969,0.1457,
road,1789,1,car,empirical,empirical,937,0.6564,0.5238,
road,1789,2,sidewalk,empirical,empirical,738,0.5974,0.4125,
road,1789,3,building,empirical,empirical,1272,0.4972,0.711,
road,1789,4,streetlight,empirical,empirical,375,0.4693,0.2096,
road,1789,5,central reservation,empirical,empirical,133,0.4501,0.0743,
road,1789,6,sign,empirical,empirical,446,0.413,0.2493,
road,1789,7,van,empirical,empirical,159,0.4098,0.0889,
road,1789,8,car rear,empirical,empirical,67,0.3931,0.0375,
road,1789,9,truck,empirical,empirical,149,0.3889,0.0833,
road,1789,10,crosswalk,empirical,empirical,62,0.3875,0.0347,
rock,348,1,waterfall,empirical,empirical,33,0.4876,0.0948,
rock,348,2,sea water,empirical,empirical,123,0.4576,0.3534,
rock,348,3,sand beach,empirical,empirical,50,0.4464,0.1437,
rock,348,4,lighthouse,empirical,empirical,9,0.3869,0.0259,
rock,348,5,fish,empirical,empirical,9,0.3364,0.0259,
rock,348,6,water,empirical,empirical,74,0.3324,0.2126,
rock,348,7,cliff,empirical,empirical,9,0.3244,0.0259,
rock,348,8,river water,empirical,empirical,37,0.3107,0.1063,
rock,348,9,rocky mountain,empirical,empirical,26,0.3005,0.0747,
rock,348,10,cloudy sky,empirical,empirical,5,0.2506,0.0144,
rocking chair,17,1,drawing,empirical,empirical,3,0.4549,0.1765,
rocking chair,17,2,toy,empirical,empirical,3,0.3333,0.1765,
rocking chair,17,3,rug,empirical,empirical,6,0.316,0.3529,
rocking chair,17,4,television,empirical,empirical,4,0.283,0.2353,
rocking chair,17,5,basket,empirical,empirical,5,0.2777,0.2941,
rocking chair,17,6,sofa,empirical,empirical,4,0.2238,0.2353,
rocking chair,17,7,cushion,empirical,empirical,5,0.212,0.2941,
rocking chair,17,8,painting,empirical,empirical,7,0.1914,0.4118,
rocking chair,17,9,bed,empirical,empirical,6,0.1749,0.3529,
rocking chair,17,10,table,empirical,empirical,7,0.1541,0.4118,
rocky ground,20,1,rocky wall,empirical,empirical,6,0.6923,0.3,
rocky ground,20,2,rocky mountain,empirical,empirical,3,0.3061,0.15,
rocky ground,20,3,ground,empirical,empirical,4,0.1188,0.2,
rocky ground,20,4,sky,empirical,empirical,13,0.0761,0.65,
rocky ground,20,5,tree,empirical,empirical,8,0.0564,0.4,
rocky mountain,166,1,mountain pass,empirical,empirical,6,0.4871,0.0361,
rocky mountain,166,2,waterfall,empirical,empirical,18,0.4636,0.1084,
rocky mountain,166,3,snow,empirical,empirical,12,0.3555,0.0723,
rocky mountain,166,4,rocky ground,empirical,empirical,3,0.3061,0.0181,
rocky mountain,166,5,rock,empirical,empirical,26,0.3005,0.1566,
rocky mountain,166,6,snowy mountain,empirical,empirical,22,0.2967,0.1325,
rocky mountain,166,7,plain,empirical,empirical,3,0.2897,0.0181,
rocky mountain,166,8,mountain,empirical,empirical,51,0.2379,0.3072,
rocky mountain,166,9,river water,empirical,empirical,14,0.2343,0.0843,
rocky mountain,166,10,shrub,empirical,empirical,5,0.2133,0.0301,
rocky wall,20,1,rocky ground,empirical,empirical,6,0.6923,0.3,
rocky wall,20,2,cave,empirical,empirical,3,0.6248,0.15,
rocky wall,20,3,water,empirical,empirical,9,0.3391,0.45,
rocky wall,20,4,stone,empirical,empirical,3,0.2557,0.15,
rocky wall,20,5,sea water,empirical,empirical,3,0.1575,0.15,
rocky wall,20,6,person standing,empirical,empirical,3,0.1367,0.15,
rocky wall,20,7,ground,empirical,empirical,4,0.1188,0.2,
rocky wall,20,8,person,empirical,empirical,5,0.0739,0.25,
rocky wall,20,9,sky,empirical,empirical,8,0.0068,0.4,
roll,14,1,folder,empirical,empirical,3,0.4756,0.2143,
roll,14,2,notebook,empirical,empirical,4,0.4496,0.2857,
roll,14,3,cpu,empirical,empirical,3,0.4075,0.2143,
roll,14,4,mouse,empirical,empirical,3,0.3953,0.2143,
roll,14,5,swivel chair,empirical,empirical,5,0.3859,0.3571,
roll,14,6,keyboard,empirical,empirical,4,0.3701,0.2857,
roll,14,7,paper,empirical,empirical,5,0.3524,0.3571,
roll,14,8,telephone,empirical,empirical,3,0.3038,0.2143,
roll,14,9,desk,empirical,empirical,5,0.2833,0.3571,
roll,14,10,book,empirical,empirical,6,0.2821,0.4286,
roof,75,1,terrace,empirical,empirical,3,0.4185,0.04,
roof,75,2,attic,empirical,empirical,4,0.3582,0.0533,
roof,75,3,chimney,empirical,empirical,6,0.3091,0.08,
roof,75,4,house,empirical,empirical,16,0.2685,0.2133,
roof,75,5,deck chair,empirical,empirical,3,0.261,0.04,
roof,75,6,building,empirical,empirical,46,0.1865,0.6133,
roof,75,7,railing,empirical,empirical,9,0.1826,0.12,
roof,75,8,can,empirical,empirical,3,0.177,0.04,
roof,75,9,ground,empirical,empirical,17,0.1625,0.2267,
roof,75,10,pole,empirical,empirical,7,0.1625,0.0933,
rope,23,1,cannon,empirical,empirical,6,0.6682,0.2609,
rope,23,2,fluorescent tube,empirical,empirical,3,0.2131,0.1304,
rope,23,3,person,empirical,empirical,13,0.1996,0.5652,
rope,23,4,steps,empirical,empirical,4,0.1904,0.1739,
rope,23,5,person sitting,empirical,empirical,3,0.1118,0.1304,
rope,23,6,ceiling,empirical,empirical,13,0.0748,0.5652,
rope,23,7,floor,empirical,empirical,14,0.0315,0.6087,
rope,23,8,wall,empirical,empirical,14,0.0069,0.6087,
rope,23,9,table,empirical,empirical,3,0.0038,0.1304,
rope bridge,11,1,person standing,empirical,empirical,5,0.2839,0.4545,
rope bridge,11,2,staircase,empirical,empirical,3,0.2713,0.2727,
rope bridge,11,3,mountain,empirical,empirical,6,0.2462,0.5455,
rope bridge,11,4,person walking,empirical,empirical,3,0.245,0.2727,
rope bridge,11,5,sea water,empirical,empirical,3,0.2277,0.2727,
rope bridge,11,6,person,empirical,empirical,3,0.0797,0.2727,
rope bridge,11,7,sky,empirical,empirical,7,0.0672,0.6364,
rope bridge,11,8,tree,empirical,empirical,4,0.0401,0.3636,
rubble,10,1,person standing,empirical,empirical,3,0.2181,0.3,
rubble,10,2,building,empirical,empirical,8,0.1785,0.8,
rubble,10,3,sky,empirical,empirical,9,0.1162,0.9,
rubble,10,4,tree,empirical,empirical,3,0.0162,0.3,
rudder,10,1,instrument panel,empirical,empirical,6,0.8094,0.6,
rudder,10,2,screen,empirical,empirical,6,0.3961,0.6,
rudder,10,3,ceiling lamp,empirical,empirical,5,0.1356,0.5,
rudder,10,4,cabinet,empirical,empirical,4,0.1341,0.4,
rudder,10,5,window,empirical,empirical,9,0.1336,0.9,
rudder,10,6,floor,empirical,empirical,6,0.0263,0.6,
rudder,10,7,ceiling,empirical,empirical,4,0.022,0.4,
rug,447,1,small table,empirical,empirical,36,0.4051,0.0805,
rug,447,2,bouquet,empirical,empirical,42,0.3918,0.094,
rug,447,3,dresser,empirical,empirical,17,0.3813,0.038,
rug,447,4,decorative plate,empirical,empirical,7,0.3213,0.0157,
rug,447,5,rocking chair,empirical,empirical,6,0.316,0.0134,
rug,447,6,candle,empirical,empirical,28,0.3089,0.0626,
rug,447,7,blanket,empirical,empirical,24,0.3066,0.0537,
rug,447,8,ottoman,empirical,empirical,29,0.2973,0.0649,
rug,447,9,fireplace,empirical,empirical,33,0.297,0.0738,
rug,447,10,picture frame,empirical,empirical,13,0.2964,0.0291,
ruin,13,1,steps,empirical,empirical,4,0.2597,0.3077,
ruin,13,2,column,empirical,empirical,4,0.2406,0.3077,
ruin,13,3,grass,empirical,empirical,7,0.2201,0.5385,
ruin,13,4,ground,empirical,empirical,4,0.1711,0.3077,
ruin,13,5,sky,empirical,empirical,13,0.1372,1.0,
ruin,13,6,tree,empirical,empirical,8,0.1136,0.6154,
runway,81,1,airplane,empirical,empirical,59,0.8748,0.7284,
runway,81,2,finger,empirical,empirical,23,0.7992,0.284,
runway,81,3,baggage cart,empirical,empirical,24,0.7616,0.2963,
runway,81,4,control tower,empirical,empirical,9,0.6104,0.1111,
runway,81,5,aircraft,empirical,empirical,8,0.4971,0.0988,
runway,81,6,truck,empirical,empirical,24,0.4757,0.2963,
runway,81,7,helicopter,empirical,empirical,5,0.4616,0.0617,
runway,81,8,pickup,empirical,empirical,4,0.3938,0.0494,
runway,81,9,bus,empirical,empirical,9,0.3935,0.1111,
runway,81,10,conveyor belt,empirical,empirical,6,0.3775,0.0741,
safety belt,10,1,door handle,empirical,empirical,3,0.5576,0.3,
safety belt,10,2,seat,empirical,empirical,10,0.4719,1.0,
safety belt,10,3,window,empirical,empirical,9,0.1336,0.9,
safety belt,10,4,door,empirical,empirical,5,0.1158,0.5,
safety belt,10,5,wall,empirical,empirical,10,0.0745,1.0,
safety belt,10,6,floor,empirical,empirical,8,0.0654,0.8,
salt,12,1,pepper,empirical,empirical,6,0.7861,0.5,
salt,12,2,knife set,empirical,empirical,3,0.5793,0.25,
salt,12,3,paper roll,empirical,empirical,5,0.5783,0.4167,
salt,12,4,kitchen island,empirical,empirical,3,0.4594,0.25,
salt,12,5,coffee maker,empirical,empirical,4,0.427,0.3333,
salt,12,6,dishwasher,empirical,empirical,5,0.4263,0.4167,
salt,12,7,refrigerator,empirical,empirical,6,0.4065,0.5,
salt,12,8,worktop,empirical,empirical,8,0.3859,0.6667,
salt,12,9,jar,empirical,empirical,4,0.3785,0.3333,
salt,12,10,switch,empirical,empirical,5,0.3745,0.4167,
saltcellar,15,1,napkin ring,empirical,empirical,3,0.6483,0.2,
saltcellar,15,2,napkin,empirical,empirical,4,0.4436,0.2667,
saltcellar,15,3,glass,empirical,empirical,5,0.3703,0.3333,
saltcellar,15,4,coffee maker,empirical,empirical,3,0.3526,0.2,
saltcellar,15,5,dishwasher,empirical,empirical,3,0.3146,0.2,
saltcellar,15,6,table,empirical,empirical,13,0.2732,0.8667,
saltcellar,15,7,plate,empirical,empirical,3,0.2564,0.2,
saltcellar,15,8,bottle,empirical,empirical,5,0.2542,0.3333,
saltcellar,15,9,chair,empirical,empirical,13,0.24,0.8667,
saltcellar,15,10,stove,empirical,empirical,3,0.2215,0.2,
sand,74,1,sand dune,empirical,empirical,7,0.5375,0.0946,
sand,74,2,sea water,empirical,empirical,22,0.3104,0.2973,
sand,74,3,palm tree,empirical,empirical,8,0.2948,0.1081,
sand,74,4,boat,empirical,empirical,8,0.2785,0.1081,
sand,74,5,rock,empirical,empirical,10,0.2411,0.1351,
sand,74,6,bush,empirical,empirical,10,0.2345,0.1351,
sand,74,7,water,empirical,empirical,12,0.2096,0.1622,
sand,74,8,hill,empirical,empirical,4,0.1907,0.0541,
sand,74,9,stone,empirical,empirical,4,0.1407,0.0541,
sand,74,10,sky,empirical,empirical,60,0.1372,0.8108,
sand beach,169,1,sea water,empirical,empirical,165,0.7126,0.9763,
sand beach,169,2,rock,empirical,empirical,50,0.4464,0.2959,
sand beach,169,3,boat,empirical,empirical,29,0.4098,0.1716,
sand beach,169,4,sun,empirical,empirical,8,0.3818,0.0473,
sand beach,169,5,cloudy sky,empirical,empirical,6,0.3721,0.0355,
sand beach,169,6,palm tree,empirical,empirical,21,0.3592,0.1243,
sand beach,169,7,shrub,empirical,empirical,10,0.3258,0.0592,
sand beach,169,8,mountain,empirical,empirical,58,0.2633,0.3432,
sand beach,169,9,cloud,empirical,empirical,6,0.2541,0.0355,
sand beach,169,10,deck chair,empirical,empirical,4,0.2064,0.0237,
sand dune,23,1,sand,empirical,empirical,7,0.5375,0.3043,
sand dune,23,2,shrub,empirical,empirical,3,0.3725,0.1304,
sand dune,23,3,palm tree,empirical,empirical,3,0.2829,0.1304,
sand dune,23,4,person walking,empirical,empirical,3,0.1584,0.1304,
sand dune,23,5,sky,empirical,empirical,22,0.1415,0.9565,
sand dune,23,6,mountain,empirical,empirical,4,0.0952,0.1739,
sand floor,10,1,horse,empirical,empirical,3,0.5965,0.3,
sand floor,10,2,ceiling,empirical,empirical,8,0.116,0.8,
sand floor,10,3,ceiling lamp,empirical,empirical,4,0.1048,0.4,
sand floor,10,4,person,empirical,empirical,3,0.0909,0.3,
sand floor,10,5,door,empirical,empirical,4,0.0856,0.4,
sand floor,10,6,wall,empirical,empirical,9,0.0592,0.9,
sand trap,20,1,grass,empirical,empirical,20,0.3485,1.0,
sand trap,20,2,path,empirical,empirical,6,0.3314,0.3,
sand trap,20,3,flag,empirical,empirical,4,0.3165,0.2,
sand trap,20,4,tree,empirical,empirical,17,0.1738,0.85,
sand trap,20,5,sea water,empirical,empirical,3,0.1575,0.15,
sand trap,20,6,sky,empirical,empirical,14,0.0876,0.7,
sand trap,20,7,person,empirical,empirical,5,0.0739,0.25,
sand trap,20,8,plant,empirical,empirical,4,0.0395,0.2,
satellite dish,11,1,streetlight,empirical,empirical,4,0.2774,0.3636,
satellite dish,11,2,steps,empirical,empirical,3,0.2368,0.2727,
satellite dish,11,3,door,empirical,empirical,10,0.2085,0.9091,
satellite dish,11,4,building,empirical,empirical,10,0.2014,0.9091,
satellite dish,11,5,car,empirical,empirical,3,0.1372,0.2727,
satellite dish,11,6,road,empirical,empirical,4,0.1356,0.3636,
satellite dish,11,7,window,empirical,empirical,9,0.1207,0.8182,
satellite dish,11,8,sky,empirical,empirical,10,0.1193,0.9091,
satellite dish,11,9,plant,empirical,empirical,3,0.0746,0.2727,
satellite dish,11,10,tree,empirical,empirical,5,0.0691,0.4545,
saucepan,46,1,frying pan,empirical,empirical,12,0.7032,0.2609,
saucepan,46,2,dishcloth,empirical,empirical,13,0.5631,0.2826,
saucepan,46,3,casserole,empirical,empirical,4,0.5427,0.087,
saucepan,46,4,stove,empirical,empirical,27,0.4689,0.587,
saucepan,46,5,dish rack,empirical,empirical,4,0.4668,0.087,
saucepan,46,6,worktop,empirical,empirical,29,0.4565,0.6304,
saucepan,46,7,utensils canister,empirical,empirical,3,0.4404,0.0652,
saucepan,46,8,knife set,empirical,empirical,3,0.4216,0.0652,
saucepan,46,9,oven,empirical,empirical,11,0.4057,0.2391,
saucepan,46,10,extractor hood,empirical,empirical,12,0.4057,0.2609,
savanna,13,1,elephant,empirical,empirical,3,0.6865,0.2308,
savanna,13,2,tree,empirical,empirical,13,0.1902,1.0,
savanna,13,3,sky,empirical,empirical,13,0.1372,1.0,
scaffolding,24,1,van,empirical,empirical,3,0.2588,0.125,
scaffolding,24,2,pole,empirical,empirical,5,0.2559,0.2083,
scaffolding,24,3,person standing,empirical,empirical,7,0.2385,0.2917,
scaffolding,24,4,person walking,empirical,empirical,5,0.227,0.2083,
scaffolding,24,5,sidewalk,empirical,empirical,7,0.1895,0.2917,
scaffolding,24,6,building,empirical,empirical,17,0.1804,0.7083,
scaffolding,24,7,ground,empirical,empirical,6,0.1534,0.25,
scaffolding,24,8,car,empirical,empirical,5,0.1123,0.2083,
scaffolding,24,9,fence,empirical,empirical,3,0.1075,0.125,
scaffolding,24,10,person,empirical,empirical,7,0.0973,0.2917,
scale,29,1,cash register,empirical,empirical,4,0.4796,0.1379,
scale,29,2,knife set,empirical,empirical,3,0.4757,0.1034,
scale,29,3,stall,empirical,empirical,4,0.4708,0.1379,
scale,29,4,fish,empirical,empirical,3,0.4558,0.1034,
scale,29,5,fruit,empirical,empirical,4,0.4016,0.1379,
scale,29,6,kettle,empirical,empirical,3,0.3397,0.1034,
scale,29,7,pot,empirical,empirical,8,0.3298,0.2759,
scale,29,8,jar,empirical,empirical,5,0.3068,0.1724,
scale,29,9,basket,empirical,empirical,8,0.2865,0.2759,
scale,29,10,showcase,empirical,empirical,3,0.2776,0.1034,
sconce,689,1,desk mat,empirical,empirical,7,0.3552,0.0102,
sconce,689,2,washbasin,empirical,empirical,80,0.3337,0.1161,
sconce,689,3,countertop,empirical,empirical,53,0.3106,0.0769,
sconce,689,4,mirror,empirical,empirical,148,0.2997,0.2148,
sconce,689,5,soap dispenser,empirical,empirical,22,0.2993,0.0319,
sconce,689,6,tap wrench,empirical,empirical,11,0.2666,0.016,
sconce,689,7,berth,empirical,empirical,7,0.2649,0.0102,
sconce,689,8,towel,empirical,empirical,62,0.2585,0.09,
sconce,689,9,bed,empirical,empirical,185,0.249,0.2685,
sconce,689,10,towel ring,empirical,empirical,5,0.2477,0.0073,
scoreboard,26,1,basketball hoop,empirical,empirical,5,0.5746,0.1923,
scoreboard,26,2,court,empirical,empirical,7,0.565,0.2692,
scoreboard,26,3,pitch,empirical,empirical,3,0.5238,0.1154,
scoreboard,26,4,grandstand,empirical,empirical,8,0.4811,0.3077,
scoreboard,26,5,net,empirical,empirical,3,0.3891,0.1154,
scoreboard,26,6,gate,empirical,empirical,3,0.2732,0.1154,
scoreboard,26,7,billiard table,empirical,empirical,3,0.2725,0.1154,
scoreboard,26,8,fence,empirical,empirical,7,0.2194,0.2692,
scoreboard,26,9,pole,empirical,empirical,3,0.1712,0.1154,
scoreboard,26,10,person standing,empirical,empirical,4,0.1446,0.1538,
screen,406,1,keyboard,empirical,empirical,192,0.8143,0.4729,
screen,406,2,cpu,empirical,empirical,96,0.7065,0.2365,
screen,406,3,mouse,empirical,empirical,101,0.703,0.2488,
screen,406,4,desk,empirical,empirical,229,0.6515,0.564,
screen,406,5,printer,empirical,empirical,55,0.6058,0.1355,
screen,406,6,swivel chair,empirical,empirical,104,0.5546,0.2562,
screen,406,7,mouse pad,empirical,empirical,14,0.4983,0.0345,
screen,406,8,desk organizer,empirical,empirical,19,0.4777,0.0468,
screen,406,9,instrument panel,empirical,empirical,12,0.4659,0.0296,
screen,406,10,loudspeaker,empirical,empirical,29,0.4587,0.0714,
sculpture,167,1,pedestal,empirical,empirical,15,0.5832,0.0898,
sculpture,167,2,altar,empirical,empirical,11,0.3793,0.0659,
sculpture,167,3,mezzanine,empirical,empirical,4,0.3146,0.024,
sculpture,167,4,pulpit,empirical,empirical,4,0.3102,0.024,
sculpture,167,5,balustrade,empirical,empirical,5,0.3022,0.0299,
sculpture,167,6,vault,empirical,empirical,5,0.3022,0.0299,
sculpture,167,7,altarpiece,empirical,empirical,3,0.2942,0.018,
sculpture,167,8,dish,empirical,empirical,3,0.2746,0.018,
sculpture,167,9,tapestry,empirical,empirical,4,0.2669,0.024,
sculpture,167,10,object,empirical,empirical,3,0.2431,0.018,
sea water,589,1,sand beach,empirical,empirical,165,0.7126,0.2801,
sea water,589,2,aircraft carrier,empirical,empirical,28,0.5153,0.0475,
sea water,589,3,sun,empirical,empirical,33,0.4977,0.056,
sea water,589,4,ship,empirical,empirical,34,0.4857,0.0577,
sea water,589,5,wave,empirical,empirical,19,0.4777,0.0323,
sea water,589,6,iceberg,empirical,empirical,18,0.4734,0.0306,
sea water,589,7,boat,empirical,empirical,88,0.4713,0.1494,
sea water,589,8,rock,empirical,empirical,123,0.4576,0.2088,
sea water,589,9,aircraft,empirical,empirical,25,0.4536,0.0424,
sea water,589,10,deck,empirical,empirical,11,0.3967,0.0187,
seat,476,1,stage,empirical,empirical,54,0.5457,0.1134,
seat,476,2,dashboard,empirical,empirical,15,0.4996,0.0315,
seat,476,3,safety belt,empirical,empirical,10,0.4719,0.021,
seat,476,4,windshield,empirical,empirical,19,0.4439,0.0399,
seat,476,5,steering wheel,empirical,empirical,12,0.4195,0.0252,
seat,476,6,grand piano,empirical,empirical,14,0.3903,0.0294,
seat,476,7,projection screen,empirical,empirical,28,0.3882,0.0588,
seat,476,8,separation,empirical,empirical,19,0.3449,0.0399,
seat,476,9,organ,empirical,empirical,7,0.3268,0.0147,
seat,476,10,fork,empirical,empirical,10,0.2968,0.021,
separation,60,1,windshield,empirical,empirical,3,0.3742,0.05,
separation,60,2,seat,empirical,empirical,19,0.3449,0.3167,
separation,60,3,person sitting,empirical,empirical,21,0.295,0.35,
separation,60,4,swivel chair,empirical,empirical,8,0.2793,0.1333,
separation,60,5,screen,empirical,empirical,10,0.2487,0.1667,
separation,60,6,keyboard,empirical,empirical,5,0.2265,0.0833,
separation,60,7,desk,empirical,empirical,11,0.2218,0.1833,
separation,60,8,flag,empirical,empirical,5,0.216,0.0833,
separation,60,9,fluorescent tube,empirical,empirical,6,0.198,0.1,
separation,60,10,telephone,empirical,empirical,4,0.1725,0.0667,
service station,13,1,gas pump,empirical,empirical,6,0.8359,0.4615,
service station,13,2,lamppost,empirical,empirical,3,0.4615,0.2308,
service station,13,3,text,empirical,empirical,3,0.2712,0.2308,
service station,13,4,road,empirical,empirical,10,0.255,0.7692,
service station,13,5,fence,empirical,empirical,5,0.2548,0.3846,
service station,13,6,pole,empirical,empirical,3,0.2526,0.2308,
service station,13,7,car,empirical,empirical,7,0.241,0.5385,
service station,13,8,sign,empirical,empirical,5,0.2355,0.3846,
service station,13,9,house,empirical,empirical,3,0.2249,0.2308,
service station,13,10,grass,empirical,empirical,5,0.1689,0.3846,
set of instrument,12,1,dental chair,empirical,empirical,4,0.7143,0.3333,
set of instrument,12,2,equipment,empirical,empirical,5,0.6848,0.4167,
set of instrument,12,3,stretcher,empirical,empirical,3,0.5981,0.25,
set of instrument,12,4,cabinet,empirical,empirical,8,0.2142,0.6667,
set of instrument,12,5,picture,empirical,empirical,3,0.1519,0.25,
set of instrument,12,6,floor,empirical,empirical,12,0.1004,1.0,
set of instrument,12,7,window,empirical,empirical,8,0.0917,0.6667,
set of instrument,12,8,wall,empirical,empirical,12,0.0764,1.0,
set of instrument,12,9,person,empirical,empirical,3,0.0695,0.25,
set of instrument,12,10,chair,empirical,empirical,3,0.0528,0.25,
sewing machine,10,1,box,empirical,empirical,3,0.1833,0.3,
sewing machine,10,2,shelf,empirical,empirical,3,0.1728,0.3,
sewing machine,10,3,chair,empirical,empirical,5,0.1427,0.5,
sewing machine,10,4,table,empirical,empirical,4,0.1401,0.4,
sewing machine,10,5,curtain,empirical,empirical,3,0.1277,0.3,
sewing machine,10,6,floor,empirical,empirical,9,0.0823,0.9,
sewing machine,10,7,ceiling,empirical,empirical,6,0.075,0.6,
sewing machine,10,8,wall,empirical,empirical,9,0.0592,0.9,
sewing machine,10,9,window,empirical,empirical,5,0.0504,0.5,
shanty,13,1,clothes hanging,empirical,empirical,5,0.7207,0.3846,
shanty,13,2,dirt track,empirical,empirical,6,0.5751,0.4615,
shanty,13,3,pole,empirical,empirical,5,0.3325,0.3846,
shanty,13,4,ground,empirical,empirical,4,0.1711,0.3077,
shanty,13,5,person,empirical,empirical,5,0.1277,0.3846,
shanty,13,6,car,empirical,empirical,3,0.1176,0.2308,
shanty,13,7,sky,empirical,empirical,11,0.1109,0.8462,
shanty,13,8,tree,empirical,empirical,5,0.0482,0.3846,
shanty,13,9,window,empirical,empirical,5,0.0176,0.3846,
sheep,10,1,field grass,empirical,empirical,3,0.5261,0.3,
sheep,10,2,hill,empirical,empirical,4,0.4338,0.4,
sheep,10,3,field,empirical,empirical,4,0.3329,0.4,
sheep,10,4,house,empirical,empirical,3,0.2557,0.3,
sheep,10,5,fence,empirical,empirical,4,0.2526,0.4,
sheep,10,6,grass,empirical,empirical,4,0.1691,0.4,
sheep,10,7,tree,empirical,empirical,7,0.1284,0.7,
sheep,10,8,sky,empirical,empirical,7,0.0796,0.7,
sheep,10,9,building,empirical,empirical,3,0.0428,0.3,
shelf,1034,1,box,empirical,empirical,306,0.3976,0.2959,
shelf,1034,2,video,empirical,empirical,17,0.3633,0.0164,
shelf,1034,3,toy,empirical,empirical,73,0.361,0.0706,
shelf,1034,4,merchandise,empirical,empirical,21,0.3479,0.0203,
shelf,1034,5,french bread,empirical,empirical,16,0.3317,0.0155,
shelf,1034,6,bottle,empirical,empirical,188,0.3262,0.1818,
shelf,1034,7,shoe,empirical,empirical,46,0.3247,0.0445,
shelf,1034,8,boot,empirical,empirical,22,0.3184,0.0213,
shelf,1034,9,cash register,empirical,empirical,21,0.3091,0.0203,
shelf,1034,10,basket,empirical,empirical,138,0.3056,0.1335,
ship,45,1,deck,empirical,empirical,4,0.5375,0.0889,
ship,45,2,sea water,empirical,empirical,34,0.4857,0.7556,
ship,45,3,aircraft carrier,empirical,empirical,3,0.4199,0.0667,
ship,45,4,dock,empirical,empirical,5,0.4174,0.1111,
ship,45,5,crane,empirical,empirical,3,0.4118,0.0667,
ship,45,6,deck chair,empirical,empirical,5,0.4053,0.1111,
ship,45,7,aircraft,empirical,empirical,3,0.3937,0.0667,
ship,45,8,boat,empirical,empirical,6,0.295,0.1333,
ship,45,9,land,empirical,empirical,4,0.2656,0.0889,
ship,45,10,mountain,empirical,empirical,11,0.1557,0.2444,
shirt,68,1,trousers,empirical,empirical,34,0.8196,0.5,
shirt,68,2,sweater,empirical,empirical,20,0.7815,0.2941,
shirt,68,3,jacket,empirical,empirical,35,0.7421,0.5147,
shirt,68,4,dress,empirical,empirical,29,0.7421,0.4265,
shirt,68,5,skirt,empirical,empirical,10,0.7249,0.1471,
shirt,68,6,hanger,empirical,empirical,24,0.7012,0.3529,
shirt,68,7,t-shirt,empirical,empirical,17,0.681,0.25,
shirt,68,8,shoe,empirical,empirical,30,0.6715,0.4412,
shirt,68,9,closet,empirical,empirical,10,0.6365,0.1471,
shirt,68,10,clothes,empirical,empirical,19,0.5741,0.2794,
shoe,102,1,boot,empirical,empirical,26,0.7173,0.2549,
shoe,102,2,shirt,empirical,empirical,30,0.6715,0.2941,
shoe,102,3,sweater,empirical,empirical,16,0.6642,0.1569,
shoe,102,4,trousers,empirical,empirical,21,0.6245,0.2059,
shoe,102,5,skirt,empirical,empirical,8,0.62,0.0784,
shoe,102,6,dress,empirical,empirical,23,0.6172,0.2255,
shoe,102,7,purse,empirical,empirical,32,0.5994,0.3137,
shoe,102,8,hanger,empirical,empirical,19,0.5809,0.1863,
shoe,102,9,sneaker,empirical,empirical,14,0.5761,0.1373,
shoe,102,10,jacket,empirical,empirical,20,0.5336,0.1961,
shop,20,1,escalator,empirical,empirical,6,0.6005,0.3,
shop,20,2,stand,empirical,empirical,8,0.3899,0.4,
shop,20,3,person walking,empirical,empirical,9,0.3488,0.45,
shop,20,4,railing,empirical,empirical,7,0.3161,0.35,
shop,20,5,person standing,empirical,empirical,8,0.2846,0.4,
shop,20,6,text,empirical,empirical,4,0.2633,0.2,
shop,20,7,column,empirical,empirical,6,0.2498,0.3,
shop,20,8,person,empirical,empirical,12,0.2058,0.6,
shop,20,9,ceiling lamp,empirical,empirical,8,0.1145,0.4,
shop,20,10,sign,empirical,empirical,3,0.1109,0.15,
shop window,131,1,brand name,empirical,empirical,24,0.5437,0.1832,
shop window,131,2,awning,empirical,empirical,35,0.4955,0.2672,
shop window,131,3,sidewalk,empirical,empirical,95,0.4669,0.7252,
shop window,131,4,fire hydrant,empirical,empirical,5,0.4469,0.0382,
shop window,131,5,badge,empirical,empirical,4,0.4329,0.0305,
shop window,131,6,balcony,empirical,empirical,27,0.4197,0.2061,
shop window,131,7,covered balcony,empirical,empirical,5,0.419,0.0382,
shop window,131,8,pane,empirical,empirical,24,0.4111,0.1832,
shop window,131,9,text,empirical,empirical,33,0.3917,0.2519,
shop window,131,10,van side,empirical,empirical,3,0.3758,0.0229,
showcase,146,1,cake,empirical,empirical,27,0.642,0.1849,
showcase,146,2,french bread,empirical,empirical,17,0.6322,0.1164,
showcase,146,3,cooky,empirical,empirical,10,0.6085,0.0685,
showcase,146,4,loaf,empirical,empirical,16,0.6005,0.1096,
showcase,146,5,price,empirical,empirical,10,0.5976,0.0685,
showcase,146,6,bread roll,empirical,empirical,10,0.5609,0.0685,
showcase,146,7,cash register,empirical,empirical,14,0.5136,0.0959,
showcase,146,8,counter,empirical,empirical,40,0.4445,0.274,
showcase,146,9,candy,empirical,empirical,4,0.44,0.0274,
showcase,146,10,bulletin board,empirical,empirical,27,0.432,0.1849,
shower,99,1,shower screen,empirical,empirical,24,0.5872,0.2424,
shower,99,2,toilet,empirical,empirical,46,0.5625,0.4646,
shower,99,3,bathtube,empirical,empirical,32,0.561,0.3232,
shower,99,4,rail,empirical,empirical,11,0.5005,0.1111,
shower,99,5,stall shower,empirical,empirical,9,0.4977,0.0909,
shower,99,6,tap wrench,empirical,empirical,9,0.4938,0.0909,
shower,99,7,shower curtain,empirical,empirical,5,0.4899,0.0505,
shower,99,8,towel,empirical,empirical,37,0.4733,0.3737,
shower,99,9,washbasin,empirical,empirical,34,0.4648,0.3434,
shower,99,10,countertop,empirical,empirical,25,0.4599,0.2525,
shower curtain,15,1,towel rack,empirical,empirical,5,0.5912,0.3333,
shower curtain,15,2,soap dish,empirical,empirical,4,0.5627,0.2667,
shower curtain,15,3,bathtub,empirical,empirical,6,0.5354,0.4,
shower curtain,15,4,soap,empirical,empirical,5,0.5297,0.3333,
shower curtain,15,5,tube,empirical,empirical,3,0.5296,0.2,
shower curtain,15,6,toilet,empirical,empirical,10,0.4945,0.6667,
shower curtain,15,7,shower,empirical,empirical,5,0.4899,0.3333,
shower curtain,15,8,towel,empirical,empirical,11,0.4872,0.7333,
shower curtain,15,9,countertop,empirical,empirical,7,0.4636,0.4667,
shower curtain,15,10,toilet paper,empirical,empirical,4,0.452,0.2667,
shower screen,83,1,stall shower,empirical,empirical,22,0.7298,0.2651,
shower screen,83,2,washbasin,empirical,empirical,54,0.6166,0.6506,
shower screen,83,3,toilet,empirical,empirical,50,0.6162,0.6024,
shower screen,83,4,bathtube,empirical,empirical,35,0.6131,0.4217,
shower screen,83,5,shower,empirical,empirical,24,0.5872,0.2892,
shower screen,83,6,tap wrench,empirical,empirical,11,0.5597,0.1325,
shower screen,83,7,countertop,empirical,empirical,27,0.5055,0.3253,
shower screen,83,8,towel,empirical,empirical,35,0.4889,0.4217,
shower screen,83,9,ledge,empirical,empirical,3,0.4689,0.0361,
shower screen,83,10,soap dispenser,empirical,empirical,11,0.4677,0.1325,
shrub,82,1,sand dune,empirical,empirical,3,0.3725,0.0366,
shrub,82,2,sand beach,empirical,empirical,10,0.3258,0.122,
shrub,82,3,mountain,empirical,empirical,32,0.2588,0.3902,
shrub,82,4,sea water,empirical,empirical,18,0.256,0.2195,
shrub,82,5,rock,empirical,empirical,11,0.2432,0.1341,
shrub,82,6,hill,empirical,empirical,6,0.2392,0.0732,
shrub,82,7,river water,empirical,empirical,7,0.2147,0.0854,
shrub,82,8,rocky mountain,empirical,empirical,5,0.2133,0.061,
shrub,82,9,field,empirical,empirical,10,0.2122,0.122,
shrub,82,10,embankment,empirical,empirical,3,0.2073,0.0366,
shutter,72,1,pottery,empirical,empirical,3,0.2943,0.0417,
shutter,72,2,motorbike,empirical,empirical,3,0.292,0.0417,
shutter,72,3,balcony,empirical,empirical,8,0.27,0.1111,
shutter,72,4,trash can,empirical,empirical,4,0.2507,0.0556,
shutter,72,5,pipe,empirical,empirical,5,0.2389,0.0694,
shutter,72,6,heater,empirical,empirical,3,0.2251,0.0417,
shutter,72,7,house,empirical,empirical,12,0.223,0.1667,
shutter,72,8,chimney,empirical,empirical,3,0.2073,0.0417,
shutter,72,9,blanket,empirical,empirical,3,0.202,0.0417,
shutter,72,10,chandelier,empirical,empirical,6,0.1779,0.0833,
side table,207,1,sofa,empirical,empirical,87,0.4702,0.4203,
side table,207,2,brochure,empirical,empirical,14,0.4499,0.0676,
side table,207,3,coffee table,empirical,empirical,56,0.4385,0.2705,
side table,207,4,armchair,empirical,empirical,79,0.4125,0.3816,
side table,207,5,magazine,empirical,empirical,28,0.4064,0.1353,
side table,207,6,fireplace,empirical,empirical,24,0.3524,0.1159,
side table,207,7,candleholder,empirical,empirical,16,0.3511,0.0773,
side table,207,8,magazine rack,empirical,empirical,3,0.3308,0.0145,
side table,207,9,candle,empirical,empirical,17,0.3261,0.0821,
side table,207,10,cushion,empirical,empirical,65,0.3239,0.314,
sideboard,74,1,chandelier,empirical,empirical,26,0.4452,0.3514,
sideboard,74,2,candleholder,empirical,empirical,11,0.4234,0.1486,
sideboard,74,3,plate,empirical,empirical,21,0.3856,0.2838,
sideboard,74,4,table,empirical,empirical,71,0.3788,0.9595,
sideboard,74,5,place mat,empirical,empirical,5,0.3618,0.0676,
sideboard,74,6,bouquet,empirical,empirical,9,0.3452,0.1216,
sideboard,74,7,pottery,empirical,empirical,4,0.3362,0.0541,
sideboard,74,8,cup,empirical,empirical,10,0.3335,0.1351,
sideboard,74,9,candle,empirical,empirical,8,0.33,0.1081,
sideboard,74,10,chair,empirical,empirical,69,0.3281,0.9324,
sidewalk,1024,1,road,empirical,empirical,738,0.5974,0.7207,
sidewalk,1024,2,building,empirical,empirical,927,0.5275,0.9053,
sidewalk,1024,3,car,empirical,empirical,491,0.5066,0.4795,
sidewalk,1024,4,shop window,empirical,empirical,95,0.4669,0.0928,
sidewalk,1024,5,person walking,empirical,empirical,237,0.4635,0.2314,
sidewalk,1024,6,awning,empirical,empirical,119,0.4488,0.1162,
sidewalk,1024,7,crosswalk,empirical,empirical,53,0.4478,0.0518,
sidewalk,1024,8,streetlight,empirical,empirical,240,0.4457,0.2344,
sidewalk,1024,9,traffic light,empirical,empirical,53,0.3919,0.0518,
sidewalk,1024,10,newsstand,empirical,empirical,10,0.3672,0.0098,
sidewalk cafe,19,1,umbrella,empirical,empirical,9,0.5951,0.4737,
sidewalk cafe,19,2,awning,empirical,empirical,6,0.4052,0.3158,
sidewalk cafe,19,3,bulletin board,empirical,empirical,5,0.3851,0.2632,
sidewalk cafe,19,4,person sitting,empirical,empirical,12,0.3546,0.6316,
sidewalk cafe,19,5,balcony,empirical,empirical,3,0.2802,0.1579,
sidewalk cafe,19,6,text,empirical,empirical,4,0.2695,0.2105,
sidewalk cafe,19,7,table,empirical,empirical,14,0.2528,0.7368,
sidewalk cafe,19,8,person standing,empirical,empirical,5,0.2156,0.2632,
sidewalk cafe,19,9,building,empirical,empirical,17,0.2148,0.8947,
sidewalk cafe,19,10,chair,empirical,empirical,11,0.1786,0.5789,
sign,876,1,central reservation,empirical,empirical,77,0.4352,0.0879,
sign,876,2,road,empirical,empirical,446,0.413,0.5091,
sign,876,3,car,empirical,empirical,325,0.3851,0.371,
sign,876,4,car rear,empirical,empirical,37,0.3743,0.0422,
sign,876,5,streetlight,empirical,empirical,162,0.3547,0.1849,
sign,876,6,sidewalk,empirical,empirical,235,0.3295,0.2683,
sign,876,7,traffic light,empirical,empirical,35,0.3224,0.04,
sign,876,8,bridge,empirical,empirical,53,0.3166,0.0605,
sign,876,9,fire hydrant,empirical,empirical,9,0.3054,0.0103,
sign,876,10,telephone booth,empirical,empirical,7,0.3002,0.008,
sink,577,1,worktop,empirical,empirical,387,0.7967,0.6707,
sink,577,2,faucet,empirical,empirical,452,0.7775,0.7834,
sink,577,3,stove,empirical,empirical,308,0.7381,0.5338,
sink,577,4,dishwasher,empirical,empirical,167,0.6778,0.2894,
sink,577,5,extractor hood,empirical,empirical,147,0.6203,0.2548,
sink,577,6,microwave,empirical,empirical,163,0.6098,0.2825,
sink,577,7,oven,empirical,empirical,124,0.5883,0.2149,
sink,577,8,refrigerator,empirical,empirical,166,0.5834,0.2877,
sink,577,9,coffee maker,empirical,empirical,95,0.5548,0.1646,
sink,577,10,cabinet,empirical,empirical,502,0.5534,0.87,
skeleton,10,1,column,empirical,empirical,4,0.2724,0.4,
skeleton,10,2,railing,empirical,empirical,3,0.2666,0.3,
skeleton,10,3,fence,empirical,empirical,3,0.2103,0.3,
skeleton,10,4,person,empirical,empirical,4,0.129,0.4,
skeleton,10,5,ceiling,empirical,empirical,6,0.075,0.6,
skeleton,10,6,wall,empirical,empirical,10,0.0745,1.0,
skeleton,10,7,ceiling lamp,empirical,empirical,3,0.0675,0.3,
skeleton,10,8,floor,empirical,empirical,8,0.0654,0.8,
skeleton,10,9,window,empirical,empirical,5,0.0504,0.5,
skirt,11,1,sweater,empirical,empirical,6,0.7402,0.5455,
skirt,11,2,shirt,empirical,empirical,10,0.7249,0.9091,
skirt,11,3,trousers,empirical,empirical,8,0.712,0.7273,
skirt,11,4,closet,empirical,empirical,4,0.6756,0.3636,
skirt,11,5,purse,empirical,empirical,9,0.6261,0.8182,
skirt,11,6,dress,empirical,empirical,6,0.6241,0.5455,
skirt,11,7,shoe,empirical,empirical,8,0.62,0.7273,
skirt,11,8,boot,empirical,empirical,4,0.5973,0.3636,
skirt,11,9,hanger,empirical,empirical,5,0.5954,0.4545,
skirt,11,10,jacket,empirical,empirical,6,0.5823,0.5455,
skittle,11,1,bowling alley,empirical,empirical,4,0.7658,0.3636,
skittle,11,2,ball,empirical,empirical,6,0.5006,0.5455,
skittle,11,3,person,empirical,empirical,4,0.1174,0.3636,
skittle,11,4,ceiling lamp,empirical,empirical,4,0.0932,0.3636,
skittle,11,5,wall,empirical,empirical,10,0.0614,0.9091,
skittle,11,6,ceiling,empirical,empirical,5,0.0386,0.4545,
skittle,11,7,floor,empirical,empirical,7,0.0345,0.6364,
sky,5706,1,tree,empirical,empirical,3289,0.5206,0.5764,
sky,5706,2,building,empirical,empirical,2680,0.4716,0.4697,
sky,5706,3,road,empirical,empirical,1535,0.3572,0.269,
sky,5706,4,mountain,empirical,empirical,1104,0.341,0.1935,
sky,5706,5,grass,empirical,empirical,1211,0.3009,0.2122,
sky,5706,6,car,empirical,empirical,1050,0.2913,0.184,
sky,5706,7,streetlight,empirical,empirical,522,0.2687,0.0915,
sky,5706,8,ground,empirical,empirical,894,0.26,0.1567,
sky,5706,9,sea water,empirical,empirical,529,0.2571,0.0927,
sky,5706,10,sidewalk,empirical,empirical,808,0.2501,0.1416,
skylight,38,1,beam,empirical,empirical,3,0.2586,0.0789,
skylight,38,2,wardrobe,empirical,empirical,4,0.2152,0.1053,
skylight,38,3,ceiling,empirical,empirical,35,0.1675,0.9211,
skylight,38,4,washbasin,empirical,empirical,3,0.1598,0.0789,
skylight,38,5,railing,empirical,empirical,4,0.1487,0.1053,
skylight,38,6,television,empirical,empirical,3,0.1453,0.0789,
skylight,38,7,column,empirical,empirical,5,0.1412,0.1316,
skylight,38,8,sofa,empirical,empirical,4,0.1261,0.1053,
skylight,38,9,seat,empirical,empirical,3,0.1071,0.0789,
skylight,38,10,ceiling lamp,empirical,empirical,13,0.1002,0.3421,
skyscraper,327,1,aerial,empirical,empirical,27,0.4929,0.0826,
skyscraper,327,2,city,empirical,empirical,9,0.477,0.0275,
skyscraper,327,3,mast,empirical,empirical,8,0.4655,0.0245,
skyscraper,327,4,quay,empirical,empirical,6,0.4238,0.0183,
skyscraper,327,5,river water,empirical,empirical,51,0.3957,0.156,
skyscraper,327,6,dock,empirical,empirical,18,0.3924,0.055,
skyscraper,327,7,building,empirical,empirical,301,0.38,0.9205,
skyscraper,327,8,bridge,empirical,empirical,22,0.2902,0.0673,
skyscraper,327,9,cars side,empirical,empirical,6,0.2712,0.0183,
skyscraper,327,10,crane,empirical,empirical,5,0.2542,0.0153,
sliding door,43,1,fireplace,empirical,empirical,4,0.249,0.093,
sliding door,43,2,ceiling fan,empirical,empirical,4,0.2368,0.093,
sliding door,43,3,coffee table,empirical,empirical,6,0.2287,0.1395,
sliding door,43,4,cushion,empirical,empirical,10,0.2,0.2326,
sliding door,43,5,pane,empirical,empirical,3,0.1974,0.0698,
sliding door,43,6,double door,empirical,empirical,4,0.1927,0.093,
sliding door,43,7,plant pot,empirical,empirical,7,0.1816,0.1628,
sliding door,43,8,rug,empirical,empirical,5,0.1702,0.1163,
sliding door,43,9,desk lamp,empirical,empirical,12,0.1691,0.2791,
sliding door,43,10,sofa,empirical,empirical,6,0.1686,0.1395,
slipper,14,1,dresser,empirical,empirical,3,0.5066,0.2143,
slipper,14,2,bouquet,empirical,empirical,3,0.3672,0.2143,
slipper,14,3,wardrobe,empirical,empirical,3,0.2913,0.2143,
slipper,14,4,rug,empirical,empirical,4,0.2748,0.2857,
slipper,14,5,night table,empirical,empirical,6,0.2679,0.4286,
slipper,14,6,bed,empirical,empirical,9,0.2652,0.6429,
slipper,14,7,pillow,empirical,empirical,5,0.2641,0.3571,
slipper,14,8,mirror,empirical,empirical,5,0.2364,0.3571,
slipper,14,9,vase,empirical,empirical,4,0.2095,0.2857,
slipper,14,10,picture,empirical,empirical,5,0.2062,0.3571,
slope,27,1,car rear,empirical,empirical,5,0.4653,0.1852,
slope,27,2,bridge,empirical,empirical,8,0.448,0.2963,
slope,27,3,central reservation,empirical,empirical,4,0.3423,0.1481,
slope,27,4,truck,empirical,empirical,5,0.3238,0.1852,
slope,27,5,mountain,empirical,empirical,17,0.3052,0.6296,
slope,27,6,river water,empirical,empirical,4,0.2671,0.1481,
slope,27,7,road,empirical,empirical,17,0.2454,0.6296,
slope,27,8,fence,empirical,empirical,8,0.236,0.2963,
slope,27,9,sign,empirical,empirical,9,0.2349,0.3333,
slope,27,10,field,empirical,empirical,4,0.2122,0.1481,
slot machine,30,1,bar,empirical,empirical,5,0.3628,0.1667,
slot machine,30,2,monitor,empirical,empirical,3,0.3566,0.1,
slot machine,30,3,stool,empirical,empirical,8,0.3336,0.2667,
slot machine,30,4,person sitting,empirical,empirical,15,0.3323,0.5,
slot machine,30,5,person standing,empirical,empirical,9,0.2504,0.3,
slot machine,30,6,person walking,empirical,empirical,6,0.2271,0.2,
slot machine,30,7,column,empirical,empirical,7,0.222,0.2333,
slot machine,30,8,chandelier,empirical,empirical,3,0.1848,0.1,
slot machine,30,9,fluorescent tube,empirical,empirical,3,0.1819,0.1,
slot machine,30,10,chair,empirical,empirical,16,0.1764,0.5333,
small table,105,1,bouquet,empirical,empirical,39,0.6178,0.3714,
small table,105,2,decoration,empirical,empirical,15,0.5384,0.1429,
small table,105,3,picture frame,empirical,empirical,12,0.485,0.1143,
small table,105,4,air vent,empirical,empirical,6,0.4468,0.0571,
small table,105,5,sofa,empirical,empirical,50,0.4465,0.4762,
small table,105,6,armchair,empirical,empirical,53,0.4328,0.5048,
small table,105,7,ottoman,empirical,empirical,19,0.4322,0.181,
small table,105,8,rug,empirical,empirical,36,0.4051,0.3429,
small table,105,9,candle,empirical,empirical,15,0.4003,0.1429,
small table,105,10,blanket,empirical,empirical,13,0.3984,0.1238,
smoke,18,1,volcano,empirical,empirical,5,0.6872,0.2778,
smoke,18,2,chimney,empirical,empirical,9,0.5729,0.5,
smoke,18,3,pylon,empirical,empirical,3,0.5558,0.1667,
smoke,18,4,grass,empirical,empirical,6,0.1545,0.3333,
smoke,18,5,building,empirical,empirical,10,0.1341,0.5556,
smoke,18,6,road,empirical,empirical,6,0.1315,0.3333,
smoke,18,7,mountain,empirical,empirical,4,0.125,0.2222,
smoke,18,8,sky,empirical,empirical,16,0.1242,0.8889,
smoke,18,9,ground,empirical,empirical,3,0.0934,0.1667,
smoke,18,10,tree,empirical,empirical,9,0.0874,0.5,
sneaker,37,1,shoe,empirical,empirical,14,0.5761,0.3784,
sneaker,37,2,boot,empirical,empirical,5,0.4904,0.1351,
sneaker,37,3,trousers,empirical,empirical,5,0.46,0.1351,
sneaker,37,4,t-shirt,empirical,empirical,4,0.4594,0.1081,
sneaker,37,5,sweater,empirical,empirical,3,0.4562,0.0811,
sneaker,37,6,purse,empirical,empirical,8,0.4398,0.2162,
sneaker,37,7,hanger,empirical,empirical,4,0.4048,0.1081,
sneaker,37,8,dress,empirical,empirical,4,0.3967,0.1081,
sneaker,37,9,backpack,empirical,empirical,5,0.381,0.1351,
sneaker,37,10,folder,empirical,empirical,3,0.3615,0.0811,
snow,86,1,snowy ground,empirical,empirical,10,0.4679,0.1163,
snow,86,2,cloudy sky,empirical,empirical,5,0.4252,0.0581,
snow,86,3,rocky mountain,empirical,empirical,12,0.3555,0.1395,
snow,86,4,snowy mountain,empirical,empirical,16,0.3325,0.186,
snow,86,5,mountain,empirical,empirical,38,0.287,0.4419,
snow,86,6,hous,empirical,empirical,3,0.2625,0.0349,
snow,86,7,river water,empirical,empirical,7,0.2085,0.0814,
snow,86,8,house,empirical,empirical,11,0.1837,0.1279,
snow,86,9,hill,empirical,empirical,4,0.1724,0.0465,
snow,86,10,rock,empirical,empirical,7,0.1638,0.0814,
snow covered ground,12,1,snowy mountain,empirical,empirical,6,0.4172,0.5,
snow covered ground,12,2,mountain,empirical,empirical,6,0.2351,0.5,
snow covered ground,12,3,sky,empirical,empirical,12,0.1357,1.0,
snow covered ground,12,4,tree,empirical,empirical,8,0.1242,0.6667,
snowy ground,57,1,igloo,empirical,empirical,6,0.6348,0.1053,
snowy ground,57,2,snow,empirical,empirical,10,0.4679,0.1754,
snowy ground,57,3,snowy mountain,empirical,empirical,17,0.405,0.2982,
snowy ground,57,4,house,empirical,empirical,17,0.3203,0.2982,
snowy ground,57,5,hut,empirical,empirical,3,0.3007,0.0526,
snowy ground,57,6,balcony,empirical,empirical,7,0.2784,0.1228,
snowy ground,57,7,tree trunk,empirical,empirical,5,0.1886,0.0877,
snowy ground,57,8,fence,empirical,empirical,11,0.1871,0.193,
snowy ground,57,9,tree,empirical,empirical,42,0.1762,0.7368,
snowy ground,57,10,sky,empirical,empirical,46,0.1301,0.807,
snowy mountain,287,1,mountain pass,empirical,empirical,6,0.4172,0.0209,
snowy mountain,287,2,snow covered ground,empirical,empirical,6,0.4172,0.0209,
snowy mountain,287,3,snowy ground,empirical,empirical,17,0.405,0.0592,
snowy mountain,287,4,fog bank,empirical,empirical,5,0.3749,0.0174,
snowy mountain,287,5,plain,empirical,empirical,6,0.334,0.0209,
snowy mountain,287,6,snow,empirical,empirical,16,0.3325,0.0557,
snowy mountain,287,7,mountain,empirical,empirical,104,0.3052,0.3624,
snowy mountain,287,8,valley,empirical,empirical,5,0.3036,0.0174,
snowy mountain,287,9,rocky mountain,empirical,empirical,22,0.2967,0.0767,
snowy mountain,287,10,ice,empirical,empirical,6,0.2959,0.0209,
soap,72,1,soap dish,empirical,empirical,19,0.6926,0.2639,
soap,72,2,toothbrush,empirical,empirical,6,0.6172,0.0833,
soap,72,3,drain,empirical,empirical,5,0.5684,0.0694,
soap,72,4,towel,empirical,empirical,43,0.5655,0.5972,
soap,72,5,countertop,empirical,empirical,29,0.5455,0.4028,
soap,72,6,washbasin,empirical,empirical,36,0.5315,0.5,
soap,72,7,shower curtain,empirical,empirical,5,0.5297,0.0694,
soap,72,8,bathtub,empirical,empirical,16,0.5263,0.2222,
soap,72,9,faucet,empirical,empirical,64,0.5222,0.8889,
soap,72,10,toilet paper,empirical,empirical,16,0.5169,0.2222,
soap bottle,28,1,dish rack,empirical,empirical,7,0.6386,0.25,
soap bottle,28,2,sponge,empirical,empirical,3,0.5965,0.1071,
soap bottle,28,3,cutting board,empirical,empirical,3,0.4889,0.1071,
soap bottle,28,4,dishcloth,empirical,empirical,6,0.4721,0.2143,
soap bottle,28,5,toaster,empirical,empirical,4,0.4543,0.1429,
soap bottle,28,6,knife,empirical,empirical,4,0.4306,0.1429,
soap bottle,28,7,washing machine,empirical,empirical,4,0.4027,0.1429,
soap bottle,28,8,dishwasher,empirical,empirical,7,0.3784,0.25,
soap bottle,28,9,sink,empirical,empirical,14,0.3677,0.5,
soap bottle,28,10,faucet,empirical,empirical,17,0.364,0.6071,
soap dish,39,1,soap,empirical,empirical,19,0.6926,0.4872,
soap dish,39,2,tap wrench,empirical,empirical,7,0.5663,0.1795,
soap dish,39,3,shower curtain,empirical,empirical,4,0.5627,0.1026,
soap dish,39,4,toothbrush,empirical,empirical,3,0.5576,0.0769,
soap dish,39,5,toilet,empirical,empirical,22,0.5286,0.5641,
soap dish,39,6,washbasin,empirical,empirical,23,0.5202,0.5897,
soap dish,39,7,bathtube,empirical,empirical,14,0.5095,0.359,
soap dish,39,8,plug,empirical,empirical,3,0.5024,0.0769,
soap dish,39,9,countertop,empirical,empirical,15,0.4868,0.3846,
soap dish,39,10,faucet,empirical,empirical,35,0.4718,0.8974,
soap dispenser,68,1,washbasin,empirical,empirical,51,0.6354,0.75,
soap dispenser,68,2,countertop,empirical,empirical,29,0.5547,0.4265,
soap dispenser,68,3,faucet,empirical,empirical,65,0.537,0.9559,
soap dispenser,68,4,toilet,empirical,empirical,31,0.5235,0.4559,
soap dispenser,68,5,stall shower,empirical,empirical,7,0.4976,0.1029,
soap dispenser,68,6,towel ring,empirical,empirical,4,0.4952,0.0588,
soap dispenser,68,7,towel,empirical,empirical,30,0.484,0.4412,
soap dispenser,68,8,cistern,empirical,empirical,8,0.4812,0.1176,
soap dispenser,68,9,bathtube,empirical,empirical,17,0.4708,0.25,
soap dispenser,68,10,paper roll,empirical,empirical,9,0.4695,0.1324,
sofa,560,1,coffee table,empirical,empirical,208,0.647,0.3714,
sofa,560,2,cushion,empirical,empirical,248,0.5134,0.4429,
sofa,560,3,armchair,empirical,empirical,201,0.4875,0.3589,
sofa,560,4,side table,empirical,empirical,87,0.4702,0.1554,
sofa,560,5,fireplace,empirical,empirical,79,0.4698,0.1411,
sofa,560,6,small table,empirical,empirical,50,0.4465,0.0893,
sofa,560,7,floor lamp,empirical,empirical,87,0.4275,0.1554,
sofa,560,8,ottoman,empirical,empirical,54,0.4005,0.0964,
sofa,560,9,television table,empirical,empirical,10,0.3942,0.0179,
sofa,560,10,end table,empirical,empirical,9,0.3937,0.0161,
spade,11,1,bucket,empirical,empirical,5,0.4213,0.4545,
spade,11,2,stone,empirical,empirical,3,0.3259,0.2727,
spade,11,3,person,empirical,empirical,7,0.199,0.6364,
spade,11,4,person sitting,empirical,empirical,3,0.1984,0.2727,
spade,11,5,ground,empirical,empirical,4,0.1914,0.3636,
spade,11,6,plant,empirical,empirical,5,0.1431,0.4545,
spade,11,7,tree,empirical,empirical,4,0.0401,0.3636,
speaker,73,1,synthesizer,empirical,empirical,7,0.604,0.0959,
speaker,73,2,keyboard,empirical,empirical,18,0.4309,0.2466,
speaker,73,3,guitar,empirical,empirical,4,0.4295,0.0548,
speaker,73,4,mouse pad,empirical,empirical,3,0.4288,0.0411,
speaker,73,5,projector,empirical,empirical,4,0.4245,0.0548,
speaker,73,6,piano,empirical,empirical,5,0.4187,0.0685,
speaker,73,7,mouse,empirical,empirical,10,0.3992,0.137,
speaker,73,8,screen,empirical,empirical,25,0.3968,0.3425,
speaker,73,9,cpu,empirical,empirical,9,0.3933,0.1233,
speaker,73,10,projection screen,empirical,empirical,6,0.3546,0.0822,
spice rack,11,1,knife set,empirical,empirical,3,0.5895,0.2727,
spice rack,11,2,teapot,empirical,empirical,5,0.5463,0.4545,
spice rack,11,3,pitcher,empirical,empirical,4,0.4801,0.3636,
spice rack,11,4,extractor hood,empirical,empirical,6,0.464,0.5455,
spice rack,11,5,dishcloth,empirical,empirical,3,0.462,0.2727,
spice rack,11,6,worktop,empirical,empirical,11,0.4591,1.0,
spice rack,11,7,kettle,empirical,empirical,3,0.4535,0.2727,
spice rack,11,8,dishwasher,empirical,empirical,5,0.4372,0.4545,
spice rack,11,9,refrigerator,empirical,empirical,6,0.4176,0.5455,
spice rack,11,10,microwave,empirical,empirical,5,0.4038,0.4545,
sponge,10,1,dish rack,empirical,empirical,3,0.5965,0.3,
sponge,10,2,soap bottle,empirical,empirical,3,0.5965,0.3,
sponge,10,3,rack,empirical,empirical,3,0.5703,0.3,
sponge,10,4,towel,empirical,empirical,6,0.4238,0.6,
sponge,10,5,candle,empirical,empirical,3,0.4118,0.3,
sponge,10,6,bottle,empirical,empirical,8,0.3862,0.8,
sponge,10,7,sink,empirical,empirical,7,0.3784,0.7,
sponge,10,8,oven,empirical,empirical,3,0.3704,0.3,
sponge,10,9,faucet,empirical,empirical,8,0.3642,0.8,
sponge,10,10,jar,empirical,empirical,3,0.3534,0.3,
spoon,28,1,fork,empirical,empirical,11,0.7063,0.3929,
spoon,28,2,bread,empirical,empirical,4,0.5808,0.1429,
spoon,28,3,napkin,empirical,empirical,12,0.5784,0.4286,
spoon,28,4,dish,empirical,empirical,3,0.4843,0.1071,
spoon,28,5,knife,empirical,empirical,5,0.4704,0.1786,
spoon,28,6,plate,empirical,empirical,14,0.4444,0.5,
spoon,28,7,bowl,empirical,empirical,11,0.4379,0.3929,
spoon,28,8,pitcher,empirical,empirical,6,0.4374,0.2143,
spoon,28,9,glass,empirical,empirical,9,0.3948,0.3214,
spoon,28,10,place mat,empirical,empirical,3,0.3942,0.1071,
spotlight,134,1,stage,empirical,empirical,15,0.4426,0.1119,
spotlight,134,2,runway,empirical,empirical,11,0.3771,0.0821,
spotlight,134,3,watchtower,empirical,empirical,3,0.3732,0.0224,
spotlight,134,4,airplane,empirical,empirical,8,0.311,0.0597,
spotlight,134,5,mezzanine,empirical,empirical,3,0.2961,0.0224,
spotlight,134,6,microphone,empirical,empirical,4,0.2906,0.0299,
spotlight,134,7,basketball hoop,empirical,empirical,3,0.2877,0.0224,
spotlight,134,8,grand piano,empirical,empirical,3,0.2877,0.0224,
spotlight,134,9,vending machine,empirical,empirical,4,0.2594,0.0299,
spotlight,134,10,metal shutter,empirical,empirical,3,0.2559,0.0224,
spray,11,1,bucket,empirical,empirical,3,0.336,0.2727,
spray,11,2,pot,empirical,empirical,4,0.3356,0.3636,
spray,11,3,bottle,empirical,empirical,6,0.323,0.5455,
spray,11,4,mirror,empirical,empirical,5,0.2665,0.4545,
spray,11,5,shelf,empirical,empirical,6,0.2645,0.5455,
spray,11,6,box,empirical,empirical,5,0.2469,0.4545,
spray,11,7,cabinet,empirical,empirical,5,0.1538,0.4545,
spray,11,8,painting,empirical,empirical,3,0.124,0.2727,
spray,11,9,chair,empirical,empirical,4,0.1001,0.3636,
spray,11,10,floor,empirical,empirical,10,0.0849,0.9091,
sprinkler,31,1,exit sign,empirical,empirical,5,0.5443,0.1613,
sprinkler,31,2,grille,empirical,empirical,5,0.3267,0.1613,
sprinkler,31,3,ceiling lamp,empirical,empirical,25,0.2444,0.8065,
sprinkler,31,4,side table,empirical,empirical,3,0.2288,0.0968,
sprinkler,31,5,telephone,empirical,empirical,3,0.2104,0.0968,
sprinkler,31,6,coffee table,empirical,empirical,4,0.2079,0.129,
sprinkler,31,7,poster,empirical,empirical,3,0.2007,0.0968,
sprinkler,31,8,screen,empirical,empirical,4,0.1899,0.129,
sprinkler,31,9,sconce,empirical,empirical,6,0.184,0.1935,
sprinkler,31,10,switch,empirical,empirical,3,0.1806,0.0968,
stage,79,1,grand piano,empirical,empirical,15,0.6641,0.1899,
stage,79,2,seat,empirical,empirical,54,0.5457,0.6835,
stage,79,3,mezzanine,empirical,empirical,8,0.5348,0.1013,
stage,79,4,organ,empirical,empirical,4,0.4548,0.0506,
stage,79,5,spotlight,empirical,empirical,15,0.4426,0.1899,
stage,79,6,projection screen,empirical,empirical,10,0.4384,0.1266,
stage,79,7,piano,empirical,empirical,5,0.4088,0.0633,
stage,79,8,wall spotlight,empirical,empirical,4,0.3169,0.0506,
stage,79,9,grandstand,empirical,empirical,7,0.3104,0.0886,
stage,79,10,stall,empirical,empirical,3,0.3035,0.038,
staircase,406,1,handrail,empirical,empirical,86,0.4888,0.2118,
staircase,406,2,railing,empirical,empirical,92,0.3906,0.2266,
staircase,406,3,mezzanine,empirical,empirical,8,0.3176,0.0197,
staircase,406,4,escalator,empirical,empirical,9,0.2823,0.0222,
staircase,406,5,wheel,empirical,empirical,6,0.274,0.0148,
staircase,406,6,track,empirical,empirical,7,0.2726,0.0172,
staircase,406,7,rope bridge,empirical,empirical,3,0.2713,0.0074,
staircase,406,8,stage,empirical,empirical,13,0.2561,0.032,
staircase,406,9,finger,empirical,empirical,5,0.255,0.0123,
staircase,406,10,column,empirical,empirical,68,0.2541,0.1675,
stall,43,1,vegetable,empirical,empirical,5,0.5463,0.1163,
stall,43,2,scale,empirical,empirical,4,0.4708,0.093,
stall,43,3,fish,empirical,empirical,4,0.4588,0.093,
stall,43,4,umbrella,empirical,empirical,5,0.376,0.1163,
stall,43,5,awning,empirical,empirical,9,0.3719,0.2093,
stall,43,6,clothes,empirical,empirical,4,0.3318,0.093,
stall,43,7,hat,empirical,empirical,3,0.3282,0.0698,
stall,43,8,box,empirical,empirical,22,0.3211,0.5116,
stall,43,9,fruit,empirical,empirical,3,0.308,0.0698,
stall,43,10,bicycle,empirical,empirical,3,0.3049,0.0698,
stall shower,34,1,shower screen,empirical,empirical,22,0.7298,0.6471,
stall shower,34,2,tap wrench,empirical,empirical,6,0.553,0.1765,
stall shower,34,3,washbasin,empirical,empirical,24,0.5516,0.7059,
stall shower,34,4,glass door,empirical,empirical,5,0.5455,0.1471,
stall shower,34,5,towel,empirical,empirical,23,0.5301,0.6765,
stall shower,34,6,countertop,empirical,empirical,15,0.5066,0.4412,
stall shower,34,7,shower,empirical,empirical,9,0.4977,0.2647,
stall shower,34,8,soap dispenser,empirical,empirical,7,0.4976,0.2059,
stall shower,34,9,bathtube,empirical,empirical,12,0.4961,0.3529,
stall shower,34,10,curtain rod,empirical,empirical,4,0.4697,0.1176,
stand,318,1,dummy,empirical,empirical,9,0.4119,0.0283,
stand,318,2,microphone,empirical,empirical,14,0.3985,0.044,
stand,318,3,shop,empirical,empirical,8,0.3899,0.0252,
stand,318,4,display stand,empirical,empirical,7,0.3794,0.022,
stand,318,5,clothes,empirical,empirical,20,0.3534,0.0629,
stand,318,6,video,empirical,empirical,6,0.3325,0.0189,
stand,318,7,clothes hook,empirical,empirical,10,0.3214,0.0314,
stand,318,8,wall spotlight,empirical,empirical,11,0.3085,0.0346,
stand,318,9,pack,empirical,empirical,7,0.3004,0.022,
stand,318,10,candy,empirical,empirical,3,0.3,0.0094,
statue,141,1,picture frame,empirical,empirical,13,0.46,0.0922,
statue,141,2,small table,empirical,empirical,15,0.394,0.1064,
statue,141,3,bouquet,empirical,empirical,16,0.3641,0.1135,
statue,141,4,decorative plate,empirical,empirical,3,0.3253,0.0213,
statue,141,5,decoration,empirical,empirical,6,0.3206,0.0426,
statue,141,6,altar,empirical,empirical,7,0.3201,0.0496,
statue,141,7,bookcase,empirical,empirical,14,0.3062,0.0993,
statue,141,8,candle,empirical,empirical,11,0.2993,0.078,
statue,141,9,phone,empirical,empirical,5,0.2881,0.0355,
statue,141,10,teapot,empirical,empirical,7,0.2815,0.0496,
steering wheel,19,1,dashboard,empirical,empirical,10,0.8568,0.5263,
steering wheel,19,2,windshield,empirical,empirical,9,0.7326,0.4737,
steering wheel,19,3,door handle,empirical,empirical,4,0.534,0.2105,
steering wheel,19,4,stick,empirical,empirical,3,0.5054,0.1579,
steering wheel,19,5,seat,empirical,empirical,12,0.4195,0.6316,
steering wheel,19,6,airplane,empirical,empirical,3,0.3894,0.1579,
steering wheel,19,7,boat,empirical,empirical,3,0.2909,0.1579,
steering wheel,19,8,screen,empirical,empirical,3,0.2072,0.1579,
steering wheel,19,9,door,empirical,empirical,10,0.1338,0.5263,
steering wheel,19,10,car,empirical,empirical,3,0.073,0.1579,
step,178,1,fire extinguisher,empirical,empirical,6,0.3181,0.0337,
step,178,2,bathtube,empirical,empirical,16,0.3172,0.0899,
step,178,3,tap wrench,empirical,empirical,5,0.3109,0.0281,
step,178,4,tube,empirical,empirical,4,0.2825,0.0225,
step,178,5,handle door,empirical,empirical,4,0.2653,0.0225,
step,178,6,jacuzzi,empirical,empirical,5,0.2638,0.0281,
step,178,7,countertop,empirical,empirical,12,0.2274,0.0674,
step,178,8,barrel,empirical,empirical,3,0.2081,0.0169,
step,178,9,washbasin,empirical,empirical,15,0.2064,0.0843,
step,178,10,sculpture,empirical,empirical,9,0.2041,0.0506,
steps,545,1,pulpit,empirical,empirical,16,0.4027,0.0294,
steps,545,2,altarpiece,empirical,empirical,12,0.38,0.022,
steps,545,3,altar,empirical,empirical,25,0.3714,0.0459,
steps,545,4,handrail,empirical,empirical,63,0.3504,0.1156,
steps,545,5,porch,empirical,empirical,5,0.3157,0.0092,
steps,545,6,attic,empirical,empirical,13,0.3039,0.0239,
steps,545,7,house,empirical,empirical,87,0.3005,0.1596,
steps,545,8,vault,empirical,empirical,10,0.2638,0.0183,
steps,545,9,stage,empirical,empirical,17,0.2624,0.0312,
steps,545,10,ramp,empirical,empirical,4,0.2597,0.0073,
stick,32,1,dashboard,empirical,empirical,3,0.5332,0.0938,
stick,32,2,steering wheel,empirical,empirical,3,0.5054,0.0938,
stick,32,3,windshield,empirical,empirical,3,0.448,0.0938,
stick,32,4,hut,empirical,empirical,3,0.3685,0.0938,
stick,32,5,water,empirical,empirical,6,0.2096,0.1875,
stick,32,6,rock,empirical,empirical,4,0.2048,0.125,
stick,32,7,stone,empirical,empirical,3,0.2006,0.0938,
stick,32,8,person,empirical,empirical,12,0.1399,0.375,
stick,32,9,ground,empirical,empirical,7,0.1391,0.2188,
stick,32,10,seat,empirical,empirical,3,0.1273,0.0938,
stone,255,1,bush,empirical,empirical,53,0.3801,0.2078,
stone,255,2,tree trunk fallen,empirical,empirical,4,0.3723,0.0157,
stone,255,3,tree trunk,empirical,empirical,40,0.3528,0.1569,
stone,255,4,river water,empirical,empirical,33,0.337,0.1294,
stone,255,5,covered bridge,empirical,empirical,3,0.3259,0.0118,
stone,255,6,spade,empirical,empirical,3,0.3259,0.0118,
stone,255,7,ground,empirical,empirical,88,0.2963,0.3451,
stone,255,8,water,empirical,empirical,48,0.2862,0.1882,
stone,255,9,gazebo,empirical,empirical,3,0.2618,0.0118,
stone,255,10,rocky wall,empirical,empirical,3,0.2557,0.0118,
stool,324,1,bar,empirical,empirical,47,0.4797,0.1451,
stool,324,2,grand piano,empirical,empirical,13,0.4302,0.0401,
stool,324,3,piano,empirical,empirical,14,0.4144,0.0432,
stool,324,4,open plan,empirical,empirical,7,0.3699,0.0216,
stool,324,5,kitchen island,empirical,empirical,18,0.3581,0.0556,
stool,324,6,slot machine,empirical,empirical,8,0.3336,0.0247,
stool,324,7,billiard table,empirical,empirical,27,0.3158,0.0833,
stool,324,8,arcade machine,empirical,empirical,12,0.3146,0.037,
stool,324,9,oven,empirical,empirical,24,0.2728,0.0741,
stool,324,10,wine glass,empirical,empirical,3,0.2695,0.0093,
stove,455,1,worktop,empirical,empirical,365,0.8324,0.8022,
stove,455,2,sink,empirical,empirical,308,0.7381,0.6769,
stove,455,3,extractor hood,empirical,empirical,172,0.7303,0.378,
stove,455,4,dishwasher,empirical,empirical,161,0.7166,0.3538,
stove,455,5,microwave,empirical,empirical,185,0.7102,0.4066,
stove,455,6,refrigerator,empirical,empirical,189,0.6846,0.4154,
stove,455,7,oven,empirical,empirical,126,0.6433,0.2769,
stove,455,8,kettle,empirical,empirical,70,0.613,0.1538,
stove,455,9,dishcloth,empirical,empirical,66,0.6088,0.1451,
stove,455,10,coffee maker,empirical,empirical,96,0.605,0.211,
straw,12,1,wall,empirical,empirical,10,0.0495,0.8333,
streetlight,557,1,road,empirical,empirical,375,0.4693,0.6732,
streetlight,557,2,car,empirical,empirical,279,0.4457,0.5009,
streetlight,557,3,sidewalk,empirical,empirical,240,0.4457,0.4309,
streetlight,557,4,building,empirical,empirical,474,0.4072,0.851,
streetlight,557,5,traffic light,empirical,empirical,35,0.3971,0.0628,
streetlight,557,6,car rear,empirical,empirical,25,0.3608,0.0449,
streetlight,557,7,sign,empirical,empirical,162,0.3547,0.2908,
streetlight,557,8,car front,empirical,empirical,5,0.3248,0.009,
streetlight,557,9,van,empirical,empirical,49,0.3237,0.088,
streetlight,557,10,central reservation,empirical,empirical,35,0.3232,0.0628,
stretcher,23,1,set of instrument,empirical,empirical,3,0.5981,0.1304,
stretcher,23,2,equipment,empirical,empirical,4,0.5601,0.1739,
stretcher,23,3,trolley,empirical,empirical,3,0.3754,0.1304,
stretcher,23,4,bucket,empirical,empirical,3,0.2494,0.1304,
stretcher,23,5,fluorescent tube,empirical,empirical,3,0.2131,0.1304,
stretcher,23,6,person,empirical,empirical,12,0.1862,0.5217,
stretcher,23,7,cabinet,empirical,empirical,10,0.1623,0.4348,
stretcher,23,8,curtain,empirical,empirical,6,0.1212,0.2609,
stretcher,23,9,ceiling lamp,empirical,empirical,9,0.1133,0.3913,
stretcher,23,10,floor,empirical,empirical,20,0.0871,0.8696,
stuffed animal head,13,1,sofa,empirical,empirical,5,0.2914,0.3846,
stuffed animal head,13,2,television,empirical,empirical,3,0.2712,0.2308,
stuffed animal head,13,3,picture,empirical,empirical,6,0.2438,0.4615,
stuffed animal head,13,4,armchair,empirical,empirical,3,0.195,0.2308,
stuffed animal head,13,5,cushion,empirical,empirical,3,0.1708,0.2308,
stuffed animal head,13,6,chair,empirical,empirical,7,0.1586,0.5385,
stuffed animal head,13,7,desk lamp,empirical,empirical,4,0.1584,0.3077,
stuffed animal head,13,8,ceiling,empirical,empirical,11,0.1289,0.8462,
stuffed animal head,13,9,ceiling lamp,empirical,empirical,6,0.1285,0.4615,
stuffed animal head,13,10,table,empirical,empirical,4,0.1082,0.3077,
suitcase,72,1,conveyor belt,empirical,empirical,17,0.6063,0.2361,
suitcase,72,2,check-in-desk,empirical,empirical,7,0.5968,0.0972,
suitcase,72,3,hand trolley,empirical,empirical,4,0.5375,0.0556,
suitcase,72,4,coat,empirical,empirical,4,0.4804,0.0556,
suitcase,72,5,skirt,empirical,empirical,3,0.4744,0.0417,
suitcase,72,6,baggage cart,empirical,empirical,6,0.4646,0.0833,
suitcase,72,7,trousers,empirical,empirical,8,0.4627,0.1111,
suitcase,72,8,dress,empirical,empirical,8,0.4368,0.1111,
suitcase,72,9,jacket,empirical,empirical,10,0.4359,0.1389,
suitcase,72,10,sweater,empirical,empirical,4,0.4262,0.0556,
sun,40,1,sea water,empirical,empirical,33,0.4977,0.825,
sun,40,2,cloud,empirical,empirical,6,0.4382,0.15,
sun,40,3,sand beach,empirical,empirical,8,0.3818,0.2,
sun,40,4,land,empirical,empirical,5,0.3156,0.125,
sun,40,5,boat,empirical,empirical,5,0.2803,0.125,
sun,40,6,rock,empirical,empirical,6,0.2387,0.15,
sun,40,7,mountain,empirical,empirical,12,0.1863,0.3,
sun,40,8,sky,empirical,empirical,40,0.1632,1.0,
sweater,25,1,shirt,empirical,empirical,20,0.7815,0.8,
sweater,25,2,trousers,empirical,empirical,16,0.7654,0.64,
sweater,25,3,skirt,empirical,empirical,6,0.7402,0.24,
sweater,25,4,t-shirt,empirical,empirical,10,0.6959,0.4,
sweater,25,5,dress,empirical,empirical,13,0.6857,0.52,
sweater,25,6,shoe,empirical,empirical,16,0.6642,0.64,
sweater,25,7,jacket,empirical,empirical,14,0.6568,0.56,
sweater,25,8,hanger,empirical,empirical,11,0.656,0.44,
sweater,25,9,wardrobe,empirical,empirical,19,0.5617,0.76,
sweater,25,10,purse,empirical,empirical,9,0.5155,0.36,
swimming pool,32,1,deck chair,empirical,empirical,15,0.6781,0.4688,
swimming pool,32,2,umbrella,empirical,empirical,7,0.4749,0.2188,
swimming pool,32,3,palm tree,empirical,empirical,9,0.4283,0.2812,
swimming pool,32,4,plant pot,empirical,empirical,6,0.1961,0.1875,
swimming pool,32,5,plant,empirical,empirical,16,0.1814,0.5,
swimming pool,32,6,house,empirical,empirical,4,0.1583,0.125,
swimming pool,32,7,bench,empirical,empirical,3,0.151,0.0938,
swimming pool,32,8,building,empirical,empirical,18,0.1476,0.5625,
swimming pool,32,9,sea water,empirical,empirical,4,0.1408,0.125,
swimming pool,32,10,mountain,empirical,empirical,7,0.132,0.2188,
switch,312,1,door frame,empirical,empirical,53,0.401,0.1699,
switch,312,2,outlet,empirical,empirical,106,0.401,0.3397,
switch,312,3,salt,empirical,empirical,5,0.3745,0.016,
switch,312,4,pepper,empirical,empirical,5,0.3385,0.016,
switch,312,5,worktop,empirical,empirical,66,0.3245,0.2115,
switch,312,6,candleholder,empirical,empirical,19,0.3244,0.0609,
switch,312,7,handle door,empirical,empirical,8,0.3072,0.0256,
switch,312,8,dishwasher,empirical,empirical,29,0.3062,0.0929,
switch,312,9,sink,empirical,empirical,63,0.3031,0.2019,
switch,312,10,knife set,empirical,empirical,6,0.3029,0.0192,
swivel chair,244,1,keyboard,empirical,empirical,75,0.5886,0.3074,
swivel chair,244,2,screen,empirical,empirical,104,0.5546,0.4262,
swivel chair,244,3,desk,empirical,empirical,120,0.5359,0.4918,
swivel chair,244,4,cpu,empirical,empirical,38,0.5272,0.1557,
swivel chair,244,5,mouse,empirical,empirical,34,0.4822,0.1393,
swivel chair,244,6,printer,empirical,empirical,24,0.4781,0.0984,
swivel chair,244,7,cubicle,empirical,empirical,11,0.4626,0.0451,
swivel chair,244,8,desk mat,empirical,empirical,6,0.4612,0.0246,
swivel chair,244,9,wastepaper basket,empirical,empirical,14,0.4591,0.0574,
swivel chair,244,10,folder,empirical,empirical,18,0.4437,0.0738,
synthesizer,14,1,speaker,empirical,empirical,7,0.604,0.5,
synthesizer,14,2,guitar,empirical,empirical,3,0.575,0.2143,
synthesizer,14,3,piano,empirical,empirical,3,0.5274,0.2143,
synthesizer,14,4,swivel chair,empirical,empirical,3,0.3028,0.2143,
synthesizer,14,5,screen,empirical,empirical,4,0.2865,0.2857,
synthesizer,14,6,desk,empirical,empirical,4,0.2485,0.2857,
synthesizer,14,7,person sitting,empirical,empirical,3,0.17,0.2143,
synthesizer,14,8,box,empirical,empirical,3,0.1438,0.2143,
synthesizer,14,9,ceiling lamp,empirical,empirical,5,0.0936,0.3571,
synthesizer,14,10,chair,empirical,empirical,4,0.0708,0.2857,
t-shirt,37,1,sweater,empirical,empirical,10,0.6959,0.2703,
t-shirt,37,2,shirt,empirical,empirical,17,0.681,0.4595,
t-shirt,37,3,trousers,empirical,empirical,13,0.6578,0.3514,
t-shirt,37,4,jacket,empirical,empirical,13,0.5838,0.3514,
t-shirt,37,5,dress,empirical,empirical,10,0.5717,0.2703,
t-shirt,37,6,hanger,empirical,empirical,8,0.534,0.2162,
t-shirt,37,7,shoe,empirical,empirical,10,0.5036,0.2703,
t-shirt,37,8,clothes,empirical,empirical,8,0.4742,0.2162,
t-shirt,37,9,cap,empirical,empirical,4,0.4628,0.1081,
t-shirt,37,10,sneaker,empirical,empirical,4,0.4594,0.1081,
table,1896,1,chair,empirical,empirical,1260,0.5759,0.6646,
table,1896,2,plate,empirical,empirical,224,0.3943,0.1181,
table,1896,3,sideboard,empirical,empirical,71,0.3788,0.0374,
table,1896,4,napkin,empirical,empirical,86,0.364,0.0454,
table,1896,5,chandelier,empirical,empirical,183,0.3492,0.0965,
table,1896,6,fork,empirical,empirical,35,0.3368,0.0185,
table,1896,7,place mat,empirical,empirical,48,0.3333,0.0253,
table,1896,8,vase,empirical,empirical,337,0.3291,0.1777,
table,1896,9,cup,empirical,empirical,104,0.3092,0.0549,
table,1896,10,flower,empirical,empirical,313,0.3061,0.1651,
table football,44,1,air hockey table,empirical,empirical,12,0.769,0.2727,
table football,44,2,billiard table,empirical,empirical,27,0.6317,0.6136,
table football,44,3,table tennis,empirical,empirical,9,0.6284,0.2045,
table football,44,4,arcade machine,empirical,empirical,9,0.5327,0.2045,
table football,44,5,cue,empirical,empirical,6,0.4278,0.1364,
table football,44,6,net,empirical,empirical,4,0.3737,0.0909,
table football,44,7,television,empirical,empirical,13,0.3626,0.2955,
table football,44,8,ball,empirical,empirical,7,0.35,0.1591,
table football,44,9,sofa,empirical,empirical,17,0.3447,0.3864,
table football,44,10,door frame,empirical,empirical,8,0.3094,0.1818,
table tennis,29,1,table football,empirical,empirical,9,0.6284,0.3103,
table tennis,29,2,billiard table,empirical,empirical,18,0.5953,0.6207,
table tennis,29,3,ball,empirical,empirical,9,0.4519,0.3103,
table tennis,29,4,vending machine,empirical,empirical,4,0.4454,0.1379,
table tennis,29,5,net,empirical,empirical,4,0.4244,0.1379,
table tennis,29,6,fire extinguisher,empirical,empirical,3,0.4239,0.1034,
table tennis,29,7,arcade machine,empirical,empirical,3,0.384,0.1034,
table tennis,29,8,television,empirical,empirical,9,0.3513,0.3103,
table tennis,29,9,sofa,empirical,empirical,10,0.3041,0.3448,
table tennis,29,10,floor lamp,empirical,empirical,5,0.288,0.1724,
tallboy,10,1,bed,empirical,empirical,8,0.2901,0.8,
tallboy,10,2,mirror,empirical,empirical,3,0.2017,0.3,
tallboy,10,3,box,empirical,empirical,3,0.1833,0.3,
tallboy,10,4,painting,empirical,empirical,4,0.1749,0.4,
tallboy,10,5,shelf,empirical,empirical,3,0.1728,0.3,
tallboy,10,6,desk lamp,empirical,empirical,3,0.15,0.3,
tallboy,10,7,table,empirical,empirical,3,0.1016,0.3,
tallboy,10,8,floor,empirical,empirical,10,0.0979,1.0,
tallboy,10,9,wall,empirical,empirical,10,0.0745,1.0,
tallboy,10,10,chair,empirical,empirical,3,0.0742,0.3,
tank,53,1,barrel,empirical,empirical,3,0.3503,0.0566,
tank,53,2,pipe,empirical,empirical,6,0.3069,0.1132,
tank,53,3,tower,empirical,empirical,3,0.2689,0.0566,
tank,53,4,bucket,empirical,empirical,5,0.2249,0.0943,
tank,53,5,switch,empirical,empirical,5,0.189,0.0943,
tank,53,6,pole,empirical,empirical,5,0.157,0.0943,
tank,53,7,staircase,empirical,empirical,5,0.1561,0.0943,
tank,53,8,ground,empirical,empirical,11,0.1405,0.2075,
tank,53,9,box,empirical,empirical,9,0.1338,0.1698,
tank,53,10,person,empirical,empirical,16,0.114,0.3019,
tap wrench,35,1,bathtube,empirical,empirical,22,0.6307,0.6286,
tap wrench,35,2,washbasin,empirical,empirical,27,0.5759,0.7714,
tap wrench,35,3,soap dish,empirical,empirical,7,0.5663,0.2,
tap wrench,35,4,shower screen,empirical,empirical,11,0.5597,0.3143,
tap wrench,35,5,stall shower,empirical,empirical,6,0.553,0.1714,
tap wrench,35,6,countertop,empirical,empirical,17,0.5302,0.4857,
tap wrench,35,7,bidet,empirical,empirical,4,0.5,0.1143,
tap wrench,35,8,shower,empirical,empirical,9,0.4938,0.2571,
tap wrench,35,9,faucet,empirical,empirical,34,0.4825,0.9714,
tap wrench,35,10,toilet paper,empirical,empirical,7,0.4475,0.2,
tapestry,40,1,candle,empirical,empirical,4,0.2927,0.1,
tapestry,40,2,side table,empirical,empirical,5,0.2753,0.125,
tapestry,40,3,sculpture,empirical,empirical,4,0.2669,0.1,
tapestry,40,4,radiator,empirical,empirical,3,0.2619,0.075,
tapestry,40,5,night table,empirical,empirical,12,0.2439,0.3,
tapestry,40,6,carpet,empirical,empirical,3,0.2423,0.075,
tapestry,40,7,coffee table,empirical,empirical,6,0.2379,0.15,
tapestry,40,8,ottoman,empirical,empirical,3,0.2351,0.075,
tapestry,40,9,desk lamp,empirical,empirical,16,0.2288,0.4,
tapestry,40,10,telephone,empirical,empirical,4,0.2218,0.1,
teapot,86,1,spice rack,empirical,empirical,5,0.5463,0.0581,
teapot,86,2,cutlery,empirical,empirical,5,0.5354,0.0581,
teapot,86,3,dishwasher,empirical,empirical,27,0.4953,0.314,
teapot,86,4,blender,empirical,empirical,5,0.4919,0.0581,
teapot,86,5,pitcher,empirical,empirical,16,0.4794,0.186,
teapot,86,6,stove,empirical,empirical,43,0.4788,0.5,
teapot,86,7,orange,empirical,empirical,5,0.4716,0.0581,
teapot,86,8,cup,empirical,empirical,22,0.4716,0.2558,
teapot,86,9,toaster,empirical,empirical,9,0.462,0.1047,
teapot,86,10,pepper,empirical,empirical,4,0.4588,0.0465,
teddy bear,64,1,cuddly toy,empirical,empirical,21,0.593,0.3281,
teddy bear,64,2,cradle,empirical,empirical,12,0.5221,0.1875,
teddy bear,64,3,toy,empirical,empirical,18,0.4913,0.2812,
teddy bear,64,4,doll,empirical,empirical,6,0.4758,0.0938,
teddy bear,64,5,mobile,empirical,empirical,3,0.4518,0.0469,
teddy bear,64,6,blanket,empirical,empirical,10,0.4159,0.1562,
teddy bear,64,7,chest of drawer,empirical,empirical,5,0.3354,0.0781,
teddy bear,64,8,music system,empirical,empirical,3,0.3338,0.0469,
teddy bear,64,9,drawer,empirical,empirical,14,0.3209,0.2188,
teddy bear,64,10,bunk bed,empirical,empirical,3,0.3105,0.0469,
telephone,242,1,desk organizer,empirical,empirical,14,0.4872,0.0579,
telephone,242,2,keyboard,empirical,empirical,44,0.4447,0.1818,
telephone,242,3,alarm clock,empirical,empirical,10,0.4391,0.0413,
telephone,242,4,night table,empirical,empirical,105,0.4249,0.4339,
telephone,242,5,headboard,empirical,empirical,11,0.4115,0.0455,
telephone,242,6,pen,empirical,empirical,14,0.4092,0.0579,
telephone,242,7,printer,empirical,empirical,17,0.4042,0.0702,
telephone,242,8,mouse,empirical,empirical,24,0.4033,0.0992,
telephone,242,9,wastepaper basket,empirical,empirical,10,0.3931,0.0413,
telephone,242,10,cpu,empirical,empirical,21,0.3906,0.0868,
telephone booth,12,1,pole,empirical,empirical,5,0.3425,0.4167,
telephone booth,12,2,streetlight,empirical,empirical,5,0.3021,0.4167,
telephone booth,12,3,sign,empirical,empirical,7,0.3002,0.5833,
telephone booth,12,4,sidewalk,empirical,empirical,6,0.2546,0.5,
telephone booth,12,5,car,empirical,empirical,7,0.2514,0.5833,
telephone booth,12,6,railing,empirical,empirical,3,0.2452,0.25,
telephone booth,12,7,column,empirical,empirical,3,0.2081,0.25,
telephone booth,12,8,road,empirical,empirical,6,0.1833,0.5,
telephone booth,12,9,person,empirical,empirical,6,0.1642,0.5,
telephone booth,12,10,building,empirical,empirical,8,0.1543,0.6667,
telescope,11,1,chair,empirical,empirical,5,0.1308,0.4545,
telescope,11,2,table,empirical,empirical,3,0.0904,0.2727,
telescope,11,3,person,empirical,empirical,3,0.0797,0.2727,
telescope,11,4,ceiling,empirical,empirical,4,0.0105,0.3636,
telescope,11,5,window,empirical,empirical,4,0.0103,0.3636,
television,344,1,television stand,empirical,empirical,35,0.623,0.1017,
television,344,2,television table,empirical,empirical,15,0.5466,0.0436,
television,344,3,remote control,empirical,empirical,25,0.4614,0.0727,
television,344,4,dvd,empirical,empirical,9,0.3885,0.0262,
television,344,5,billiard table,empirical,empirical,38,0.381,0.1105,
television,344,6,sofa,empirical,empirical,89,0.3777,0.2587,
television,344,7,cue,empirical,empirical,19,0.3663,0.0552,
television,344,8,table football,empirical,empirical,13,0.3626,0.0378,
television,344,9,table tennis,empirical,empirical,9,0.3513,0.0262,
television,344,10,coffee table,empirical,empirical,52,0.33,0.1512,
television stand,35,1,television,empirical,empirical,35,0.623,1.0,
television stand,35,2,small table,empirical,empirical,5,0.3768,0.1429,
television stand,35,3,remote control,empirical,empirical,3,0.3659,0.0857,
television stand,35,4,conference table,empirical,empirical,3,0.3619,0.0857,
television stand,35,5,sofa,empirical,empirical,13,0.326,0.3714,
television stand,35,6,floor lamp,empirical,empirical,6,0.294,0.1714,
television stand,35,7,magazine,empirical,empirical,4,0.2898,0.1143,
television stand,35,8,cushion,empirical,empirical,12,0.2595,0.3429,
television stand,35,9,carpet,empirical,empirical,3,0.258,0.0857,
television stand,35,10,book,empirical,empirical,10,0.2463,0.2857,
television table,15,1,television,empirical,empirical,15,0.5466,1.0,
television table,15,2,sofa,empirical,empirical,10,0.3942,0.6667,
television table,15,3,coffee table,empirical,empirical,6,0.3633,0.4,
television table,15,4,side table,empirical,empirical,3,0.314,0.2,
television table,15,5,picture,empirical,empirical,10,0.3111,0.6667,
television table,15,6,armchair,empirical,empirical,7,0.3084,0.4667,
television table,15,7,switch,empirical,empirical,3,0.2658,0.2,
television table,15,8,plant pot,empirical,empirical,3,0.1877,0.2,
television table,15,9,curtain,empirical,empirical,6,0.1758,0.4,
television table,15,10,outlet,empirical,empirical,3,0.171,0.2,
temple,17,1,forecourt,empirical,empirical,9,0.6915,0.5294,
temple,17,2,person standing,empirical,empirical,5,0.2295,0.2941,
temple,17,3,staircase,empirical,empirical,3,0.2202,0.1765,
temple,17,4,person walking,empirical,empirical,3,0.1939,0.1765,
temple,17,5,steps,empirical,empirical,3,0.1857,0.1765,
temple,17,6,sky,empirical,empirical,16,0.1325,0.9412,
temple,17,7,tree,empirical,empirical,10,0.1109,0.5882,
temple,17,8,person,empirical,empirical,5,0.0942,0.2941,
temple,17,9,mountain,empirical,empirical,3,0.0937,0.1765,
temple,17,10,grass,empirical,empirical,3,0.0673,0.1765,
tennis court,13,1,net,empirical,empirical,11,0.7351,0.8462,
tennis court,13,2,fence,empirical,empirical,8,0.333,0.6154,
tennis court,13,3,bench,empirical,empirical,4,0.3007,0.3077,
tennis court,13,4,streetlight,empirical,empirical,4,0.2571,0.3077,
tennis court,13,5,ground,empirical,empirical,5,0.2037,0.3846,
tennis court,13,6,grass,empirical,empirical,4,0.1372,0.3077,
tennis court,13,7,tree,empirical,empirical,9,0.1312,0.6923,
tennis court,13,8,building,empirical,empirical,5,0.0765,0.3846,
tennis court,13,9,sky,empirical,empirical,8,0.064,0.6154,
tent,45,1,tree trunk,empirical,empirical,10,0.3335,0.2222,
tent,45,2,bicycle,empirical,empirical,3,0.2996,0.0667,
tent,45,3,backpack,empirical,empirical,3,0.2752,0.0667,
tent,45,4,ground,empirical,empirical,20,0.2682,0.4444,
tent,45,5,entrance,empirical,empirical,3,0.252,0.0667,
tent,45,6,grass,empirical,empirical,19,0.2166,0.4222,
tent,45,7,stone,empirical,empirical,4,0.2011,0.0889,
tent,45,8,bush,empirical,empirical,5,0.1898,0.1111,
tent,45,9,tree,empirical,empirical,32,0.1627,0.7111,
tent,45,10,bag,empirical,empirical,3,0.143,0.0667,
terrace,17,1,roof,empirical,empirical,3,0.4185,0.1765,
terrace,17,2,palm tree,empirical,empirical,4,0.3644,0.2353,
terrace,17,3,railing,empirical,empirical,4,0.2464,0.2353,
terrace,17,4,person sitting,empirical,empirical,3,0.1472,0.1765,
terrace,17,5,plant,empirical,empirical,7,0.1365,0.4118,
terrace,17,6,tree,empirical,empirical,8,0.078,0.4706,
terrace,17,7,table,empirical,empirical,4,0.0756,0.2353,
terrace,17,8,grass,empirical,empirical,3,0.0673,0.1765,
terrace,17,9,person,empirical,empirical,4,0.0646,0.2353,
terrace,17,10,sky,empirical,empirical,9,0.0447,0.5294,
test,48,1,brochure,empirical,empirical,5,0.446,0.1042,
test,48,2,conveyor belt,empirical,empirical,3,0.3268,0.0625,
test,48,3,printer,empirical,empirical,3,0.3081,0.0625,
test,48,4,blind,empirical,empirical,3,0.2847,0.0625,
test,48,5,side table,empirical,empirical,6,0.2818,0.125,
test,48,6,cuddly toy,empirical,empirical,3,0.2629,0.0625,
test,48,7,magazine,empirical,empirical,4,0.2514,0.0833,
test,48,8,poster,empirical,empirical,6,0.2512,0.125,
test,48,9,mug,empirical,empirical,3,0.2454,0.0625,
test,48,10,stool,empirical,empirical,6,0.2245,0.125,
text,344,1,shop window,empirical,empirical,33,0.3917,0.0959,
text,344,2,vending machine,empirical,empirical,15,0.3639,0.0436,
text,344,3,bulletin board,empirical,empirical,33,0.3389,0.0959,
text,344,4,sidewalk,empirical,empirical,110,0.3143,0.3198,
text,344,5,car taxi,empirical,empirical,3,0.302,0.0087,
text,344,6,brand name,empirical,empirical,15,0.299,0.0436,
text,344,7,check-in-desk,empirical,empirical,4,0.2982,0.0116,
text,344,8,ticket counter,empirical,empirical,3,0.2806,0.0087,
text,344,9,traffic cone,empirical,empirical,3,0.2806,0.0087,
text,344,10,person walking,empirical,empirical,55,0.2769,0.1599,
ticket counter,12,1,monitor,empirical,empirical,3,0.4642,0.25,
ticket counter,12,2,bulletin board,empirical,empirical,3,0.356,0.25,
ticket counter,12,3,fluorescent tube,empirical,empirical,3,0.2894,0.25,
ticket counter,12,4,text,empirical,empirical,3,0.2806,0.25,
ticket counter,12,5,person standing,empirical,empirical,5,0.273,0.4167,
ticket counter,12,6,fence,empirical,empirical,5,0.2648,0.4167,
ticket counter,12,7,sign,empirical,empirical,4,0.2118,0.3333,
ticket counter,12,8,person,empirical,empirical,7,0.1876,0.5833,
ticket counter,12,9,ceiling lamp,empirical,empirical,6,0.1388,0.5,
ticket counter,12,10,ceiling,empirical,empirical,10,0.1252,0.8333,
tile,28,1,knob,empirical,empirical,7,0.7115,0.25,
tile,28,2,handle,empirical,empirical,10,0.5732,0.3571,
tile,28,3,oven,empirical,empirical,8,0.4122,0.2857,
tile,28,4,drawer,empirical,empirical,11,0.3913,0.3929,
tile,28,5,sink,empirical,empirical,15,0.3814,0.5357,
tile,28,6,worktop,empirical,empirical,12,0.3459,0.4286,
tile,28,7,extractor hood,empirical,empirical,6,0.3446,0.2143,
tile,28,8,bathtub,empirical,empirical,3,0.3372,0.1071,
tile,28,9,stove,empirical,empirical,8,0.2977,0.2857,
tile,28,10,faucet,empirical,empirical,12,0.2973,0.4286,
tin,53,1,pantry,empirical,empirical,9,0.7015,0.1698,
tin,53,2,pack,empirical,empirical,7,0.534,0.1321,
tin,53,3,jar,empirical,empirical,19,0.4778,0.3585,
tin,53,4,food processor,empirical,empirical,4,0.4684,0.0755,
tin,53,5,cake,empirical,empirical,4,0.3841,0.0755,
tin,53,6,saucepan,empirical,empirical,3,0.3424,0.0566,
tin,53,7,cistern,empirical,empirical,3,0.3399,0.0566,
tin,53,8,can,empirical,empirical,6,0.3256,0.1132,
tin,53,9,ladder,empirical,empirical,4,0.3091,0.0755,
tin,53,10,box,empirical,empirical,23,0.2979,0.434,
tire,13,1,house,empirical,empirical,4,0.2678,0.3077,
tire,13,2,ground,empirical,empirical,7,0.2565,0.5385,
tire,13,3,pole,empirical,empirical,3,0.2526,0.2308,
tire,13,4,tree,empirical,empirical,6,0.0726,0.4615,
tire,13,5,sky,empirical,empirical,8,0.064,0.6154,
tire,13,6,person,empirical,empirical,3,0.0601,0.2308,
tire,13,7,door,empirical,empirical,3,0.0181,0.2308,
tissue box,65,1,hairbrush,empirical,empirical,3,0.4976,0.0462,
tissue box,65,2,soap dispenser,empirical,empirical,9,0.461,0.1385,
tissue box,65,3,toilet,empirical,empirical,21,0.4401,0.3231,
tissue box,65,4,countertop,empirical,empirical,17,0.4389,0.2615,
tissue box,65,5,tap wrench,empirical,empirical,5,0.4367,0.0769,
tissue box,65,6,soap dish,empirical,empirical,5,0.4232,0.0769,
tissue box,65,7,toilet lid,empirical,empirical,3,0.4222,0.0462,
tissue box,65,8,washbasin,empirical,empirical,21,0.4215,0.3231,
tissue box,65,9,toilet paper,empirical,empirical,9,0.4131,0.1385,
tissue box,65,10,towel,empirical,empirical,20,0.4,0.3077,
toaster,51,1,knife set,empirical,empirical,8,0.5929,0.1569,
toaster,51,2,microwave,empirical,empirical,32,0.5781,0.6275,
toaster,51,3,coffee maker,empirical,empirical,21,0.5669,0.4118,
toaster,51,4,worktop,empirical,empirical,48,0.5663,0.9412,
toaster,51,5,utensils canister,empirical,empirical,6,0.5548,0.1176,
toaster,51,6,food processor,empirical,empirical,6,0.5494,0.1176,
toaster,51,7,stove,empirical,empirical,39,0.5423,0.7647,
toaster,51,8,extractor hood,empirical,empirical,24,0.541,0.4706,
toaster,51,9,casserole,empirical,empirical,4,0.5301,0.0784,
toaster,51,10,blender,empirical,empirical,4,0.5149,0.0784,
toilet,269,1,toilet paper,empirical,empirical,85,0.7518,0.316,
toilet,269,2,washbasin,empirical,empirical,163,0.7514,0.6059,
toilet,269,3,cistern,empirical,empirical,41,0.6582,0.1524,
toilet,269,4,towel,empirical,empirical,122,0.6309,0.4535,
toilet,269,5,bathtube,empirical,empirical,75,0.6232,0.2788,
toilet,269,6,shower screen,empirical,empirical,50,0.6162,0.1859,
toilet,269,7,countertop,empirical,empirical,81,0.5971,0.3011,
toilet,269,8,toilet lid,empirical,empirical,18,0.5899,0.0669,
toilet,269,9,toilet brush,empirical,empirical,16,0.5877,0.0595,
toilet,269,10,faucet,empirical,empirical,178,0.5761,0.6617,
toilet brush,16,1,toilet,empirical,empirical,16,0.5877,1.0,
toilet brush,16,2,toilet paper,empirical,empirical,6,0.519,0.375,
toilet brush,16,3,washbasin,empirical,empirical,12,0.5065,0.75,
toilet brush,16,4,handle door,empirical,empirical,3,0.5054,0.1875,
toilet brush,16,5,shower screen,empirical,empirical,4,0.4631,0.25,
toilet brush,16,6,shower,empirical,empirical,4,0.4417,0.25,
toilet brush,16,7,bathtube,empirical,empirical,5,0.4267,0.3125,
toilet brush,16,8,pipe,empirical,empirical,5,0.4267,0.3125,
toilet brush,16,9,towel,empirical,empirical,8,0.4158,0.5,
toilet brush,16,10,mirror,empirical,empirical,14,0.3997,0.875,
toilet lid,19,1,toilet,empirical,empirical,18,0.5899,0.9474,
toilet lid,19,2,toilet paper,empirical,empirical,8,0.5542,0.4211,
toilet lid,19,3,cistern,empirical,empirical,4,0.5113,0.2105,
toilet lid,19,4,soap,empirical,empirical,4,0.4595,0.2105,
toilet lid,19,5,bathtube,empirical,empirical,6,0.438,0.3158,
toilet lid,19,6,tissue box,empirical,empirical,3,0.4222,0.1579,
toilet lid,19,7,towel,empirical,empirical,9,0.4151,0.4737,
toilet lid,19,8,washbasin,empirical,empirical,8,0.4026,0.4211,
toilet lid,19,9,handle,empirical,empirical,3,0.3964,0.1579,
toilet lid,19,10,bathtub,empirical,empirical,3,0.3827,0.1579,
toilet paper,97,1,toilet,empirical,empirical,85,0.7518,0.8763,
toilet paper,97,2,washbasin,empirical,empirical,51,0.5729,0.5258,
toilet paper,97,3,toilet lid,empirical,empirical,8,0.5542,0.0825,
toilet paper,97,4,towel,empirical,empirical,48,0.5436,0.4948,
toilet paper,97,5,countertop,empirical,empirical,33,0.5294,0.3402,
toilet paper,97,6,toilet brush,empirical,empirical,6,0.519,0.0619,
toilet paper,97,7,soap,empirical,empirical,16,0.5169,0.1649,
toilet paper,97,8,cistern,empirical,empirical,12,0.5156,0.1237,
toilet paper,97,9,bathtub,empirical,empirical,18,0.5087,0.1856,
toilet paper,97,10,bidet,empirical,empirical,7,0.4766,0.0722,
tomb,10,1,path,empirical,empirical,3,0.3044,0.3,
tomb,10,2,grass,empirical,empirical,7,0.2543,0.7,
tomb,10,3,building,empirical,empirical,5,0.1093,0.5,
tomb,10,4,tree,empirical,empirical,6,0.1062,0.6,
tomb,10,5,sky,empirical,empirical,5,0.0343,0.5,
tomb,10,6,window,empirical,empirical,4,0.0219,0.4,
tombstone,12,1,path,empirical,empirical,3,0.283,0.25,
tombstone,12,2,grass,empirical,empirical,9,0.2723,0.75,
tombstone,12,3,flower,empirical,empirical,4,0.2293,0.3333,
tombstone,12,4,mountain,empirical,empirical,4,0.1742,0.3333,
tombstone,12,5,building,empirical,empirical,9,0.1726,0.75,
tombstone,12,6,ground,empirical,empirical,3,0.141,0.25,
tombstone,12,7,sky,empirical,empirical,12,0.1357,1.0,
tombstone,12,8,plant,empirical,empirical,5,0.1322,0.4167,
tombstone,12,9,tree,empirical,empirical,8,0.1242,0.6667,
tombstone,12,10,road,empirical,empirical,3,0.087,0.25,
tool,10,1,workbench,empirical,empirical,3,0.636,0.3,
tool,10,2,fluorescent tube,empirical,empirical,3,0.3108,0.3,
tool,10,3,box,empirical,empirical,6,0.2882,0.6,
tool,10,4,shelf,empirical,empirical,5,0.2476,0.5,
tool,10,5,table,empirical,empirical,5,0.1719,0.5,
tool,10,6,cabinet,empirical,empirical,4,0.1341,0.4,
tool,10,7,floor,empirical,empirical,10,0.0979,1.0,
tool,10,8,ceiling,empirical,empirical,7,0.0966,0.7,
tool,10,9,door,empirical,empirical,4,0.0856,0.4,
tool,10,10,wall,empirical,empirical,10,0.0745,1.0,
toothbrush,10,1,soap,empirical,empirical,6,0.6172,0.6,
toothbrush,10,2,soap dish,empirical,empirical,3,0.5576,0.3,
toothbrush,10,3,bathtub,empirical,empirical,4,0.509,0.4,
toothbrush,10,4,toilet,empirical,empirical,7,0.4778,0.7,
toothbrush,10,5,towel,empirical,empirical,6,0.4238,0.6,
toothbrush,10,6,faucet,empirical,empirical,9,0.3858,0.9,
toothbrush,10,7,countertop,empirical,empirical,3,0.3656,0.3,
toothbrush,10,8,washbasin,empirical,empirical,4,0.3625,0.4,
toothbrush,10,9,glass,empirical,empirical,3,0.3357,0.3,
toothbrush,10,10,bottle,empirical,empirical,6,0.3352,0.6,
topiary,11,1,hedge,empirical,empirical,3,0.3989,0.2727,
topiary,11,2,ground,empirical,empirical,5,0.2246,0.4545,
topiary,11,3,grass,empirical,empirical,4,0.1575,0.3636,
topiary,11,4,tree,empirical,empirical,9,0.1538,0.8182,
topiary,11,5,plant,empirical,empirical,5,0.1431,0.4545,
topiary,11,6,sky,empirical,empirical,9,0.1034,0.8182,
topiary,11,7,building,empirical,empirical,3,0.0316,0.2727,
towel,327,1,washbasin,empirical,empirical,134,0.6374,0.4098,
towel,327,2,toilet,empirical,empirical,122,0.6309,0.3731,
towel,327,3,countertop,empirical,empirical,93,0.6021,0.2844,
towel,327,4,towel rack,empirical,empirical,36,0.601,0.1101,
towel,327,5,bathtub,empirical,empirical,50,0.5659,0.1529,
towel,327,6,soap,empirical,empirical,43,0.5655,0.1315,
towel,327,7,faucet,empirical,empirical,190,0.5549,0.581,
towel,327,8,toilet paper,empirical,empirical,48,0.5436,0.1468,
towel,327,9,bathtube,empirical,empirical,64,0.5403,0.1957,
towel,327,10,stall shower,empirical,empirical,23,0.5301,0.0703,
towel rack,44,1,towel,empirical,empirical,36,0.601,0.8182,
towel rack,44,2,shower curtain,empirical,empirical,5,0.5912,0.1136,
towel rack,44,3,bathtub,empirical,empirical,13,0.5512,0.2955,
towel rack,44,4,countertop,empirical,empirical,21,0.5445,0.4773,
towel rack,44,5,toilet,empirical,empirical,24,0.5305,0.5455,
towel rack,44,6,faucet,empirical,empirical,36,0.4587,0.8182,
towel rack,44,7,soap,empirical,empirical,7,0.4565,0.1591,
towel rack,44,8,bidet,empirical,empirical,3,0.4225,0.0682,
towel rack,44,9,shower,empirical,empirical,7,0.415,0.1591,
towel rack,44,10,mirror,empirical,empirical,30,0.4085,0.6818,
towel ring,15,1,washbasin,empirical,empirical,14,0.549,0.9333,
towel ring,15,2,towel,empirical,empirical,13,0.5224,0.8667,
towel ring,15,3,soap dispenser,empirical,empirical,4,0.4952,0.2667,
towel ring,15,4,toilet paper,empirical,empirical,4,0.452,0.2667,
towel ring,15,5,toilet,empirical,empirical,8,0.4502,0.5333,
towel ring,15,6,bathtube,empirical,empirical,5,0.4348,0.3333,
towel ring,15,7,faucet,empirical,empirical,11,0.3682,0.7333,
towel ring,15,8,countertop,empirical,empirical,4,0.3641,0.2667,
towel ring,15,9,bucket,empirical,empirical,3,0.2996,0.2,
towel ring,15,10,glass,empirical,empirical,3,0.2881,0.2,
tower,86,1,forecourt,empirical,empirical,4,0.3279,0.0465,
tower,86,2,dome,empirical,empirical,4,0.2812,0.0465,
tower,86,3,tank,empirical,empirical,3,0.2689,0.0349,
tower,86,4,aerial,empirical,empirical,3,0.2646,0.0349,
tower,86,5,clock,empirical,empirical,15,0.245,0.1744,
tower,86,6,building,empirical,empirical,65,0.2367,0.7558,
tower,86,7,skyscraper,empirical,empirical,10,0.229,0.1163,
tower,86,8,bridge,empirical,empirical,5,0.2183,0.0581,
tower,86,9,bus,empirical,empirical,3,0.2068,0.0349,
tower,86,10,flag,empirical,empirical,6,0.1983,0.0698,
toy,155,1,drawing,empirical,empirical,17,0.5011,0.1097,
toy,155,2,teddy bear,empirical,empirical,18,0.4913,0.1161,
toy,155,3,cuddly toy,empirical,empirical,23,0.4789,0.1484,
toy,155,4,doll,empirical,empirical,11,0.4772,0.071,
toy,155,5,mobile,empirical,empirical,5,0.434,0.0323,
toy,155,6,cradle,empirical,empirical,14,0.4289,0.0903,
toy,155,7,shelf,empirical,empirical,73,0.361,0.471,
toy,155,8,map,empirical,empirical,4,0.338,0.0258,
toy,155,9,rocking chair,empirical,empirical,3,0.3333,0.0194,
toy,155,10,box,empirical,empirical,60,0.329,0.3871,
track,32,1,train,empirical,empirical,5,0.5149,0.1562,
track,32,2,grandstand,empirical,empirical,10,0.4979,0.3125,
track,32,3,platform,empirical,empirical,5,0.471,0.1562,
track,32,4,bicycle,empirical,empirical,5,0.4251,0.1562,
track,32,5,handrail,empirical,empirical,6,0.3069,0.1875,
track,32,6,staircase,empirical,empirical,7,0.2726,0.2188,
track,32,7,fence,empirical,empirical,10,0.2505,0.3125,
track,32,8,gate,empirical,empirical,3,0.2489,0.0938,
track,32,9,pole,empirical,empirical,6,0.2484,0.1875,
track,32,10,sign,empirical,empirical,9,0.212,0.2812,
traffic cone,12,1,van,empirical,empirical,3,0.3402,0.25,
traffic cone,12,2,sign,empirical,empirical,7,0.3002,0.5833,
traffic cone,12,3,car,empirical,empirical,9,0.2938,0.75,
traffic cone,12,4,text,empirical,empirical,3,0.2806,0.25,
traffic cone,12,5,person walking,empirical,empirical,4,0.278,0.3333,
traffic cone,12,6,road,empirical,empirical,10,0.2659,0.8333,
traffic cone,12,7,fence,empirical,empirical,4,0.2305,0.3333,
traffic cone,12,8,streetlight,empirical,empirical,3,0.224,0.25,
traffic cone,12,9,person standing,empirical,empirical,3,0.1967,0.25,
traffic cone,12,10,grass,empirical,empirical,5,0.1789,0.4167,
traffic light,85,1,crosswalk,empirical,empirical,9,0.4373,0.1059,
traffic light,85,2,car,empirical,empirical,68,0.4159,0.8,
traffic light,85,3,fire hydrant,empirical,empirical,3,0.4109,0.0353,
traffic light,85,4,streetlight,empirical,empirical,35,0.3971,0.4118,
traffic light,85,5,sidewalk,empirical,empirical,53,0.3919,0.6235,
traffic light,85,6,road,empirical,empirical,77,0.3847,0.9059,
traffic light,85,7,car rear,empirical,empirical,6,0.3529,0.0706,
traffic light,85,8,pickup,empirical,empirical,3,0.3411,0.0353,
traffic light,85,9,sign,empirical,empirical,35,0.3224,0.4118,
traffic light,85,10,bus,empirical,empirical,6,0.3152,0.0706,
trailer,10,1,truck,empirical,empirical,3,0.361,0.3,
trailer,10,2,car,empirical,empirical,6,0.2501,0.6,
trailer,10,3,grass,empirical,empirical,3,0.1296,0.3,
trailer,10,4,tree,empirical,empirical,6,0.1062,0.6,
trailer,10,5,building,empirical,empirical,4,0.0792,0.4,
trailer,10,6,sky,empirical,empirical,6,0.0584,0.6,
train,38,1,railway,empirical,empirical,15,0.7915,0.3947,
train,38,2,platform,empirical,empirical,23,0.7909,0.6053,
train,38,3,track,empirical,empirical,5,0.5149,0.1316,
train,38,4,glass wall,empirical,empirical,3,0.3195,0.0789,
train,38,5,gate,empirical,empirical,3,0.2287,0.0789,
train,38,6,staircase,empirical,empirical,4,0.1652,0.1053,
train,38,7,sign,empirical,empirical,7,0.1499,0.1842,
train,38,8,building,empirical,empirical,20,0.1399,0.5263,
train,38,9,pole,empirical,empirical,3,0.1267,0.0789,
train,38,10,person walking,empirical,empirical,3,0.0995,0.0789,
trash can,106,1,kiosk,empirical,empirical,4,0.4334,0.0377,
trash can,106,2,exit sign,empirical,empirical,4,0.353,0.0377,
trash can,106,3,fire extinguisher,empirical,empirical,4,0.3162,0.0377,
trash can,106,4,towel rack,empirical,empirical,4,0.3105,0.0377,
trash can,106,5,rack,empirical,empirical,3,0.2931,0.0283,
trash can,106,6,tin,empirical,empirical,4,0.2879,0.0377,
trash can,106,7,vending machine,empirical,empirical,4,0.2879,0.0377,
trash can,106,8,bathtub,empirical,empirical,6,0.2855,0.0566,
trash can,106,9,handle,empirical,empirical,5,0.2708,0.0472,
trash can,106,10,saucepan,empirical,empirical,3,0.261,0.0283,
tray,292,1,bread roll,empirical,empirical,9,0.4453,0.0308,
tray,292,2,cake,empirical,empirical,17,0.4278,0.0582,
tray,292,3,cooky,empirical,empirical,6,0.4149,0.0205,
tray,292,4,fruit,empirical,empirical,22,0.4138,0.0753,
tray,292,5,plate,empirical,empirical,55,0.3787,0.1884,
tray,292,6,pepper,empirical,empirical,6,0.3782,0.0205,
tray,292,7,bowl,empirical,empirical,44,0.3777,0.1507,
tray,292,8,pitcher,empirical,empirical,23,0.3736,0.0788,
tray,292,9,canister,empirical,empirical,6,0.3704,0.0205,
tray,292,10,potted plant,empirical,empirical,4,0.3674,0.0137,
tree,3926,1,sky,empirical,empirical,3289,0.5206,0.8377,
tree,3926,2,grass,empirical,empirical,1217,0.4523,0.31,
tree,3926,3,building,empirical,empirical,1747,0.3527,0.445,
tree,3926,4,house,empirical,empirical,439,0.3373,0.1118,
tree,3926,5,ground,empirical,empirical,792,0.3352,0.2017,
tree,3926,6,road,empirical,empirical,1082,0.3189,0.2756,
tree,3926,7,tree trunk,empirical,empirical,268,0.3128,0.0683,
tree,3926,8,path,empirical,empirical,283,0.2938,0.0721,
tree,3926,9,car,empirical,empirical,774,0.2846,0.1971,
tree,3926,10,fence,empirical,empirical,505,0.2785,0.1286,
tree trunk,291,1,tree trunk fallen,empirical,empirical,9,0.5045,0.0309,
tree trunk,291,2,branch,empirical,empirical,14,0.4608,0.0481,
tree trunk,291,3,undergrowth,empirical,empirical,6,0.4387,0.0206,
tree trunk,291,4,leaf,empirical,empirical,4,0.3678,0.0137,
tree trunk,291,5,stone,empirical,empirical,40,0.3528,0.1375,
tree trunk,291,6,tent,empirical,empirical,10,0.3335,0.0344,
tree trunk,291,7,tree,empirical,empirical,268,0.3128,0.921,
tree trunk,291,8,headstone,empirical,empirical,3,0.3104,0.0103,
tree trunk,291,9,bush,empirical,empirical,42,0.303,0.1443,
tree trunk,291,10,river water,empirical,empirical,27,0.2737,0.0928,
tree trunk fallen,11,1,tree trunk,empirical,empirical,9,0.5045,0.8182,
tree trunk fallen,11,2,river water,empirical,empirical,5,0.4145,0.4545,
tree trunk fallen,11,3,stone,empirical,empirical,4,0.3723,0.3636,
tree trunk fallen,11,4,bush,empirical,empirical,5,0.3657,0.4545,
tree trunk fallen,11,5,tree,empirical,empirical,11,0.1858,1.0,
tree trunk fallen,11,6,sky,empirical,empirical,5,0.0224,0.4545,
trench,16,1,bush,empirical,empirical,6,0.3497,0.375,
trench,16,2,ground,empirical,empirical,13,0.3374,0.8125,
trench,16,3,person standing,empirical,empirical,5,0.2371,0.3125,
trench,16,4,mountain,empirical,empirical,7,0.2224,0.4375,
trench,16,5,person,empirical,empirical,8,0.1705,0.5,
trench,16,6,person sitting,empirical,empirical,3,0.1544,0.1875,
trench,16,7,sky,empirical,empirical,13,0.1078,0.8125,
trolley,80,1,conveyor belt,empirical,empirical,7,0.4068,0.0875,
trolley,80,2,workbench,empirical,empirical,3,0.3918,0.0375,
trolley,80,3,stretcher,empirical,empirical,3,0.3754,0.0375,
trolley,80,4,display,empirical,empirical,4,0.3657,0.05,
trolley,80,5,equipment,empirical,empirical,3,0.361,0.0375,
trolley,80,6,brochure,empirical,empirical,3,0.2993,0.0375,
trolley,80,7,suitcase,empirical,empirical,4,0.2849,0.05,
trolley,80,8,bag,empirical,empirical,12,0.2846,0.15,
trolley,80,9,vending machine,empirical,empirical,3,0.2774,0.0375,
trolley,80,10,fluorescent tube,empirical,empirical,11,0.2587,0.1375,
trophy,13,1,podium,empirical,empirical,5,0.7207,0.3846,
trophy,13,2,person standing,empirical,empirical,5,0.263,0.3846,
trophy,13,3,book,empirical,empirical,5,0.2621,0.3846,
trophy,13,4,picture,empirical,empirical,3,0.1425,0.2308,
trophy,13,5,curtain,empirical,empirical,4,0.1352,0.3077,
trophy,13,6,cabinet,empirical,empirical,5,0.1329,0.3846,
trophy,13,7,person,empirical,empirical,5,0.1277,0.3846,
trophy,13,8,painting,empirical,empirical,3,0.1044,0.2308,
trophy,13,9,door,empirical,empirical,5,0.0831,0.3846,
trophy,13,10,wall,empirical,empirical,12,0.0651,0.9231,
trousers,51,1,shirt,empirical,empirical,34,0.8196,0.6667,
trousers,51,2,sweater,empirical,empirical,16,0.7654,0.3137,
trousers,51,3,dress,empirical,empirical,23,0.7241,0.451,
trousers,51,4,hanger,empirical,empirical,22,0.7226,0.4314,
trousers,51,5,skirt,empirical,empirical,8,0.712,0.1569,
trousers,51,6,jacket,empirical,empirical,24,0.6847,0.4706,
trousers,51,7,t-shirt,empirical,empirical,13,0.6578,0.2549,
trousers,51,8,closet,empirical,empirical,9,0.652,0.1765,
trousers,51,9,shoe,empirical,empirical,21,0.6245,0.4118,
trousers,51,10,purse,empirical,empirical,17,0.5524,0.3333,
truck,208,1,weighbridge,empirical,empirical,10,0.5601,0.0481,
truck,208,2,runway,empirical,empirical,24,0.4757,0.1154,
truck,208,3,baggage cart,empirical,empirical,13,0.4747,0.0625,
truck,208,4,van,empirical,empirical,45,0.4739,0.2163,
truck,208,5,excavator,empirical,empirical,6,0.4694,0.0288,
truck,208,6,airplane,empirical,empirical,21,0.4366,0.101,
truck,208,7,car,empirical,empirical,132,0.4252,0.6346,
truck,208,8,finger,empirical,empirical,8,0.422,0.0385,
truck,208,9,license plate,empirical,empirical,4,0.4086,0.0192,
truck,208,10,control tower,empirical,empirical,6,0.4065,0.0288,
trunk,10,1,tree,empirical,empirical,6,0.1062,0.6,
trunk,10,2,sky,empirical,empirical,6,0.0584,0.6,
tub,15,1,water,empirical,empirical,9,0.3778,0.6,
tub,15,2,towel,empirical,empirical,3,0.2603,0.2,
tub,15,3,steps,empirical,empirical,3,0.2004,0.2,
tub,15,4,plant,empirical,empirical,7,0.1528,0.4667,
tub,15,5,person,empirical,empirical,4,0.0798,0.2667,
tub,15,6,floor,empirical,empirical,11,0.0563,0.7333,
tub,15,7,window,empirical,empirical,7,0.0436,0.4667,
tub,15,8,chair,empirical,empirical,3,0.0266,0.2,
tub,15,9,wall,empirical,empirical,10,0.019,0.6667,
tube,33,1,shower curtain,empirical,empirical,3,0.5296,0.0909,
tube,33,2,towel rack,empirical,empirical,3,0.4032,0.0909,
tube,33,3,countertop,empirical,empirical,8,0.3849,0.2424,
tube,33,4,bottle,empirical,empirical,18,0.3758,0.5455,
tube,33,5,shower screen,empirical,empirical,4,0.3752,0.1212,
tube,33,6,bathtube,empirical,empirical,6,0.3674,0.1818,
tube,33,7,shower,empirical,empirical,4,0.3538,0.1212,
tube,33,8,soap dispenser,empirical,empirical,3,0.3521,0.0909,
tube,33,9,washbasin,empirical,empirical,9,0.3505,0.2727,
tube,33,10,soap,empirical,empirical,3,0.3454,0.0909,
tumble dryer,23,1,washing machine,empirical,empirical,21,0.7865,0.913,
tumble dryer,23,2,sink,empirical,empirical,8,0.2923,0.3478,
tumble dryer,23,3,board,empirical,empirical,3,0.2835,0.1304,
tumble dryer,23,4,worktop,empirical,empirical,6,0.2518,0.2609,
tumble dryer,23,5,bucket,empirical,empirical,3,0.2494,0.1304,
tumble dryer,23,6,outlet,empirical,empirical,7,0.2446,0.3043,
tumble dryer,23,7,faucet,empirical,empirical,7,0.2318,0.3043,
tumble dryer,23,8,rug,empirical,empirical,4,0.2145,0.1739,
tumble dryer,23,9,fluorescent tube,empirical,empirical,3,0.2131,0.1304,
tumble dryer,23,10,cabinet,empirical,empirical,12,0.192,0.5217,
tunnel,23,1,bowling alley,empirical,empirical,3,0.6195,0.1304,
tunnel,23,2,platform,empirical,empirical,3,0.4216,0.1304,
tunnel,23,3,bridge,empirical,empirical,3,0.3001,0.1304,
tunnel,23,4,ball,empirical,empirical,3,0.2919,0.1304,
tunnel,23,5,sign,empirical,empirical,9,0.2565,0.3913,
tunnel,23,6,fence,empirical,empirical,7,0.2354,0.3043,
tunnel,23,7,road,empirical,empirical,13,0.2208,0.5652,
tunnel,23,8,mountain,empirical,empirical,9,0.2149,0.3913,
tunnel,23,9,bench,empirical,empirical,3,0.1898,0.1304,
tunnel,23,10,staircase,empirical,empirical,3,0.1847,0.1304,
umbrella,86,1,sidewalk cafe,empirical,empirical,9,0.5951,0.1047,
umbrella,86,2,swimming pool,empirical,empirical,7,0.4749,0.0814,
umbrella,86,3,baby carriage,empirical,empirical,3,0.4339,0.0349,
umbrella,86,4,deck chair,empirical,empirical,8,0.407,0.093,
umbrella,86,5,stall,empirical,empirical,5,0.376,0.0581,
umbrella,86,6,awning,empirical,empirical,11,0.3141,0.1279,
umbrella,86,7,attic,empirical,empirical,3,0.2962,0.0349,
umbrella,86,8,bicycle,empirical,empirical,4,0.2663,0.0465,
umbrella,86,9,person sitting,empirical,empirical,23,0.2577,0.2674,
umbrella,86,10,palm tree,empirical,empirical,6,0.228,0.0698,
undergrowth,10,1,tree trunk,empirical,empirical,6,0.4387,0.6,
undergrowth,10,2,ground,empirical,empirical,3,0.1624,0.3,
undergrowth,10,3,tree,empirical,empirical,8,0.1484,0.8,
undergrowth,10,4,sky,empirical,empirical,8,0.0988,0.8,
utensil,15,1,glasses,empirical,empirical,3,0.5227,0.2,
utensil,15,2,dishwasher,empirical,empirical,9,0.5092,0.6,
utensil,15,3,kettle,empirical,empirical,5,0.5075,0.3333,
utensil,15,4,stove,empirical,empirical,14,0.4912,0.9333,
utensil,15,5,toaster,empirical,empirical,3,0.4785,0.2,
utensil,15,6,dishcloth,empirical,empirical,4,0.4754,0.2667,
utensil,15,7,plate,empirical,empirical,9,0.4425,0.6,
utensil,15,8,cup,empirical,empirical,5,0.4174,0.3333,
utensil,15,9,pot,empirical,empirical,8,0.4172,0.5333,
utensil,15,10,teapot,empirical,empirical,3,0.4171,0.2,
utensils canister,23,1,casserole,empirical,empirical,4,0.6269,0.1739,
utensils canister,23,2,knife set,empirical,empirical,5,0.5988,0.2174,
utensils canister,23,3,baseboard,empirical,empirical,4,0.5648,0.1739,
utensils canister,23,4,toaster,empirical,empirical,6,0.5548,0.2609,
utensils canister,23,5,kettle,empirical,empirical,8,0.5448,0.3478,
utensils canister,23,6,hotpl,empirical,empirical,3,0.5442,0.1304,
utensils canister,23,7,microwave,empirical,empirical,15,0.5203,0.6522,
utensils canister,23,8,cutting board,empirical,empirical,3,0.512,0.1304,
utensils canister,23,9,dishwasher,empirical,empirical,12,0.5102,0.5217,
utensils canister,23,10,frying pan,empirical,empirical,3,0.5074,0.1304,
valley,23,1,hill,empirical,empirical,5,0.3698,0.2174,
valley,23,2,mountain,empirical,empirical,18,0.3401,0.7826,
valley,23,3,river water,empirical,empirical,5,0.3224,0.2174,
valley,23,4,snowy mountain,empirical,empirical,5,0.3036,0.2174,
valley,23,5,sky,empirical,empirical,22,0.1415,0.9565,
valley,23,6,tree,empirical,empirical,11,0.0837,0.4783,
valley,23,7,grass,empirical,empirical,4,0.0679,0.1739,
valley,23,8,building,empirical,empirical,6,0.0287,0.2609,
van,207,1,car,empirical,empirical,167,0.5008,0.8068,
van,207,2,truck,empirical,empirical,45,0.4739,0.2174,
van,207,3,road,empirical,empirical,159,0.4098,0.7681,
van,207,4,finger,empirical,empirical,7,0.3979,0.0338,
van,207,5,control tower,empirical,empirical,5,0.3751,0.0242,
van,207,6,crosswalk,empirical,empirical,12,0.3704,0.058,
van,207,7,bus,empirical,empirical,15,0.3608,0.0725,
van,207,8,sidewalk,empirical,empirical,87,0.3531,0.4203,
van,207,9,central reservation,empirical,empirical,19,0.3504,0.0918,
van,207,10,traffic cone,empirical,empirical,3,0.3402,0.0145,
van rear,11,1,car rear,empirical,empirical,8,0.6758,0.7273,
van rear,11,2,central reservation,empirical,empirical,4,0.4514,0.3636,
van rear,11,3,road,empirical,empirical,11,0.2947,1.0,
van rear,11,4,sign,empirical,empirical,6,0.2857,0.5455,
van rear,11,5,field,empirical,empirical,3,0.2767,0.2727,
van rear,11,6,car,empirical,empirical,6,0.2379,0.5455,
van rear,11,7,streetlight,empirical,empirical,3,0.2342,0.2727,
van rear,11,8,tree,empirical,empirical,9,0.1538,0.8182,
van rear,11,9,ground,empirical,empirical,3,0.1512,0.2727,
van rear,11,10,mountain,empirical,empirical,3,0.1448,0.2727,
van side,14,1,cars side,empirical,empirical,6,0.6739,0.4286,
van side,14,2,shop window,empirical,empirical,3,0.3758,0.2143,
van side,14,3,sidewalk,empirical,empirical,12,0.3549,0.8571,
van side,14,4,person walking,empirical,empirical,7,0.3511,0.5,
van side,14,5,van,empirical,empirical,3,0.3221,0.2143,
van side,14,6,balcony,empirical,empirical,3,0.316,0.2143,
van side,14,7,car,empirical,empirical,10,0.2914,0.7143,
van side,14,8,road,empirical,empirical,13,0.2912,0.9286,
van side,14,9,pole,empirical,empirical,3,0.2439,0.2143,
van side,14,10,building,empirical,empirical,13,0.2119,0.9286,
vase,765,1,flower,empirical,empirical,483,0.7351,0.6314,
vase,765,2,candleholder,empirical,empirical,52,0.4014,0.068,
vase,765,3,dried flower,empirical,empirical,16,0.3819,0.0209,
vase,765,4,fireplace,empirical,empirical,70,0.3786,0.0915,
vase,765,5,napkin,empirical,empirical,47,0.3785,0.0614,
vase,765,6,candle,empirical,empirical,53,0.3616,0.0693,
vase,765,7,plate,empirical,empirical,103,0.359,0.1346,
vase,765,8,chandelier,empirical,empirical,91,0.3424,0.119,
vase,765,9,candlestick,empirical,empirical,7,0.3416,0.0092,
vase,765,10,cushion,empirical,empirical,182,0.3366,0.2379,
vault,40,1,altar,empirical,empirical,12,0.5965,0.3,
vault,40,2,altarpiece,empirical,empirical,4,0.5131,0.1,
vault,40,3,mezzanine,empirical,empirical,3,0.438,0.075,
vault,40,4,pulpit,empirical,empirical,3,0.4337,0.075,
vault,40,5,cross,empirical,empirical,5,0.4239,0.125,
vault,40,6,bench,empirical,empirical,10,0.3099,0.25,
vault,40,7,sculpture,empirical,empirical,5,0.3022,0.125,
vault,40,8,steps,empirical,empirical,10,0.2638,0.25,
vault,40,9,column,empirical,empirical,11,0.2587,0.275,
vault,40,10,chandelier,empirical,empirical,5,0.2245,0.125,
vegetable,22,1,stall,empirical,empirical,5,0.5463,0.2273,
vegetable,22,2,fruit,empirical,empirical,3,0.3867,0.1364,
vegetable,22,3,napkin,empirical,empirical,3,0.3498,0.1364,
vegetable,22,4,pitcher,empirical,empirical,3,0.3487,0.1364,
vegetable,22,5,basket,empirical,empirical,9,0.3442,0.4091,
vegetable,22,6,awning,empirical,empirical,4,0.3182,0.1818,
vegetable,22,7,plate,empirical,empirical,5,0.2888,0.2273,
vegetable,22,8,cup,empirical,empirical,3,0.2874,0.1364,
vegetable,22,9,oven,empirical,empirical,3,0.2779,0.1364,
vegetable,22,10,bowl,empirical,empirical,3,0.2469,0.1364,
vending machine,53,1,table tennis,empirical,empirical,4,0.4454,0.0755,
vending machine,53,2,brand name,empirical,empirical,7,0.4137,0.1321,
vending machine,53,3,fire extinguisher,empirical,empirical,4,0.4004,0.0755,
vending machine,53,4,arcade machine,empirical,empirical,5,0.3969,0.0943,
vending machine,53,5,display,empirical,empirical,3,0.368,0.0566,
vending machine,53,6,text,empirical,empirical,15,0.3639,0.283,
vending machine,53,7,conveyor belt,empirical,empirical,3,0.3152,0.0566,
vending machine,53,8,shop window,empirical,empirical,5,0.2973,0.0943,
vending machine,53,9,lamppost,empirical,empirical,3,0.2965,0.0566,
vending machine,53,10,trash can,empirical,empirical,4,0.2879,0.0755,
vent,11,1,object,empirical,empirical,5,0.6621,0.4545,
vent,11,2,decorative plate,empirical,empirical,3,0.6248,0.2727,
vent,11,3,mug,empirical,empirical,3,0.4184,0.2727,
vent,11,4,paper,empirical,empirical,5,0.3826,0.4545,
vent,11,5,jar,empirical,empirical,3,0.3422,0.2727,
vent,11,6,bowl,empirical,empirical,3,0.3283,0.2727,
vent,11,7,screen,empirical,empirical,3,0.2713,0.2727,
vent,11,8,basket,empirical,empirical,3,0.2522,0.2727,
vent,11,9,desk,empirical,empirical,3,0.2346,0.2727,
vent,11,10,ceiling lamp,empirical,empirical,10,0.2302,0.9091,
video,21,1,monitor,empirical,empirical,3,0.3985,0.1429,
video,21,2,shelf,empirical,empirical,17,0.3633,0.8095,
video,21,3,poster,empirical,empirical,6,0.3568,0.2857,
video,21,4,stand,empirical,empirical,6,0.3325,0.2857,
video,21,5,sign,empirical,empirical,6,0.203,0.2857,
video,21,6,desk,empirical,empirical,4,0.1992,0.1905,
video,21,7,screen,empirical,empirical,3,0.1954,0.1429,
video,21,8,person standing,empirical,empirical,4,0.1705,0.1905,
video,21,9,picture,empirical,empirical,3,0.0862,0.1429,
video,21,10,wall,empirical,empirical,20,0.0749,0.9524,
village,13,1,field,empirical,empirical,5,0.3372,0.3846,
village,13,2,mountain,empirical,empirical,10,0.3104,0.7692,
village,13,3,tree,empirical,empirical,13,0.1902,1.0,
village,13,4,ground,empirical,empirical,3,0.1316,0.2308,
village,13,5,sky,empirical,empirical,11,0.1109,0.8462,
village,13,6,grass,empirical,empirical,3,0.0988,0.2308,
village,13,7,building,empirical,empirical,5,0.0765,0.3846,
vineyard,11,1,hill,empirical,empirical,3,0.3742,0.2727,
vineyard,11,2,field,empirical,empirical,5,0.3581,0.4545,
vineyard,11,3,path,empirical,empirical,3,0.2932,0.2727,
vineyard,11,4,house,empirical,empirical,4,0.2881,0.3636,
vineyard,11,5,mountain,empirical,empirical,3,0.1448,0.2727,
vineyard,11,6,tree,empirical,empirical,8,0.1357,0.7273,
vineyard,11,7,sky,empirical,empirical,11,0.134,1.0,
vineyard,11,8,building,empirical,empirical,4,0.0677,0.3636,
volcano,17,1,smoke,empirical,empirical,5,0.6872,0.2941,
volcano,17,2,land,empirical,empirical,3,0.3371,0.1765,
volcano,17,3,sky,empirical,empirical,15,0.1219,0.8824,
walkway,10,1,house,empirical,empirical,3,0.2557,0.3,
walkway,10,2,grass,empirical,empirical,4,0.1691,0.4,
walkway,10,3,tree,empirical,empirical,8,0.1484,0.8,
walkway,10,4,plant,empirical,empirical,4,0.1237,0.4,
walkway,10,5,door,empirical,empirical,4,0.0856,0.4,
walkway,10,6,sky,empirical,empirical,7,0.0796,0.7,
walkway,10,7,building,empirical,empirical,4,0.0792,0.4,
walkway,10,8,wall,empirical,empirical,6,0.0043,0.6,
wall,8711,1,floor,empirical,empirical,7102,0.6838,0.8153,
wall,8711,2,ceiling,empirical,empirical,4913,0.4699,0.564,
wall,8711,3,ceiling lamp,empirical,empirical,2459,0.2842,0.2823,
wall,8711,4,cabinet,empirical,empirical,1980,0.2658,0.2273,
wall,8711,5,chair,empirical,empirical,2262,0.2575,0.2597,
wall,8711,6,curtain,empirical,empirical,1500,0.2312,0.1722,
wall,8711,7,painting,empirical,empirical,1422,0.2304,0.1632,
wall,8711,8,table,empirical,empirical,1788,0.2283,0.2053,
wall,8711,9,bed,empirical,empirical,1345,0.2245,0.1544,
wall,8711,10,desk lamp,empirical,empirical,1248,0.2167,0.1433,
wall spotlight,56,1,stage,empirical,empirical,4,0.3169,0.0714,
wall spotlight,56,2,stand,empirical,empirical,11,0.3085,0.1964,
wall spotlight,56,3,brand name,empirical,empirical,3,0.2666,0.0536,
wall spotlight,56,4,clothes,empirical,empirical,3,0.2558,0.0536,
wall spotlight,56,5,pane,empirical,empirical,5,0.2408,0.0893,
wall spotlight,56,6,staircase,empirical,empirical,9,0.2402,0.1607,
wall spotlight,56,7,shop window,empirical,empirical,3,0.2131,0.0536,
wall spotlight,56,8,showcase,empirical,empirical,3,0.2003,0.0536,
wall spotlight,56,9,counter,empirical,empirical,5,0.1891,0.0893,
wall spotlight,56,10,sculpture,empirical,empirical,3,0.1846,0.0536,
wardrobe,269,1,sweater,empirical,empirical,19,0.5617,0.0706,
wardrobe,269,2,shirt,empirical,empirical,31,0.5235,0.1152,
wardrobe,269,3,trousers,empirical,empirical,23,0.4977,0.0855,
wardrobe,269,4,hanger,empirical,empirical,23,0.4779,0.0855,
wardrobe,269,5,dress,empirical,empirical,23,0.4676,0.0855,
wardrobe,269,6,skirt,empirical,empirical,6,0.4366,0.0223,
wardrobe,269,7,shoe,empirical,empirical,27,0.426,0.1004,
wardrobe,269,8,jacket,empirical,empirical,23,0.4171,0.0855,
wardrobe,269,9,bed,empirical,empirical,159,0.4142,0.5911,
wardrobe,269,10,t-shirt,empirical,empirical,12,0.4061,0.0446,
washbasin,304,1,toilet,empirical,empirical,163,0.7514,0.5362,
washbasin,304,2,bathtube,empirical,empirical,113,0.7343,0.3717,
washbasin,304,3,countertop,empirical,empirical,126,0.7191,0.4145,
washbasin,304,4,cistern,empirical,empirical,44,0.6573,0.1447,
washbasin,304,5,faucet,empirical,empirical,229,0.6418,0.7533,
washbasin,304,6,towel,empirical,empirical,134,0.6374,0.4408,
washbasin,304,7,soap dispenser,empirical,empirical,51,0.6354,0.1678,
washbasin,304,8,shower screen,empirical,empirical,54,0.6166,0.1776,
washbasin,304,9,mirror,empirical,empirical,218,0.6119,0.7171,
washbasin,304,10,tap wrench,empirical,empirical,27,0.5759,0.0888,
washing machine,78,1,tumble dryer,empirical,empirical,21,0.7865,0.2692,
washing machine,78,2,knob,empirical,empirical,3,0.421,0.0385,
washing machine,78,3,soap bottle,empirical,empirical,4,0.4027,0.0513,
washing machine,78,4,worktop,empirical,empirical,28,0.3643,0.359,
washing machine,78,5,sink,empirical,empirical,29,0.3632,0.3718,
washing machine,78,6,toaster,empirical,empirical,4,0.3298,0.0513,
washing machine,78,7,handle door,empirical,empirical,3,0.3195,0.0385,
washing machine,78,8,handle,empirical,empirical,5,0.3091,0.0641,
washing machine,78,9,microwave,empirical,empirical,11,0.2858,0.141,
washing machine,78,10,pipe,empirical,empirical,7,0.2828,0.0897,
wastepaper basket,35,1,desk organizer,empirical,empirical,6,0.5733,0.1714,
wastepaper basket,35,2,printer,empirical,empirical,10,0.5666,0.2857,
wastepaper basket,35,3,cpu,empirical,empirical,9,0.4924,0.2571,
wastepaper basket,35,4,mouse,empirical,empirical,9,0.4784,0.2571,
wastepaper basket,35,5,briefcase,empirical,empirical,4,0.4729,0.1143,
wastepaper basket,35,6,swivel chair,empirical,empirical,14,0.4591,0.4,
wastepaper basket,35,7,folder,empirical,empirical,5,0.4553,0.1429,
wastepaper basket,35,8,desk,empirical,empirical,24,0.4536,0.6857,
wastepaper basket,35,9,elevator door,empirical,empirical,3,0.4494,0.0857,
wastepaper basket,35,10,laptop,empirical,empirical,7,0.4409,0.2,
watchtower,14,1,spotlight,empirical,empirical,3,0.3732,0.2143,
watchtower,14,2,streetlight,empirical,empirical,3,0.2059,0.2143,
watchtower,14,3,fence,empirical,empirical,3,0.1708,0.2143,
watchtower,14,4,grass,empirical,empirical,4,0.1282,0.2857,
watchtower,14,5,sky,empirical,empirical,13,0.1267,0.9286,
watchtower,14,6,window,empirical,empirical,11,0.1185,0.7857,
watchtower,14,7,tree,empirical,empirical,5,0.039,0.3571,
watchtower,14,8,door,empirical,empirical,3,0.0094,0.2143,
water,546,1,jacuzzi,empirical,empirical,39,0.5117,0.0714,
water,546,2,dam,empirical,empirical,14,0.4312,0.0256,
water,546,3,dock,empirical,empirical,28,0.4088,0.0513,
water,546,4,tub,empirical,empirical,9,0.3778,0.0165,
water,546,5,footbridge,empirical,empirical,23,0.3609,0.0421,
water,546,6,boat,empirical,empirical,54,0.3571,0.0989,
water,546,7,covered bridge,empirical,empirical,6,0.3461,0.011,
water,546,8,rocky wall,empirical,empirical,9,0.3391,0.0165,
water,546,9,rock,empirical,empirical,74,0.3324,0.1355,
water,546,10,water wheel,empirical,empirical,5,0.3273,0.0092,
water bottle,22,1,paper,empirical,empirical,6,0.3262,0.2727,
water bottle,22,2,telephone,empirical,empirical,4,0.2944,0.1818,
water bottle,22,3,keyboard,empirical,empirical,3,0.2708,0.1364,
water bottle,22,4,glass,empirical,empirical,3,0.2432,0.1364,
water bottle,22,5,desk,empirical,empirical,5,0.2268,0.2273,
water bottle,22,6,person sitting,empirical,empirical,6,0.2159,0.2727,
water bottle,22,7,screen,empirical,empirical,3,0.19,0.1364,
water bottle,22,8,table,empirical,empirical,10,0.1751,0.4545,
water bottle,22,9,basket,empirical,empirical,3,0.1708,0.1364,
water bottle,22,10,faucet,empirical,empirical,4,0.1535,0.1818,
water fountain,54,1,pond,empirical,empirical,3,0.4885,0.0556,
water fountain,54,2,hedge,empirical,empirical,7,0.346,0.1296,
water fountain,54,3,arch,empirical,empirical,5,0.3447,0.0926,
water fountain,54,4,awning,empirical,empirical,6,0.2717,0.1111,
water fountain,54,5,streetlight,empirical,empirical,12,0.251,0.2222,
water fountain,54,6,statue,empirical,empirical,4,0.251,0.0741,
water fountain,54,7,bench,empirical,empirical,9,0.2509,0.1667,
water fountain,54,8,building,empirical,empirical,45,0.2386,0.8333,
water fountain,54,9,flag,empirical,empirical,5,0.2291,0.0926,
water fountain,54,10,sidewalk,empirical,empirical,15,0.2033,0.2778,
water lake,17,1,cloud,empirical,empirical,6,0.5476,0.3529,
water lake,17,2,hill,empirical,empirical,5,0.4075,0.2941,
water lake,17,3,grass,empirical,empirical,10,0.243,0.5882,
water lake,17,4,bush,empirical,empirical,3,0.2327,0.1765,
water lake,17,5,mountain,empirical,empirical,6,0.1906,0.3529,
water lake,17,6,tree,empirical,empirical,12,0.1393,0.7059,
water lake,17,7,sky,empirical,empirical,14,0.1109,0.8235,
water tower,21,1,ground,empirical,empirical,8,0.2152,0.381,
water tower,21,2,pole,empirical,empirical,3,0.1963,0.1429,
water tower,21,3,tree,empirical,empirical,19,0.1861,0.9048,
water tower,21,4,sky,empirical,empirical,20,0.1388,0.9524,
water tower,21,5,fence,empirical,empirical,3,0.1232,0.1429,
water tower,21,6,sidewalk,empirical,empirical,3,0.0868,0.1429,
water tower,21,7,building,empirical,empirical,8,0.0801,0.381,
water tower,21,8,road,empirical,empirical,4,0.057,0.1905,
water tower,21,9,grass,empirical,empirical,3,0.0425,0.1429,
water wheel,10,1,water,empirical,empirical,5,0.3273,0.5,
water wheel,10,2,ground,empirical,empirical,5,0.2365,0.5,
water wheel,10,3,plant,empirical,empirical,5,0.155,0.5,
water wheel,10,4,grass,empirical,empirical,3,0.1296,0.3,
water wheel,10,5,tree,empirical,empirical,7,0.1284,0.7,
water wheel,10,6,window,empirical,empirical,8,0.1158,0.8,
water wheel,10,7,sky,empirical,empirical,8,0.0988,0.8,
water wheel,10,8,building,empirical,empirical,4,0.0792,0.4,
waterfall,72,1,cliff,empirical,empirical,15,0.6503,0.2083,
waterfall,72,2,rock,empirical,empirical,33,0.4876,0.4583,
waterfall,72,3,rocky mountain,empirical,empirical,18,0.4636,0.25,
waterfall,72,4,water,empirical,empirical,17,0.2758,0.2361,
waterfall,72,5,bush,empirical,empirical,11,0.2546,0.1528,
waterfall,72,6,river water,empirical,empirical,8,0.2534,0.1111,
waterfall,72,7,stone,empirical,empirical,8,0.2492,0.1111,
waterfall,72,8,land,empirical,empirical,3,0.1677,0.0417,
waterfall,72,9,tree trunk,empirical,empirical,5,0.1594,0.0694,
waterfall,72,10,tree,empirical,empirical,38,0.1175,0.5278,
wave,20,1,sea water,empirical,empirical,19,0.4777,0.95,
wave,20,2,rock,empirical,empirical,3,0.2192,0.15,
wave,20,3,sky,empirical,empirical,16,0.1088,0.8,
weighbridge,12,1,license plate,empirical,empirical,3,0.6959,0.25,
weighbridge,12,2,windshield,empirical,empirical,3,0.5631,0.25,
weighbridge,12,3,truck,empirical,empirical,10,0.5601,0.8333,
weighbridge,12,4,road,empirical,empirical,9,0.248,0.75,
weighbridge,12,5,ground,empirical,empirical,4,0.1808,0.3333,
weighbridge,12,6,mirror,empirical,empirical,3,0.1803,0.25,
weighbridge,12,7,building,empirical,empirical,9,0.1726,0.75,
weighbridge,12,8,sky,empirical,empirical,11,0.122,0.9167,
weighbridge,12,9,window,empirical,empirical,8,0.0917,0.6667,
weighbridge,12,10,tree,empirical,empirical,6,0.0829,0.5,
wheat field,14,1,field,empirical,empirical,3,0.2483,0.2143,
wheat field,14,2,tree,empirical,empirical,12,0.1665,0.8571,
wheat field,14,3,mountain,empirical,empirical,4,0.1555,0.2857,
wheat field,14,4,sky,empirical,empirical,13,0.1267,0.9286,
wheat field,14,5,building,empirical,empirical,3,0.0033,0.2143,
wheel,26,1,conveyor belt,empirical,empirical,3,0.3988,0.1154,
wheel,26,2,shop window,empirical,empirical,3,0.3031,0.1154,
wheel,26,3,staircase,empirical,empirical,6,0.274,0.2308,
wheel,26,4,grille,empirical,empirical,3,0.2678,0.1154,
wheel,26,5,balcony,empirical,empirical,3,0.2434,0.1154,
wheel,26,6,flag,empirical,empirical,3,0.2412,0.1154,
wheel,26,7,car,empirical,empirical,11,0.2227,0.4231,
wheel,26,8,column,empirical,empirical,5,0.1886,0.1923,
wheel,26,9,road,empirical,empirical,10,0.1602,0.3846,
wheel,26,10,house,empirical,empirical,3,0.1436,0.1154,
wheelchair,10,1,fluorescent tube,empirical,empirical,3,0.3108,0.3,
wheelchair,10,2,person sitting,empirical,empirical,5,0.2867,0.5,
wheelchair,10,3,curtain,empirical,empirical,3,0.1277,0.3,
wheelchair,10,4,person,empirical,empirical,3,0.0909,0.3,
wheelchair,10,5,floor,empirical,empirical,9,0.0823,0.9,
wheelchair,10,6,ceiling,empirical,empirical,6,0.075,0.6,
wheelchair,10,7,ceiling lamp,empirical,empirical,3,0.0675,0.3,
wheelchair,10,8,wall,empirical,empirical,7,0.0245,0.7,
whiteboard,17,1,projector,empirical,empirical,4,0.6015,0.2353,
whiteboard,17,2,conference table,empirical,empirical,6,0.5748,0.3529,
whiteboard,17,3,object,empirical,empirical,3,0.5114,0.1765,
whiteboard,17,4,projection screen,empirical,empirical,5,0.5057,0.2941,
whiteboard,17,5,swivel chair,empirical,empirical,6,0.3934,0.3529,
whiteboard,17,6,poster,empirical,empirical,4,0.3156,0.2353,
whiteboard,17,7,paper,empirical,empirical,3,0.2485,0.1765,
whiteboard,17,8,television,empirical,empirical,3,0.2397,0.1765,
whiteboard,17,9,chair,empirical,empirical,14,0.2353,0.8235,
whiteboard,17,10,outlet,empirical,empirical,4,0.1967,0.2353,
windmill,23,1,field,empirical,empirical,5,0.266,0.2174,
windmill,23,2,house,empirical,empirical,5,0.2318,0.2174,
windmill,23,3,staircase,empirical,empirical,3,0.1847,0.1304,
windmill,23,4,fence,empirical,empirical,5,0.1835,0.2174,
windmill,23,5,sky,empirical,empirical,23,0.1493,1.0,
windmill,23,6,grass,empirical,empirical,7,0.1458,0.3043,
windmill,23,7,tree,empirical,empirical,16,0.143,0.6957,
windmill,23,8,person standing,empirical,empirical,3,0.1203,0.1304,
windmill,23,9,ground,empirical,empirical,4,0.1018,0.1739,
windmill,23,10,door,empirical,empirical,7,0.0562,0.3043,
window,5017,1,curtain,empirical,empirical,987,0.2446,0.1967,
window,5017,2,door,empirical,empirical,1596,0.212,0.3181,
window,5017,3,chair,empirical,empirical,1290,0.1946,0.2571,
window,5017,4,cushion,empirical,empirical,515,0.1912,0.1027,
window,5017,5,balcony,empirical,empirical,170,0.1892,0.0339,
window,5017,6,table,empirical,empirical,1046,0.1883,0.2085,
window,5017,7,ceiling fan,empirical,empirical,153,0.1817,0.0305,
window,5017,8,cabinet,empirical,empirical,1072,0.1806,0.2137,
window,5017,9,dishwasher,empirical,empirical,154,0.1759,0.0307,
window,5017,10,desk lamp,empirical,empirical,713,0.1742,0.1421,
window door,15,1,towel,empirical,empirical,3,0.2603,0.2,
window door,15,2,night table,empirical,empirical,6,0.2591,0.4,
window door,15,3,pillow,empirical,empirical,5,0.2555,0.3333,
window door,15,4,faucet,empirical,empirical,5,0.2334,0.3333,
window door,15,5,stove,empirical,empirical,3,0.2215,0.2,
window door,15,6,bed,empirical,empirical,7,0.2148,0.4667,
window door,15,7,worktop,empirical,empirical,3,0.2001,0.2,
window door,15,8,sink,empirical,empirical,3,0.1937,0.2,
window door,15,9,desk lamp,empirical,empirical,5,0.1728,0.3333,
window door,15,10,outlet,empirical,empirical,3,0.171,0.2,
windshield,31,1,dashboard,empirical,empirical,13,0.8565,0.4194,
windshield,31,2,steering wheel,empirical,empirical,9,0.7326,0.2903,
windshield,31,3,license plate,empirical,empirical,4,0.6399,0.129,
windshield,31,4,weighbridge,empirical,empirical,3,0.5631,0.0968,
windshield,31,5,door handle,empirical,empirical,5,0.5156,0.1613,
windshield,31,6,stick,empirical,empirical,3,0.448,0.0968,
windshield,31,7,seat,empirical,empirical,19,0.4439,0.6129,
windshield,31,8,separation,empirical,empirical,3,0.3742,0.0968,
windshield,31,9,truck,empirical,empirical,6,0.337,0.1935,
windshield,31,10,bus,empirical,empirical,3,0.3266,0.0968,
wine glass,14,1,grape,empirical,empirical,4,0.7143,0.2857,
wine glass,14,2,bread,empirical,empirical,4,0.6651,0.2857,
wine glass,14,3,cheese,empirical,empirical,3,0.6564,0.2143,
wine glass,14,4,decorative plate,empirical,empirical,3,0.5965,0.2143,
wine glass,14,5,cutting board,empirical,empirical,3,0.5703,0.2143,
wine glass,14,6,kettle,empirical,empirical,6,0.5515,0.4286,
wine glass,14,7,dishcloth,empirical,empirical,5,0.5252,0.3571,
wine glass,14,8,knife,empirical,empirical,4,0.5148,0.2857,
wine glass,14,9,bowl,empirical,empirical,9,0.4924,0.6429,
wine glass,14,10,plate,empirical,empirical,9,0.4518,0.6429,
wire,15,1,streetlight,empirical,empirical,3,0.1978,0.2,
wire,15,2,person standing,empirical,empirical,3,0.1705,0.2,
wire,15,3,sidewalk,empirical,empirical,4,0.1657,0.2667,
wire,15,4,car,empirical,empirical,4,0.1392,0.2667,
wire,15,5,road,empirical,empirical,4,0.0979,0.2667,
wire,15,6,building,empirical,empirical,5,0.0587,0.3333,
wire,15,7,sky,empirical,empirical,8,0.045,0.5333,
wire,15,8,wall,empirical,empirical,9,0.0046,0.6,
wire,15,9,tree,empirical,empirical,4,0.0024,0.2667,
wood wall,18,1,bench,empirical,empirical,5,0.2963,0.2778,
wood wall,18,2,sconce,empirical,empirical,4,0.1917,0.2222,
wood wall,18,3,ceiling lamp,empirical,empirical,5,0.0622,0.2778,
wood wall,18,4,person,empirical,empirical,3,0.0219,0.1667,
wood wall,18,5,door,empirical,empirical,4,0.0142,0.2222,
wood wall,18,6,floor,empirical,empirical,9,0.0031,0.5,
workbench,20,1,machinery,empirical,empirical,5,0.6897,0.25,
workbench,20,2,tool,empirical,empirical,3,0.636,0.15,
workbench,20,3,plank,empirical,empirical,3,0.4824,0.15,
workbench,20,4,trolley,empirical,empirical,3,0.3918,0.15,
workbench,20,5,board,empirical,empirical,5,0.3829,0.25,
workbench,20,6,pipe,empirical,empirical,4,0.3609,0.2,
workbench,20,7,notebook,empirical,empirical,3,0.3588,0.15,
workbench,20,8,can,empirical,empirical,3,0.3322,0.15,
workbench,20,9,fluorescent tube,empirical,empirical,5,0.3079,0.25,
workbench,20,10,box,empirical,empirical,11,0.3003,0.55,
worktop,546,1,stove,empirical,empirical,365,0.8324,0.6685,
worktop,546,2,sink,empirical,empirical,387,0.7967,0.7088,
worktop,546,3,dishwasher,empirical,empirical,185,0.7294,0.3388,
worktop,546,4,microwave,empirical,empirical,207,0.7125,0.3791,
worktop,546,5,extractor hood,empirical,empirical,182,0.7112,0.3333,
worktop,546,6,oven,empirical,empirical,165,0.7011,0.3022,
worktop,546,7,refrigerator,empirical,empirical,212,0.6872,0.3883,
worktop,546,8,faucet,empirical,empirical,336,0.6533,0.6154,
worktop,546,9,kettle,empirical,empirical,78,0.6115,0.1429,
worktop,546,10,coffee maker,empirical,empirical,107,0.6034,0.196,
